date,event_name,class,driver1,driver2,normalized_diff_per_60s,raw_diff_sec,driver1_time,driver2_time
2025-6-28,2025 Sediv Divisional,US,Evan Williams,Timmy Luporini,-0.955,-10.498,654.089,664.587
2025-10-17,2025 National Championship,US,Evan Williams,Ed Trudeau,-0.221,-2.581,700.500,703.081
2025-10-17,2025 National Championship,US,Evan Williams,Timothy Luporini,-0.607,-7.124,700.500,707.624
2025-10-17,2025 National Championship,US,Evan Williams,Jonathan Coatney,-4.121,-49.829,700.500,750.329
2025-10-17,2025 National Championship,US,Evan Williams,Stephen Parsons,-6.911,-85.615,700.500,786.115
2025-6-28,2025 Sediv Divisional,US,Timmy Luporini,Evan Williams,0.955,10.498,664.587,654.089
2025-6-28,2025 Sediv Divisional,RT,Steve Cerqueira,Ashley Roper,-1.792,-22.719,749.340,772.059
2025-6-28,2025 Sediv Divisional,RT,Steve Cerqueira,Eli Drennan,-1.908,-24.214,749.340,773.554
2025-6-28,2025 Sediv Divisional,RT,Steve Cerqueira,Meagan Cerqueira,-2.002,-25.428,749.340,774.768
2025-6-28,2025 Sediv Divisional,RT,Steve Cerqueira,Edwin Estep,-3.058,-39.192,749.340,788.532
2025-6-28,2025 Sediv Divisional,RT,Steve Cerqueira,Michael Donovan,-3.292,-42.269,749.340,791.609
2024-08-10,2024 Sediv Divisional,RT,Steve Cerqueira,Preston Niebuhr,-0.015,-0.168,655.406,655.574
2024-08-10,2024 Sediv Divisional,RT,Steve Cerqueira,Meagan Methered,-1.340,-14.800,655.406,670.206
2024-08-10,2024 Sediv Divisional,RT,Steve Cerqueira,Eli Drennan,-1.562,-17.293,655.406,672.699
2024-08-10,2024 Sediv Divisional,RT,Steve Cerqueira,Ashley Roper,-1.751,-19.405,655.406,674.811
2024-08-10,2024 Sediv Divisional,RT,Steve Cerqueira,Michael Donovan,-3.852,-43.470,655.406,698.876
2024-08-10,2024 Sediv Divisional,RT,Steve Cerqueira,Edwin Estep,-5.111,-58.315,655.406,713.721
2024-08-10,2024 Sediv Divisional,RT,Steve Cerqueira,Zachary Williams,-9.314,-110.302,655.406,765.708
2024-08-10,2024 Sediv Divisional,RT,Steve Cerqueira,Zachary Miller,-13.053,-159.985,655.406,815.391
2025-10-17,2025 National Championship,RT,Steve Cerqueira,Eli Drennan,8.410,125.692,959.602,833.910
2025-10-17,2025 National Championship,RT,Steve Cerqueira,Michael Donovan,6.559,99.460,959.602,860.142
2025-10-17,2025 National Championship,RT,Steve Cerqueira,Jody Trivette,5.376,82.289,959.602,877.313
2025-10-17,2025 National Championship,RT,Steve Cerqueira,Ashley Roper,1.771,27.918,959.602,931.684
2025-10-17,2025 National Championship,RT,Steve Cerqueira,Edwin Estep,-3.752,-61.949,959.602,1021.551
2025-10-17,2025 National Championship,RT,Steve Cerqueira,Meagan Cerqueira,-3.969,-65.642,959.602,1025.244
2025-6-28,2025 Sediv Divisional,RT,Ashley Roper,Steve Cerqueira,1.792,22.719,772.059,749.340
2025-6-28,2025 Sediv Divisional,RT,Ashley Roper,Eli Drennan,-0.116,-1.495,772.059,773.554
2025-6-28,2025 Sediv Divisional,RT,Ashley Roper,Meagan Cerqueira,-0.210,-2.709,772.059,774.768
2025-6-28,2025 Sediv Divisional,RT,Ashley Roper,Edwin Estep,-1.267,-16.473,772.059,788.532
2025-6-28,2025 Sediv Divisional,RT,Ashley Roper,Michael Donovan,-1.500,-19.550,772.059,791.609
2024-08-10,2024 Sediv Divisional,RT,Ashley Roper,Steve Cerqueira,1.751,19.405,674.811,655.406
2024-08-10,2024 Sediv Divisional,RT,Ashley Roper,Preston Niebuhr,1.735,19.237,674.811,655.574
2024-08-10,2024 Sediv Divisional,RT,Ashley Roper,Meagan Methered,0.411,4.605,674.811,670.206
2024-08-10,2024 Sediv Divisional,RT,Ashley Roper,Eli Drennan,0.188,2.112,674.811,672.699
2024-08-10,2024 Sediv Divisional,RT,Ashley Roper,Michael Donovan,-2.102,-24.065,674.811,698.876
2024-08-10,2024 Sediv Divisional,RT,Ashley Roper,Edwin Estep,-3.363,-38.910,674.811,713.721
2024-08-10,2024 Sediv Divisional,RT,Ashley Roper,Zachary Williams,-7.572,-90.897,674.811,765.708
2024-08-10,2024 Sediv Divisional,RT,Ashley Roper,Zachary Miller,-11.320,-140.580,674.811,815.391
2025-10-17,2025 National Championship,RT,Ashley Roper,Eli Drennan,6.645,97.774,931.684,833.910
2025-10-17,2025 National Championship,RT,Ashley Roper,Michael Donovan,4.791,71.542,931.684,860.142
2025-10-17,2025 National Championship,RT,Ashley Roper,Jody Trivette,3.607,54.371,931.684,877.313
2025-10-17,2025 National Championship,RT,Ashley Roper,Steve Cerqueira,-1.771,-27.918,931.684,959.602
2025-10-17,2025 National Championship,RT,Ashley Roper,Edwin Estep,-5.521,-89.867,931.684,1021.551
2025-10-17,2025 National Championship,RT,Ashley Roper,Meagan Cerqueira,-5.737,-93.560,931.684,1025.244
2025-6-28,2025 Sediv Divisional,RT,Eli Drennan,Steve Cerqueira,1.908,24.214,773.554,749.340
2025-6-28,2025 Sediv Divisional,RT,Eli Drennan,Ashley Roper,0.116,1.495,773.554,772.059
2025-6-28,2025 Sediv Divisional,RT,Eli Drennan,Meagan Cerqueira,-0.094,-1.214,773.554,774.768
2025-6-28,2025 Sediv Divisional,RT,Eli Drennan,Edwin Estep,-1.151,-14.978,773.554,788.532
2025-6-28,2025 Sediv Divisional,RT,Eli Drennan,Michael Donovan,-1.384,-18.055,773.554,791.609
2024-08-10,2024 Sediv Divisional,RT,Eli Drennan,Steve Cerqueira,1.562,17.293,672.699,655.406
2024-08-10,2024 Sediv Divisional,RT,Eli Drennan,Preston Niebuhr,1.547,17.125,672.699,655.574
2024-08-10,2024 Sediv Divisional,RT,Eli Drennan,Meagan Methered,0.223,2.493,672.699,670.206
2024-08-10,2024 Sediv Divisional,RT,Eli Drennan,Ashley Roper,-0.188,-2.112,672.699,674.811
2024-08-10,2024 Sediv Divisional,RT,Eli Drennan,Michael Donovan,-2.290,-26.177,672.699,698.876
2024-08-10,2024 Sediv Divisional,RT,Eli Drennan,Edwin Estep,-3.551,-41.022,672.699,713.721
2024-08-10,2024 Sediv Divisional,RT,Eli Drennan,Zachary Williams,-7.759,-93.009,672.699,765.708
2024-08-10,2024 Sediv Divisional,RT,Eli Drennan,Zachary Miller,-11.507,-142.692,672.699,815.391
2025-10-17,2025 National Championship,RT,Eli Drennan,Michael Donovan,-1.858,-26.232,833.910,860.142
2025-10-17,2025 National Championship,RT,Eli Drennan,Jody Trivette,-3.044,-43.403,833.910,877.313
2025-10-17,2025 National Championship,RT,Eli Drennan,Ashley Roper,-6.645,-97.774,833.910,931.684
2025-10-17,2025 National Championship,RT,Eli Drennan,Steve Cerqueira,-8.410,-125.692,833.910,959.602
2025-10-17,2025 National Championship,RT,Eli Drennan,Edwin Estep,-12.135,-187.641,833.910,1021.551
2025-10-17,2025 National Championship,RT,Eli Drennan,Meagan Cerqueira,-12.350,-191.334,833.910,1025.244
2025-6-28,2025 Sediv Divisional,RT,Meagan Cerqueira,Steve Cerqueira,2.002,25.428,774.768,749.340
2025-6-28,2025 Sediv Divisional,RT,Meagan Cerqueira,Ashley Roper,0.210,2.709,774.768,772.059
2025-6-28,2025 Sediv Divisional,RT,Meagan Cerqueira,Eli Drennan,0.094,1.214,774.768,773.554
2025-6-28,2025 Sediv Divisional,RT,Meagan Cerqueira,Edwin Estep,-1.057,-13.764,774.768,788.532
2025-6-28,2025 Sediv Divisional,RT,Meagan Cerqueira,Michael Donovan,-1.290,-16.841,774.768,791.609
2025-10-17,2025 National Championship,RT,Meagan Cerqueira,Eli Drennan,12.350,191.334,1025.244,833.910
2025-10-17,2025 National Championship,RT,Meagan Cerqueira,Michael Donovan,10.508,165.102,1025.244,860.142
2025-10-17,2025 National Championship,RT,Meagan Cerqueira,Jody Trivette,9.330,147.931,1025.244,877.313
2025-10-17,2025 National Championship,RT,Meagan Cerqueira,Ashley Roper,5.737,93.560,1025.244,931.684
2025-10-17,2025 National Championship,RT,Meagan Cerqueira,Steve Cerqueira,3.969,65.642,1025.244,959.602
2025-10-17,2025 National Championship,RT,Meagan Cerqueira,Edwin Estep,0.217,3.693,1025.244,1021.551
2025-6-28,2025 Sediv Divisional,RT,Edwin Estep,Steve Cerqueira,3.058,39.192,788.532,749.340
2025-6-28,2025 Sediv Divisional,RT,Edwin Estep,Ashley Roper,1.267,16.473,788.532,772.059
2025-6-28,2025 Sediv Divisional,RT,Edwin Estep,Eli Drennan,1.151,14.978,788.532,773.554
2025-6-28,2025 Sediv Divisional,RT,Edwin Estep,Meagan Cerqueira,1.057,13.764,788.532,774.768
2025-6-28,2025 Sediv Divisional,RT,Edwin Estep,Michael Donovan,-0.234,-3.077,788.532,791.609
2024-08-10,2024 Sediv Divisional,RT,Edwin Estep,Steve Cerqueira,5.111,58.315,713.721,655.406
2024-08-10,2024 Sediv Divisional,RT,Edwin Estep,Preston Niebuhr,5.096,58.147,713.721,655.574
2024-08-10,2024 Sediv Divisional,RT,Edwin Estep,Meagan Methered,3.773,43.515,713.721,670.206
2024-08-10,2024 Sediv Divisional,RT,Edwin Estep,Eli Drennan,3.551,41.022,713.721,672.699
2024-08-10,2024 Sediv Divisional,RT,Edwin Estep,Ashley Roper,3.363,38.910,713.721,674.811
2024-08-10,2024 Sediv Divisional,RT,Edwin Estep,Michael Donovan,1.261,14.845,713.721,698.876
2024-08-10,2024 Sediv Divisional,RT,Edwin Estep,Zachary Williams,-4.217,-51.987,713.721,765.708
2024-08-10,2024 Sediv Divisional,RT,Edwin Estep,Zachary Miller,-7.979,-101.670,713.721,815.391
2025-10-17,2025 National Championship,RT,Edwin Estep,Eli Drennan,12.135,187.641,1021.551,833.910
2025-10-17,2025 National Championship,RT,Edwin Estep,Michael Donovan,10.293,161.409,1021.551,860.142
2025-10-17,2025 National Championship,RT,Edwin Estep,Jody Trivette,9.115,144.238,1021.551,877.313
2025-10-17,2025 National Championship,RT,Edwin Estep,Ashley Roper,5.521,89.867,1021.551,931.684
2025-10-17,2025 National Championship,RT,Edwin Estep,Steve Cerqueira,3.752,61.949,1021.551,959.602
2025-10-17,2025 National Championship,RT,Edwin Estep,Meagan Cerqueira,-0.217,-3.693,1021.551,1025.244
2025-6-28,2025 Sediv Divisional,RT,Michael Donovan,Steve Cerqueira,3.292,42.269,791.609,749.340
2025-6-28,2025 Sediv Divisional,RT,Michael Donovan,Ashley Roper,1.500,19.550,791.609,772.059
2025-6-28,2025 Sediv Divisional,RT,Michael Donovan,Eli Drennan,1.384,18.055,791.609,773.554
2025-6-28,2025 Sediv Divisional,RT,Michael Donovan,Meagan Cerqueira,1.290,16.841,791.609,774.768
2025-6-28,2025 Sediv Divisional,RT,Michael Donovan,Edwin Estep,0.234,3.077,791.609,788.532
2024-08-10,2024 Sediv Divisional,RT,Michael Donovan,Steve Cerqueira,3.852,43.470,698.876,655.406
2024-08-10,2024 Sediv Divisional,RT,Michael Donovan,Preston Niebuhr,3.836,43.302,698.876,655.574
2024-08-10,2024 Sediv Divisional,RT,Michael Donovan,Meagan Methered,2.513,28.670,698.876,670.206
2024-08-10,2024 Sediv Divisional,RT,Michael Donovan,Eli Drennan,2.290,26.177,698.876,672.699
2024-08-10,2024 Sediv Divisional,RT,Michael Donovan,Ashley Roper,2.102,24.065,698.876,674.811
2024-08-10,2024 Sediv Divisional,RT,Michael Donovan,Edwin Estep,-1.261,-14.845,698.876,713.721
2024-08-10,2024 Sediv Divisional,RT,Michael Donovan,Zachary Williams,-5.476,-66.832,698.876,765.708
2024-08-10,2024 Sediv Divisional,RT,Michael Donovan,Zachary Miller,-9.233,-116.515,698.876,815.391
2025-10-17,2025 National Championship,RT,Michael Donovan,Eli Drennan,1.858,26.232,860.142,833.910
2025-10-17,2025 National Championship,RT,Michael Donovan,Jody Trivette,-1.186,-17.171,860.142,877.313
2025-10-17,2025 National Championship,RT,Michael Donovan,Ashley Roper,-4.791,-71.542,860.142,931.684
2025-10-17,2025 National Championship,RT,Michael Donovan,Steve Cerqueira,-6.559,-99.460,860.142,959.602
2025-10-17,2025 National Championship,RT,Michael Donovan,Edwin Estep,-10.293,-161.409,860.142,1021.551
2025-10-17,2025 National Championship,RT,Michael Donovan,Meagan Cerqueira,-10.508,-165.102,860.142,1025.244
2025-6-28,2025 Sediv Divisional,SF,Ryan Finch,Chris Raglin,-1.420,-15.776,658.659,674.435
2025-6-28,2025 Sediv Divisional,SF,Ryan Finch,Tom Harrington,-1.924,-21.467,658.659,680.126
2025-6-28,2025 Sediv Divisional,SF,Ryan Finch,Shawna Bowman,-2.474,-27.733,658.659,686.392
2025-6-28,2025 Sediv Divisional,SF,Ryan Finch,Alicia Harrington,-6.750,-78.514,658.659,737.173
2025-10-17,2025 National Championship,SF,Ryan Finch,Tom Harrington,0.944,12.036,771.242,759.206
2025-10-17,2025 National Championship,SF,Ryan Finch,Chris Raglin,0.753,9.614,771.242,761.628
2025-10-17,2025 National Championship,SF,Ryan Finch,Hubert Borowski,-0.692,-8.942,771.242,780.184
2025-10-17,2025 National Championship,SF,Ryan Finch,Shawna Bowman,-0.925,-11.979,771.242,783.221
2025-10-17,2025 National Championship,SF,Ryan Finch,Harold Denham,-3.059,-40.354,771.242,811.596
2025-10-17,2025 National Championship,SF,Ryan Finch,Alicia Harrington,-4.275,-56.983,771.242,828.225
2025-10-17,2025 National Championship,SF,Ryan Finch,Keith Lightfoot,-4.620,-61.760,771.242,833.002
2025-10-17,2025 National Championship,SF,Ryan Finch,Kane Nale,-13.363,-193.299,771.242,964.541
2025-6-28,2025 Sediv Divisional,SF,Chris Raglin,Ryan Finch,1.420,15.776,674.435,658.659
2025-6-28,2025 Sediv Divisional,SF,Chris Raglin,Tom Harrington,-0.504,-5.691,674.435,680.126
2025-6-28,2025 Sediv Divisional,SF,Chris Raglin,Shawna Bowman,-1.054,-11.957,674.435,686.392
2025-6-28,2025 Sediv Divisional,SF,Chris Raglin,Alicia Harrington,-5.333,-62.738,674.435,737.173
2025-10-17,2025 National Championship,SF,Chris Raglin,Tom Harrington,0.191,2.422,761.628,759.206
2025-10-17,2025 National Championship,SF,Chris Raglin,Ryan Finch,-0.753,-9.614,761.628,771.242
2025-10-17,2025 National Championship,SF,Chris Raglin,Hubert Borowski,-1.444,-18.556,761.628,780.184
2025-10-17,2025 National Championship,SF,Chris Raglin,Shawna Bowman,-1.677,-21.593,761.628,783.221
2025-10-17,2025 National Championship,SF,Chris Raglin,Harold Denham,-3.811,-49.968,761.628,811.596
2025-10-17,2025 National Championship,SF,Chris Raglin,Alicia Harrington,-5.027,-66.597,761.628,828.225
2025-10-17,2025 National Championship,SF,Chris Raglin,Keith Lightfoot,-5.371,-71.374,761.628,833.002
2025-10-17,2025 National Championship,SF,Chris Raglin,Kane Nale,-14.106,-202.913,761.628,964.541
2025-6-28,2025 Sediv Divisional,SF,Tom Harrington,Ryan Finch,1.924,21.467,680.126,658.659
2025-6-28,2025 Sediv Divisional,SF,Tom Harrington,Chris Raglin,0.504,5.691,680.126,674.435
2025-6-28,2025 Sediv Divisional,SF,Tom Harrington,Shawna Bowman,-0.550,-6.266,680.126,686.392
2025-6-28,2025 Sediv Divisional,SF,Tom Harrington,Alicia Harrington,-4.830,-57.047,680.126,737.173
2024-08-10,2024 Sediv Divisional,SF,Tom Harrington,Shawna Bowman,-0.576,-5.782,598.943,604.725
2024-08-10,2024 Sediv Divisional,SF,Tom Harrington,Johnny Brewster,-1.965,-19.946,598.943,618.889
2024-08-10,2024 Sediv Divisional,SF,Tom Harrington,Kane Nale,-5.564,-58.244,598.943,657.187
2025-10-17,2025 National Championship,SF,Tom Harrington,Chris Raglin,-0.191,-2.422,759.206,761.628
2025-10-17,2025 National Championship,SF,Tom Harrington,Ryan Finch,-0.944,-12.036,759.206,771.242
2025-10-17,2025 National Championship,SF,Tom Harrington,Hubert Borowski,-1.635,-20.978,759.206,780.184
2025-10-17,2025 National Championship,SF,Tom Harrington,Shawna Bowman,-1.868,-24.015,759.206,783.221
2025-10-17,2025 National Championship,SF,Tom Harrington,Harold Denham,-4.002,-52.390,759.206,811.596
2025-10-17,2025 National Championship,SF,Tom Harrington,Alicia Harrington,-5.217,-69.019,759.206,828.225
2025-10-17,2025 National Championship,SF,Tom Harrington,Keith Lightfoot,-5.562,-73.796,759.206,833.002
2025-10-17,2025 National Championship,SF,Tom Harrington,Kane Nale,-14.295,-205.335,759.206,964.541
2024-10-18,2024 National Championships,SF,Tom Harrington,Donald Carl,0.219,2.585,708.448,705.863
2024-10-18,2024 National Championships,SF,Tom Harrington,Hubert Borowski,-0.059,-0.699,708.448,709.147
2024-10-18,2024 National Championships,SF,Tom Harrington,Vincent Dozeman,-1.238,-14.771,708.448,723.219
2024-10-18,2024 National Championships,SF,Tom Harrington,Shawna Bowman,-2.090,-25.118,708.448,733.566
2024-10-18,2024 National Championships,SF,Tom Harrington,Johnny Brewster,-2.668,-32.221,708.448,740.669
2024-10-18,2024 National Championships,SF,Tom Harrington,Lee Reynolds,-3.393,-41.230,708.448,749.678
2024-10-18,2024 National Championships,SF,Tom Harrington,Samantha Steelman,-3.524,-42.869,708.448,751.317
2024-10-18,2024 National Championships,SF,Tom Harrington,Kane Nale,-6.884,-86.234,708.448,794.682
2024-10-18,2024 National Championships,SF,Tom Harrington,Chris Crafford,-7.060,-88.571,708.448,797.019
2025-6-28,2025 Sediv Divisional,SF,Shawna Bowman,Ryan Finch,2.474,27.733,686.392,658.659
2025-6-28,2025 Sediv Divisional,SF,Shawna Bowman,Chris Raglin,1.054,11.957,686.392,674.435
2025-6-28,2025 Sediv Divisional,SF,Shawna Bowman,Tom Harrington,0.550,6.266,686.392,680.126
2025-6-28,2025 Sediv Divisional,SF,Shawna Bowman,Alicia Harrington,-4.281,-50.781,686.392,737.173
2024-08-10,2024 Sediv Divisional,SF,Shawna Bowman,Tom Harrington,0.576,5.782,604.725,598.943
2024-08-10,2024 Sediv Divisional,SF,Shawna Bowman,Johnny Brewster,-1.389,-14.164,604.725,618.889
2024-08-10,2024 Sediv Divisional,SF,Shawna Bowman,Kane Nale,-4.989,-52.462,604.725,657.187
2025-10-17,2025 National Championship,SF,Shawna Bowman,Tom Harrington,1.868,24.015,783.221,759.206
2025-10-17,2025 National Championship,SF,Shawna Bowman,Chris Raglin,1.677,21.593,783.221,761.628
2025-10-17,2025 National Championship,SF,Shawna Bowman,Ryan Finch,0.925,11.979,783.221,771.242
2025-10-17,2025 National Championship,SF,Shawna Bowman,Hubert Borowski,0.233,3.037,783.221,780.184
2025-10-17,2025 National Championship,SF,Shawna Bowman,Harold Denham,-2.135,-28.375,783.221,811.596
2025-10-17,2025 National Championship,SF,Shawna Bowman,Alicia Harrington,-3.351,-45.004,783.221,828.225
2025-10-17,2025 National Championship,SF,Shawna Bowman,Keith Lightfoot,-3.696,-49.781,783.221,833.002
2025-10-17,2025 National Championship,SF,Shawna Bowman,Kane Nale,-12.449,-181.320,783.221,964.541
2022-09-23,2022 National Championships,SF,Shawna Bowman,Dwight Wood,3.095,28.787,572.532,543.745
2022-09-23,2022 National Championships,SF,Shawna Bowman,Evan Markewycz,2.209,20.701,572.532,551.831
2022-09-23,2022 National Championships,SF,Shawna Bowman,Antonio Serracino,2.031,19.056,572.532,553.476
2022-09-23,2022 National Championships,SF,Shawna Bowman,Brett Nelson,1.537,14.482,572.532,558.050
2022-09-23,2022 National Championships,SF,Shawna Bowman,Brian Cather,0.900,8.527,572.532,564.005
2022-09-23,2022 National Championships,SF,Shawna Bowman,Wallace Wood,0.739,7.005,572.532,565.527
2022-09-23,2022 National Championships,SF,Shawna Bowman,Chris Whitney,0.334,3.174,572.532,569.358
2022-09-23,2022 National Championships,SF,Shawna Bowman,Chris Ollenburg,0.086,0.819,572.532,571.713
2022-09-23,2022 National Championships,SF,Shawna Bowman,Caleb Warren,-0.167,-1.598,572.532,574.130
2022-09-23,2022 National Championships,SF,Shawna Bowman,Josh Armantrout,-4.447,-44.064,572.532,616.596
2024-10-18,2024 National Championships,SF,Shawna Bowman,Donald Carl,2.309,27.703,733.566,705.863
2024-10-18,2024 National Championships,SF,Shawna Bowman,Tom Harrington,2.090,25.118,733.566,708.448
2024-10-18,2024 National Championships,SF,Shawna Bowman,Hubert Borowski,2.031,24.419,733.566,709.147
2024-10-18,2024 National Championships,SF,Shawna Bowman,Vincent Dozeman,0.852,10.347,733.566,723.219
2024-10-18,2024 National Championships,SF,Shawna Bowman,Johnny Brewster,-0.578,-7.103,733.566,740.669
2024-10-18,2024 National Championships,SF,Shawna Bowman,Lee Reynolds,-1.304,-16.112,733.566,749.678
2024-10-18,2024 National Championships,SF,Shawna Bowman,Samantha Steelman,-1.435,-17.751,733.566,751.317
2024-10-18,2024 National Championships,SF,Shawna Bowman,Kane Nale,-4.799,-61.116,733.566,794.682
2024-10-18,2024 National Championships,SF,Shawna Bowman,Chris Crafford,-4.975,-63.453,733.566,797.019
2025-6-28,2025 Sediv Divisional,SF,Alicia Harrington,Ryan Finch,6.750,78.514,737.173,658.659
2025-6-28,2025 Sediv Divisional,SF,Alicia Harrington,Chris Raglin,5.333,62.738,737.173,674.435
2025-6-28,2025 Sediv Divisional,SF,Alicia Harrington,Tom Harrington,4.830,57.047,737.173,680.126
2025-6-28,2025 Sediv Divisional,SF,Alicia Harrington,Shawna Bowman,4.281,50.781,737.173,686.392
2025-10-17,2025 National Championship,SF,Alicia Harrington,Tom Harrington,5.217,69.019,828.225,759.206
2025-10-17,2025 National Championship,SF,Alicia Harrington,Chris Raglin,5.027,66.597,828.225,761.628
2025-10-17,2025 National Championship,SF,Alicia Harrington,Ryan Finch,4.275,56.983,828.225,771.242
2025-10-17,2025 National Championship,SF,Alicia Harrington,Hubert Borowski,3.584,48.041,828.225,780.184
2025-10-17,2025 National Championship,SF,Alicia Harrington,Shawna Bowman,3.351,45.004,828.225,783.221
2025-10-17,2025 National Championship,SF,Alicia Harrington,Harold Denham,1.217,16.629,828.225,811.596
2025-10-17,2025 National Championship,SF,Alicia Harrington,Keith Lightfoot,-0.345,-4.777,828.225,833.002
2025-10-17,2025 National Championship,SF,Alicia Harrington,Kane Nale,-9.124,-136.316,828.225,964.541
2025-6-28,2025 Sediv Divisional,SR,Logan Altmyer,Ceili McClarney,-4.910,-57.237,670.853,728.090
2025-6-28,2025 Sediv Divisional,SR,Logan Altmyer,Jasmine McClarney,-6.025,-70.920,670.853,741.773
2021-10-15,2021 National Championship,SR,Logan Altmyer,Sean Grogan,3.159,30.434,593.340,562.906
2021-10-15,2021 National Championship,SR,Logan Altmyer,John L. Voegeli,0.958,9.398,593.340,583.942
2021-10-15,2021 National Championship,SR,Logan Altmyer,Adam Raymer,-0.329,-3.259,593.340,596.599
2021-10-15,2021 National Championship,SR,Logan Altmyer,Mark Macoubrie,1.055,10.340,593.340,583.000
2021-10-15,2021 National Championship,SR,Logan Altmyer,Don Breneman,-0.610,-6.064,593.340,599.404
2021-10-15,2021 National Championship,SR,Logan Altmyer,David Myers,-3.853,-39.370,593.340,632.710
2021-10-15,2021 National Championship,SR,Logan Altmyer,Jo Dziengel,-5.453,-56.487,593.340,649.827
2024-08-10,2024 Sediv Divisional,SR,Logan Altmyer,Adam Raymer,-1.117,-11.306,601.746,613.052
2024-08-10,2024 Sediv Divisional,SR,Logan Altmyer,Don Perlick,-2.378,-24.331,601.746,626.077
2024-08-10,2024 Sediv Divisional,SR,Logan Altmyer,Steven Critchfield,-8.945,-96.939,601.746,698.685
2024-08-10,2024 Sediv Divisional,SR,Logan Altmyer,John Jones,-22.615,-279.476,601.746,881.222
2020-08-15,2020 DirtFish National Championship,SR,Logan Altmyer,Sean Grogan,1.956,17.110,533.366,516.256
2020-08-15,2020 DirtFish National Championship,SR,Logan Altmyer,John L. Voegeli,0.229,2.035,533.366,531.331
2020-08-15,2020 DirtFish National Championship,SR,Logan Altmyer,Adam Raymer,-0.532,-4.746,533.366,538.112
2020-08-15,2020 DirtFish National Championship,SR,Logan Altmyer,Brian Tefft Jr.,-0.597,-5.330,533.366,538.696
2020-08-15,2020 DirtFish National Championship,SR,Logan Altmyer,Don Breneman,-0.795,-7.117,533.366,540.483
2020-08-15,2020 DirtFish National Championship,SR,Logan Altmyer,Mark Macoubrie,-0.828,-7.408,533.366,540.774
2020-08-15,2020 DirtFish National Championship,SR,Logan Altmyer,Lothrop Withington IV,-1.688,-15.218,533.366,548.584
2020-08-15,2020 DirtFish National Championship,SR,Logan Altmyer,Joey Green,-4.620,-42.713,533.366,576.079
2020-08-15,2020 DirtFish National Championship,SR,Logan Altmyer,James Wood,-7.272,-68.813,533.366,602.179
2020-08-15,2020 DirtFish National Championship,SR,Logan Altmyer,Lucian Perniciaro,-8.515,-81.479,533.366,614.845
2020-08-15,2020 DirtFish National Championship,SR,Logan Altmyer,Mathew Grainger,-10.729,-104.735,533.366,638.101
2020-08-15,2020 DirtFish National Championship,SR,Logan Altmyer,Daulton Hurst,-16.258,-167.172,533.366,700.538
2025-10-17,2025 National Championship,SR,Logan Altmyer,Michael Golden,0.379,5.129,815.455,810.326
2025-10-17,2025 National Championship,SR,Logan Altmyer,Jason Stewart,-0.851,-11.648,815.455,827.103
2025-10-17,2025 National Championship,SR,Logan Altmyer,Andrew Benagh,-8.601,-125.928,815.455,941.383
2025-10-17,2025 National Championship,SR,Logan Altmyer,Ceili McClarney,-9.008,-132.359,815.455,947.814
2025-10-17,2025 National Championship,SR,Logan Altmyer,Jasmine McClarney,-9.032,-132.746,815.455,948.201
2025-10-17,2025 National Championship,SR,Logan Altmyer,Jason Lee,-9.266,-136.466,815.455,951.921
2025-10-17,2025 National Championship,SR,Logan Altmyer,Josh Armantrout,-9.310,-137.180,815.455,952.635
2024-10-18,2024 National Championships,SR,Logan Altmyer,Josh Armantrout,-0.369,-4.437,719.819,724.256
2024-10-18,2024 National Championships,SR,Logan Altmyer,Michael Golden,-0.372,-4.478,719.819,724.297
2024-10-18,2024 National Championships,SR,Logan Altmyer,Adam Raymer,-0.779,-9.406,719.819,729.225
2024-10-18,2024 National Championships,SR,Logan Altmyer,Jason Stewart,-1.109,-13.423,719.819,733.242
2024-10-18,2024 National Championships,SR,Logan Altmyer,James Green,-1.412,-17.136,719.819,736.955
2024-10-18,2024 National Championships,SR,Logan Altmyer,Jared Phillippe,-1.700,-20.683,719.819,740.502
2024-10-18,2024 National Championships,SR,Logan Altmyer,Trevor Phillippe,-1.723,-20.969,719.819,740.788
2024-10-18,2024 National Championships,SR,Logan Altmyer,Ceili Mcclarney,-7.891,-101.338,719.819,821.157
2024-10-18,2024 National Championships,SR,Logan Altmyer,Jasmine McClarney,-8.112,-104.373,719.819,824.192
2024-10-18,2024 National Championships,SR,Logan Altmyer,Keith Lightfoot,-9.796,-127.962,719.819,847.781
2025-6-28,2025 Sediv Divisional,SR,Ceili McClarney,Logan Altmyer,4.910,57.237,728.090,670.853
2025-6-28,2025 Sediv Divisional,SR,Ceili McClarney,Jasmine McClarney,-1.117,-13.683,728.090,741.773
2025-10-17,2025 National Championship,SR,Ceili McClarney,Michael Golden,9.384,137.488,947.814,810.326
2025-10-17,2025 National Championship,SR,Ceili McClarney,Logan Altmyer,9.008,132.359,947.814,815.455
2025-10-17,2025 National Championship,SR,Ceili McClarney,Jason Stewart,8.161,120.711,947.814,827.103
2025-10-17,2025 National Championship,SR,Ceili McClarney,Andrew Benagh,0.408,6.431,947.814,941.383
2025-10-17,2025 National Championship,SR,Ceili McClarney,Jasmine McClarney,-0.024,-0.387,947.814,948.201
2025-10-17,2025 National Championship,SR,Ceili McClarney,Jason Lee,-0.259,-4.107,947.814,951.921
2025-10-17,2025 National Championship,SR,Ceili McClarney,Josh Armantrout,-0.304,-4.821,947.814,952.635
2025-6-28,2025 Sediv Divisional,SR,Jasmine McClarney,Logan Altmyer,6.025,70.920,741.773,670.853
2025-6-28,2025 Sediv Divisional,SR,Jasmine McClarney,Ceili McClarney,1.117,13.683,741.773,728.090
2025-10-17,2025 National Championship,SR,Jasmine McClarney,Michael Golden,9.408,137.875,948.201,810.326
2025-10-17,2025 National Championship,SR,Jasmine McClarney,Logan Altmyer,9.032,132.746,948.201,815.455
2025-10-17,2025 National Championship,SR,Jasmine McClarney,Jason Stewart,8.186,121.098,948.201,827.103
2025-10-17,2025 National Championship,SR,Jasmine McClarney,Andrew Benagh,0.433,6.818,948.201,941.383
2025-10-17,2025 National Championship,SR,Jasmine McClarney,Ceili McClarney,0.024,0.387,948.201,947.814
2025-10-17,2025 National Championship,SR,Jasmine McClarney,Jason Lee,-0.235,-3.720,948.201,951.921
2025-10-17,2025 National Championship,SR,Jasmine McClarney,Josh Armantrout,-0.280,-4.434,948.201,952.635
2024-10-18,2024 National Championships,SR,Jasmine McClarney,Logan Altmyer,8.112,104.373,824.192,719.819
2024-10-18,2024 National Championships,SR,Jasmine McClarney,Josh Armantrout,7.745,99.936,824.192,724.256
2024-10-18,2024 National Championships,SR,Jasmine McClarney,Michael Golden,7.741,99.895,824.192,724.297
2024-10-18,2024 National Championships,SR,Jasmine McClarney,Adam Raymer,7.336,94.967,824.192,729.225
2024-10-18,2024 National Championships,SR,Jasmine McClarney,Jason Stewart,7.008,90.950,824.192,733.242
2024-10-18,2024 National Championships,SR,Jasmine McClarney,James Green,6.706,87.237,824.192,736.955
2024-10-18,2024 National Championships,SR,Jasmine McClarney,Jared Phillippe,6.418,83.690,824.192,740.502
2024-10-18,2024 National Championships,SR,Jasmine McClarney,Trevor Phillippe,6.395,83.404,824.192,740.788
2024-10-18,2024 National Championships,SR,Jasmine McClarney,Ceili Mcclarney,0.221,3.035,824.192,821.157
2024-10-18,2024 National Championships,SR,Jasmine McClarney,Keith Lightfoot,-1.693,-23.589,824.192,847.781
2025-6-28,2025 Sediv Divisional,SA,Shelton Wright,Charles Wright,-0.787,-8.402,636.348,644.750
2025-6-28,2025 Sediv Divisional,SA,Shelton Wright,Austin Hulings,-2.257,-24.392,636.348,660.740
2025-6-28,2025 Sediv Divisional,SA,Shelton Wright,Thomas Morris,-4.825,-53.319,636.348,689.667
2025-6-28,2025 Sediv Divisional,SA,Shelton Wright,Casey Hamm,-4.861,-53.731,636.348,690.079
2025-6-28,2025 Sediv Divisional,SA,Shelton Wright,Timothy Barker,-5.482,-60.926,636.348,697.274
2025-6-28,2025 Sediv Divisional,SA,Shelton Wright,Jody Trivette,-6.031,-67.344,636.348,703.692
2025-6-28,2025 Sediv Divisional,SA,Shelton Wright,Scott Francis,-6.393,-71.617,636.348,707.965
2025-6-28,2025 Sediv Divisional,SA,Shelton Wright,Ken Nevins,-6.641,-74.564,636.348,710.912
2025-6-28,2025 Sediv Divisional,SA,Shelton Wright,Jennifer Samardak,-7.616,-86.247,636.348,722.595
2024-08-10,2024 Sediv Divisional,SA,Shelton Wright,Charles Wright,-0.430,-4.068,566.101,570.169
2024-08-10,2024 Sediv Divisional,SA,Shelton Wright,Robert Seelig,-0.434,-4.107,566.101,570.208
2024-08-10,2024 Sediv Divisional,SA,Shelton Wright,Timothy Thompson,-0.785,-7.452,566.101,573.553
2024-08-10,2024 Sediv Divisional,SA,Shelton Wright,Casey Hamm,-3.469,-33.703,566.101,599.804
2024-08-10,2024 Sediv Divisional,SA,Shelton Wright,Michael Harbeson,-5.022,-49.457,566.101,615.558
2024-08-10,2024 Sediv Divisional,SA,Shelton Wright,Thomas Morris,-6.000,-59.590,566.101,625.691
2024-08-10,2024 Sediv Divisional,SA,Shelton Wright,Tristan Washburn,-6.033,-59.932,566.101,626.033
2024-08-10,2024 Sediv Divisional,SA,Shelton Wright,Chris Mattingly,-10.854,-112.586,566.101,678.687
2024-08-10,2024 Sediv Divisional,SA,Shelton Wright,Jamie Lyvers,-15.462,-167.465,566.101,733.566
2024-08-10,2024 Sediv Divisional,SA,Shelton Wright,Jennifer Samardak,-23.219,-271.632,566.101,837.733
2025-10-17,2025 National Championship,SA,Shelton Wright,Timothy Thompson,5.391,67.588,786.072,718.484
2025-10-17,2025 National Championship,SA,Shelton Wright,Robert Seelig,4.041,51.213,786.072,734.859
2025-10-17,2025 National Championship,SA,Shelton Wright,Charles Wright,3.685,46.841,786.072,739.231
2025-10-17,2025 National Championship,SA,Shelton Wright,Jan Gerber,3.243,41.373,786.072,744.699
2025-10-17,2025 National Championship,SA,Shelton Wright,Jesse Thompson,-1.997,-26.601,786.072,812.673
2025-10-17,2025 National Championship,SA,Shelton Wright,Steve Ducharme,-4.703,-64.134,786.072,850.206
2024-10-18,2024 National Championships,SA,Shelton Wright,Timothy Thompson,-0.498,-5.657,678.935,684.592
2024-10-18,2024 National Championships,SA,Shelton Wright,Jan Gerber,-0.680,-7.738,678.935,686.673
2024-10-18,2024 National Championships,SA,Shelton Wright,Charles Wright,-1.038,-11.843,678.935,690.778
2024-10-18,2024 National Championships,SA,Shelton Wright,Robert Seelig,-2.156,-24.845,678.935,703.780
2024-10-18,2024 National Championships,SA,Shelton Wright,Ryan Finch,-3.904,-45.665,678.935,724.600
2024-10-18,2024 National Championships,SA,Shelton Wright,Charles Krampert,-5.537,-65.686,678.935,744.621
2024-10-18,2024 National Championships,SA,Shelton Wright,Steve Ducharme,-6.842,-82.101,678.935,761.036
2025-6-28,2025 Sediv Divisional,SA,Charles Wright,Shelton Wright,0.787,8.402,644.750,636.348
2025-6-28,2025 Sediv Divisional,SA,Charles Wright,Austin Hulings,-1.470,-15.990,644.750,660.740
2025-6-28,2025 Sediv Divisional,SA,Charles Wright,Thomas Morris,-4.039,-44.917,644.750,689.667
2025-6-28,2025 Sediv Divisional,SA,Charles Wright,Casey Hamm,-4.075,-45.329,644.750,690.079
2025-6-28,2025 Sediv Divisional,SA,Charles Wright,Timothy Barker,-4.697,-52.524,644.750,697.274
2025-6-28,2025 Sediv Divisional,SA,Charles Wright,Jody Trivette,-5.245,-58.942,644.750,703.692
2025-6-28,2025 Sediv Divisional,SA,Charles Wright,Scott Francis,-5.608,-63.215,644.750,707.965
2025-6-28,2025 Sediv Divisional,SA,Charles Wright,Ken Nevins,-5.857,-66.162,644.750,710.912
2025-6-28,2025 Sediv Divisional,SA,Charles Wright,Jennifer Samardak,-6.832,-77.845,644.750,722.595
2024-08-10,2024 Sediv Divisional,SA,Charles Wright,Shelton Wright,0.430,4.068,570.169,566.101
2024-08-10,2024 Sediv Divisional,SA,Charles Wright,Robert Seelig,-0.004,-0.039,570.169,570.208
2024-08-10,2024 Sediv Divisional,SA,Charles Wright,Timothy Thompson,-0.355,-3.384,570.169,573.553
2024-08-10,2024 Sediv Divisional,SA,Charles Wright,Casey Hamm,-3.040,-29.635,570.169,599.804
2024-08-10,2024 Sediv Divisional,SA,Charles Wright,Michael Harbeson,-4.594,-45.389,570.169,615.558
2024-08-10,2024 Sediv Divisional,SA,Charles Wright,Thomas Morris,-5.571,-55.522,570.169,625.691
2024-08-10,2024 Sediv Divisional,SA,Charles Wright,Tristan Washburn,-5.604,-55.864,570.169,626.033
2024-08-10,2024 Sediv Divisional,SA,Charles Wright,Chris Mattingly,-10.427,-108.518,570.169,678.687
2024-08-10,2024 Sediv Divisional,SA,Charles Wright,Jamie Lyvers,-15.040,-163.397,570.169,733.566
2024-08-10,2024 Sediv Divisional,SA,Charles Wright,Jennifer Samardak,-22.805,-267.564,570.169,837.733
2025-10-17,2025 National Championship,SA,Charles Wright,Timothy Thompson,1.708,20.747,739.231,718.484
2025-10-17,2025 National Championship,SA,Charles Wright,Robert Seelig,0.356,4.372,739.231,734.859
2025-10-17,2025 National Championship,SA,Charles Wright,Jan Gerber,-0.442,-5.468,739.231,744.699
2025-10-17,2025 National Championship,SA,Charles Wright,Shelton Wright,-3.685,-46.841,739.231,786.072
2025-10-17,2025 National Championship,SA,Charles Wright,Jesse Thompson,-5.679,-73.442,739.231,812.673
2025-10-17,2025 National Championship,SA,Charles Wright,Steve Ducharme,-8.378,-110.975,739.231,850.206
2024-10-18,2024 National Championships,SA,Charles Wright,Shelton Wright,1.038,11.843,690.778,678.935
2024-10-18,2024 National Championships,SA,Charles Wright,Timothy Thompson,0.540,6.186,690.778,684.592
2024-10-18,2024 National Championships,SA,Charles Wright,Jan Gerber,0.358,4.105,690.778,686.673
2024-10-18,2024 National Championships,SA,Charles Wright,Robert Seelig,-1.119,-13.002,690.778,703.780
2024-10-18,2024 National Championships,SA,Charles Wright,Ryan Finch,-2.868,-33.822,690.778,724.600
2024-10-18,2024 National Championships,SA,Charles Wright,Charles Krampert,-4.501,-53.843,690.778,744.621
2024-10-18,2024 National Championships,SA,Charles Wright,Steve Ducharme,-5.807,-70.258,690.778,761.036
2025-6-28,2025 Sediv Divisional,SA,Austin Hulings,Shelton Wright,2.257,24.392,660.740,636.348
2025-6-28,2025 Sediv Divisional,SA,Austin Hulings,Charles Wright,1.470,15.990,660.740,644.750
2025-6-28,2025 Sediv Divisional,SA,Austin Hulings,Thomas Morris,-2.571,-28.927,660.740,689.667
2025-6-28,2025 Sediv Divisional,SA,Austin Hulings,Casey Hamm,-2.606,-29.339,660.740,690.079
2025-6-28,2025 Sediv Divisional,SA,Austin Hulings,Timothy Barker,-3.228,-36.534,660.740,697.274
2025-6-28,2025 Sediv Divisional,SA,Austin Hulings,Jody Trivette,-3.778,-42.952,660.740,703.692
2025-6-28,2025 Sediv Divisional,SA,Austin Hulings,Scott Francis,-4.140,-47.225,660.740,707.965
2025-6-28,2025 Sediv Divisional,SA,Austin Hulings,Ken Nevins,-4.389,-50.172,660.740,710.912
2025-6-28,2025 Sediv Divisional,SA,Austin Hulings,Jennifer Samardak,-5.366,-61.855,660.740,722.595
2025-6-28,2025 Sediv Divisional,SA,Thomas Morris,Shelton Wright,4.825,53.319,689.667,636.348
2025-6-28,2025 Sediv Divisional,SA,Thomas Morris,Charles Wright,4.039,44.917,689.667,644.750
2025-6-28,2025 Sediv Divisional,SA,Thomas Morris,Austin Hulings,2.571,28.927,689.667,660.740
2025-6-28,2025 Sediv Divisional,SA,Thomas Morris,Casey Hamm,-0.036,-0.412,689.667,690.079
2025-6-28,2025 Sediv Divisional,SA,Thomas Morris,Timothy Barker,-0.658,-7.607,689.667,697.274
2025-6-28,2025 Sediv Divisional,SA,Thomas Morris,Jody Trivette,-1.208,-14.025,689.667,703.692
2025-6-28,2025 Sediv Divisional,SA,Thomas Morris,Scott Francis,-1.571,-18.298,689.667,707.965
2025-6-28,2025 Sediv Divisional,SA,Thomas Morris,Ken Nevins,-1.820,-21.245,689.667,710.912
2025-6-28,2025 Sediv Divisional,SA,Thomas Morris,Jennifer Samardak,-2.798,-32.928,689.667,722.595
2024-08-10,2024 Sediv Divisional,SA,Thomas Morris,Shelton Wright,6.000,59.590,625.691,566.101
2024-08-10,2024 Sediv Divisional,SA,Thomas Morris,Charles Wright,5.571,55.522,625.691,570.169
2024-08-10,2024 Sediv Divisional,SA,Thomas Morris,Robert Seelig,5.567,55.483,625.691,570.208
2024-08-10,2024 Sediv Divisional,SA,Thomas Morris,Timothy Thompson,5.217,52.138,625.691,573.553
2024-08-10,2024 Sediv Divisional,SA,Thomas Morris,Casey Hamm,2.535,25.887,625.691,599.804
2024-08-10,2024 Sediv Divisional,SA,Thomas Morris,Michael Harbeson,0.980,10.133,625.691,615.558
2024-08-10,2024 Sediv Divisional,SA,Thomas Morris,Tristan Washburn,-0.033,-0.342,625.691,626.033
2024-08-10,2024 Sediv Divisional,SA,Thomas Morris,Chris Mattingly,-4.876,-52.996,625.691,678.687
2024-08-10,2024 Sediv Divisional,SA,Thomas Morris,Jamie Lyvers,-9.524,-107.875,625.691,733.566
2024-08-10,2024 Sediv Divisional,SA,Thomas Morris,Jennifer Samardak,-17.387,-212.042,625.691,837.733
2025-6-28,2025 Sediv Divisional,SA,Casey Hamm,Shelton Wright,4.861,53.731,690.079,636.348
2025-6-28,2025 Sediv Divisional,SA,Casey Hamm,Charles Wright,4.075,45.329,690.079,644.750
2025-6-28,2025 Sediv Divisional,SA,Casey Hamm,Austin Hulings,2.606,29.339,690.079,660.740
2025-6-28,2025 Sediv Divisional,SA,Casey Hamm,Thomas Morris,0.036,0.412,690.079,689.667
2025-6-28,2025 Sediv Divisional,SA,Casey Hamm,Timothy Barker,-0.622,-7.195,690.079,697.274
2025-6-28,2025 Sediv Divisional,SA,Casey Hamm,Jody Trivette,-1.172,-13.613,690.079,703.692
2025-6-28,2025 Sediv Divisional,SA,Casey Hamm,Scott Francis,-1.535,-17.886,690.079,707.965
2025-6-28,2025 Sediv Divisional,SA,Casey Hamm,Ken Nevins,-1.784,-20.833,690.079,710.912
2025-6-28,2025 Sediv Divisional,SA,Casey Hamm,Jennifer Samardak,-2.762,-32.516,690.079,722.595
2024-08-10,2024 Sediv Divisional,SA,Casey Hamm,Shelton Wright,3.469,33.703,599.804,566.101
2024-08-10,2024 Sediv Divisional,SA,Casey Hamm,Charles Wright,3.040,29.635,599.804,570.169
2024-08-10,2024 Sediv Divisional,SA,Casey Hamm,Robert Seelig,3.035,29.596,599.804,570.208
2024-08-10,2024 Sediv Divisional,SA,Casey Hamm,Timothy Thompson,2.685,26.251,599.804,573.553
2024-08-10,2024 Sediv Divisional,SA,Casey Hamm,Michael Harbeson,-1.555,-15.754,599.804,615.558
2024-08-10,2024 Sediv Divisional,SA,Casey Hamm,Thomas Morris,-2.535,-25.887,599.804,625.691
2024-08-10,2024 Sediv Divisional,SA,Casey Hamm,Tristan Washburn,-2.568,-26.229,599.804,626.033
2024-08-10,2024 Sediv Divisional,SA,Casey Hamm,Chris Mattingly,-7.404,-78.883,599.804,678.687
2024-08-10,2024 Sediv Divisional,SA,Casey Hamm,Jamie Lyvers,-12.038,-133.762,599.804,733.566
2024-08-10,2024 Sediv Divisional,SA,Casey Hamm,Jennifer Samardak,-19.861,-237.929,599.804,837.733
2025-6-28,2025 Sediv Divisional,SA,Timothy Barker,Shelton Wright,5.482,60.926,697.274,636.348
2025-6-28,2025 Sediv Divisional,SA,Timothy Barker,Charles Wright,4.697,52.524,697.274,644.750
2025-6-28,2025 Sediv Divisional,SA,Timothy Barker,Austin Hulings,3.228,36.534,697.274,660.740
2025-6-28,2025 Sediv Divisional,SA,Timothy Barker,Thomas Morris,0.658,7.607,697.274,689.667
2025-6-28,2025 Sediv Divisional,SA,Timothy Barker,Casey Hamm,0.622,7.195,697.274,690.079
2025-6-28,2025 Sediv Divisional,SA,Timothy Barker,Jody Trivette,-0.550,-6.418,697.274,703.692
2025-6-28,2025 Sediv Divisional,SA,Timothy Barker,Scott Francis,-0.913,-10.691,697.274,707.965
2025-6-28,2025 Sediv Divisional,SA,Timothy Barker,Ken Nevins,-1.162,-13.638,697.274,710.912
2025-6-28,2025 Sediv Divisional,SA,Timothy Barker,Jennifer Samardak,-2.140,-25.321,697.274,722.595
2025-6-28,2025 Sediv Divisional,SA,Jody Trivette,Shelton Wright,6.031,67.344,703.692,636.348
2025-6-28,2025 Sediv Divisional,SA,Jody Trivette,Charles Wright,5.245,58.942,703.692,644.750
2025-6-28,2025 Sediv Divisional,SA,Jody Trivette,Austin Hulings,3.778,42.952,703.692,660.740
2025-6-28,2025 Sediv Divisional,SA,Jody Trivette,Thomas Morris,1.208,14.025,703.692,689.667
2025-6-28,2025 Sediv Divisional,SA,Jody Trivette,Casey Hamm,1.172,13.613,703.692,690.079
2025-6-28,2025 Sediv Divisional,SA,Jody Trivette,Timothy Barker,0.550,6.418,703.692,697.274
2025-6-28,2025 Sediv Divisional,SA,Jody Trivette,Scott Francis,-0.363,-4.273,703.692,707.965
2025-6-28,2025 Sediv Divisional,SA,Jody Trivette,Ken Nevins,-0.612,-7.220,703.692,710.912
2025-6-28,2025 Sediv Divisional,SA,Jody Trivette,Jennifer Samardak,-1.590,-18.903,703.692,722.595
2025-6-28,2025 Sediv Divisional,SA,Scott Francis,Shelton Wright,6.393,71.617,707.965,636.348
2025-6-28,2025 Sediv Divisional,SA,Scott Francis,Charles Wright,5.608,63.215,707.965,644.750
2025-6-28,2025 Sediv Divisional,SA,Scott Francis,Austin Hulings,4.140,47.225,707.965,660.740
2025-6-28,2025 Sediv Divisional,SA,Scott Francis,Thomas Morris,1.571,18.298,707.965,689.667
2025-6-28,2025 Sediv Divisional,SA,Scott Francis,Casey Hamm,1.535,17.886,707.965,690.079
2025-6-28,2025 Sediv Divisional,SA,Scott Francis,Timothy Barker,0.913,10.691,707.965,697.274
2025-6-28,2025 Sediv Divisional,SA,Scott Francis,Jody Trivette,0.363,4.273,707.965,703.692
2025-6-28,2025 Sediv Divisional,SA,Scott Francis,Ken Nevins,-0.249,-2.947,707.965,710.912
2025-6-28,2025 Sediv Divisional,SA,Scott Francis,Jennifer Samardak,-1.227,-14.630,707.965,722.595
2025-6-28,2025 Sediv Divisional,SA,Ken Nevins,Shelton Wright,6.641,74.564,710.912,636.348
2025-6-28,2025 Sediv Divisional,SA,Ken Nevins,Charles Wright,5.857,66.162,710.912,644.750
2025-6-28,2025 Sediv Divisional,SA,Ken Nevins,Austin Hulings,4.389,50.172,710.912,660.740
2025-6-28,2025 Sediv Divisional,SA,Ken Nevins,Thomas Morris,1.820,21.245,710.912,689.667
2025-6-28,2025 Sediv Divisional,SA,Ken Nevins,Casey Hamm,1.784,20.833,710.912,690.079
2025-6-28,2025 Sediv Divisional,SA,Ken Nevins,Timothy Barker,1.162,13.638,710.912,697.274
2025-6-28,2025 Sediv Divisional,SA,Ken Nevins,Jody Trivette,0.612,7.220,710.912,703.692
2025-6-28,2025 Sediv Divisional,SA,Ken Nevins,Scott Francis,0.249,2.947,710.912,707.965
2025-6-28,2025 Sediv Divisional,SA,Ken Nevins,Jennifer Samardak,-0.978,-11.683,710.912,722.595
2025-6-28,2025 Sediv Divisional,SA,Jennifer Samardak,Shelton Wright,7.616,86.247,722.595,636.348
2025-6-28,2025 Sediv Divisional,SA,Jennifer Samardak,Charles Wright,6.832,77.845,722.595,644.750
2025-6-28,2025 Sediv Divisional,SA,Jennifer Samardak,Austin Hulings,5.366,61.855,722.595,660.740
2025-6-28,2025 Sediv Divisional,SA,Jennifer Samardak,Thomas Morris,2.798,32.928,722.595,689.667
2025-6-28,2025 Sediv Divisional,SA,Jennifer Samardak,Casey Hamm,2.762,32.516,722.595,690.079
2025-6-28,2025 Sediv Divisional,SA,Jennifer Samardak,Timothy Barker,2.140,25.321,722.595,697.274
2025-6-28,2025 Sediv Divisional,SA,Jennifer Samardak,Jody Trivette,1.590,18.903,722.595,703.692
2025-6-28,2025 Sediv Divisional,SA,Jennifer Samardak,Scott Francis,1.227,14.630,722.595,707.965
2025-6-28,2025 Sediv Divisional,SA,Jennifer Samardak,Ken Nevins,0.978,11.683,722.595,710.912
2024-08-10,2024 Sediv Divisional,SA,Jennifer Samardak,Shelton Wright,23.219,271.632,837.733,566.101
2024-08-10,2024 Sediv Divisional,SA,Jennifer Samardak,Charles Wright,22.805,267.564,837.733,570.169
2024-08-10,2024 Sediv Divisional,SA,Jennifer Samardak,Robert Seelig,22.801,267.525,837.733,570.208
2024-08-10,2024 Sediv Divisional,SA,Jennifer Samardak,Timothy Thompson,22.463,264.180,837.733,573.553
2024-08-10,2024 Sediv Divisional,SA,Jennifer Samardak,Casey Hamm,19.861,237.929,837.733,599.804
2024-08-10,2024 Sediv Divisional,SA,Jennifer Samardak,Michael Harbeson,18.345,222.175,837.733,615.558
2024-08-10,2024 Sediv Divisional,SA,Jennifer Samardak,Thomas Morris,17.387,212.042,837.733,625.691
2024-08-10,2024 Sediv Divisional,SA,Jennifer Samardak,Tristan Washburn,17.355,211.700,837.733,626.033
2024-08-10,2024 Sediv Divisional,SA,Jennifer Samardak,Chris Mattingly,12.586,159.046,837.733,678.687
2024-08-10,2024 Sediv Divisional,SA,Jennifer Samardak,Jamie Lyvers,7.955,104.167,837.733,733.566
2025-6-28,2025 Sediv Divisional,PF,Edwin Cunill,Matthew Thompson,-0.424,-4.777,672.957,677.734
2025-6-28,2025 Sediv Divisional,PF,Edwin Cunill,Christian Retterer,-0.853,-9.640,672.957,682.597
2025-6-28,2025 Sediv Divisional,PF,Edwin Cunill,Ryan Hard,-2.101,-23.990,672.957,696.947
2025-6-28,2025 Sediv Divisional,PF,Edwin Cunill,Nick Lindsay,-3.463,-39.990,672.957,712.947
2025-6-28,2025 Sediv Divisional,PF,Edwin Cunill,Jerry Ashmore,-4.552,-53.062,672.957,726.019
2025-6-28,2025 Sediv Divisional,PF,Edwin Cunill,Chaz Smith,-8.849,-107.153,672.957,780.110
2025-6-28,2025 Sediv Divisional,PF,Edwin Cunill,Duke Dunsford,-18.058,-238.409,672.957,911.366
2024-08-10,2024 Sediv Divisional,PF,Edwin Cunill,Jason Fuller,3.341,33.521,618.709,585.188
2024-08-10,2024 Sediv Divisional,PF,Edwin Cunill,Matthew Thompson,2.785,28.063,618.709,590.646
2024-08-10,2024 Sediv Divisional,PF,Edwin Cunill,Christian Retterer,1.835,18.642,618.709,600.067
2024-08-10,2024 Sediv Divisional,PF,Edwin Cunill,Ryan Hard,-0.031,-0.322,618.709,619.031
2024-08-10,2024 Sediv Divisional,PF,Edwin Cunill,Alan Copeland,-0.958,-9.953,618.709,628.662
2024-08-10,2024 Sediv Divisional,PF,Edwin Cunill,Chaz Smith,-3.491,-37.079,618.709,655.788
2024-08-10,2024 Sediv Divisional,PF,Edwin Cunill,James Meeks,-10.890,-123.504,618.709,742.213
2025-11-08,2025 Central Divisional,PF,Edwin Cunill,Devin Palmer,-0.727,-9.746,799.956,809.702
2025-11-08,2025 Central Divisional,PF,Edwin Cunill,David Capesius,-3.157,-43.233,799.956,843.189
2025-11-08,2025 Central Divisional,PF,Edwin Cunill,Sara Sherman,-6.340,-89.237,799.956,889.193
2025-11-08,2025 Central Divisional,PF,Edwin Cunill,Connor Berry,-7.500,-106.657,799.956,906.613
2025-11-08,2025 Central Divisional,PF,Edwin Cunill,Matt Schwab,-8.038,-114.863,799.956,914.819
2020-08-15,2020 DirtFish National Championship,PF,Edwin Cunill,Robert Seelig,0.211,1.713,488.157,486.444
2020-08-15,2020 DirtFish National Championship,PF,Edwin Cunill,Donald Carl,-0.243,-1.983,488.157,490.140
2020-08-15,2020 DirtFish National Championship,PF,Edwin Cunill,Matt Wolfe,-0.430,-3.512,488.157,491.669
2020-08-15,2020 DirtFish National Championship,PF,Edwin Cunill,Jim Rowland,-0.837,-6.854,488.157,495.011
2020-08-15,2020 DirtFish National Championship,PF,Edwin Cunill,Christian Retterer,-1.222,-10.045,488.157,498.202
2020-08-15,2020 DirtFish National Championship,PF,Edwin Cunill,John England,-2.205,-18.273,488.157,506.430
2020-08-15,2020 DirtFish National Championship,PF,Edwin Cunill,Greg Cheney,-2.771,-23.074,488.157,511.231
2020-08-15,2020 DirtFish National Championship,PF,Edwin Cunill,Sidney Scott,-2.775,-23.112,488.157,511.269
2020-08-15,2020 DirtFish National Championship,PF,Edwin Cunill,Cole Fincham,-3.275,-27.397,488.157,515.554
2020-08-15,2020 DirtFish National Championship,PF,Edwin Cunill,Andrea Wolfe,-3.471,-29.083,488.157,517.240
2020-08-15,2020 DirtFish National Championship,PF,Edwin Cunill,Elmer Wilson,-3.676,-30.856,488.157,519.013
2020-08-15,2020 DirtFish National Championship,PF,Edwin Cunill,Scott Schmidt,-4.413,-37.271,488.157,525.428
2020-08-15,2020 DirtFish National Championship,PF,Edwin Cunill,Ian Jennings,-5.414,-46.131,488.157,534.288
2020-08-15,2020 DirtFish National Championship,PF,Edwin Cunill,Ron Foley,-7.139,-61.756,488.157,549.913
2020-08-15,2020 DirtFish National Championship,PF,Edwin Cunill,Mark Williams,-13.129,-119.939,488.157,608.096
2020-08-15,2020 DirtFish National Championship,PF,Edwin Cunill,Warren Elliott,-21.868,-217.569,488.157,705.726
2025-10-17,2025 National Championship,PF,Edwin Cunill,Christian Retterer,3.509,40.690,716.036,675.346
2025-10-17,2025 National Championship,PF,Edwin Cunill,Matthew Thompson,3.355,38.949,716.036,677.087
2025-10-17,2025 National Championship,PF,Edwin Cunill,David Capesius,2.849,33.206,716.036,682.830
2025-10-17,2025 National Championship,PF,Edwin Cunill,Jim Rowland,1.988,23.333,716.036,692.703
2025-10-17,2025 National Championship,PF,Edwin Cunill,Bartek Borowski,-1.350,-16.294,716.036,732.330
2025-10-17,2025 National Championship,PF,Edwin Cunill,Dan Sanford,-1.359,-16.407,716.036,732.443
2025-10-17,2025 National Championship,PF,Edwin Cunill,Bradley Kropp,-5.879,-73.771,716.036,789.807
2025-10-17,2025 National Championship,PF,Edwin Cunill,Warren Elliott,-6.089,-76.551,716.036,792.587
2025-10-17,2025 National Championship,PF,Edwin Cunill,Devin Palmer,-6.128,-77.064,716.036,793.100
2025-10-17,2025 National Championship,PF,Edwin Cunill,Charles Palmer,-6.707,-84.784,716.036,800.820
2024-10-18,2024 National Championships,PF,Edwin Cunill,Jason Fuller,2.515,29.763,724.840,695.077
2024-10-18,2024 National Championships,PF,Edwin Cunill,Christian Retterer,0.906,10.866,724.840,713.974
2024-10-18,2024 National Championships,PF,Edwin Cunill,David Capesius,0.595,7.148,724.840,717.692
2024-10-18,2024 National Championships,PF,Edwin Cunill,Peter Dozeman,-0.757,-9.208,724.840,734.048
2024-10-18,2024 National Championships,PF,Edwin Cunill,Bradley Kropp,-2.009,-24.685,724.840,749.525
2024-10-18,2024 National Championships,PF,Edwin Cunill,Bryan Tippens,-3.456,-42.984,724.840,767.824
2025-6-28,2025 Sediv Divisional,PF,Matthew Thompson,Edwin Cunill,0.424,4.777,677.734,672.957
2025-6-28,2025 Sediv Divisional,PF,Matthew Thompson,Christian Retterer,-0.429,-4.863,677.734,682.597
2025-6-28,2025 Sediv Divisional,PF,Matthew Thompson,Ryan Hard,-1.677,-19.213,677.734,696.947
2025-6-28,2025 Sediv Divisional,PF,Matthew Thompson,Nick Lindsay,-3.038,-35.213,677.734,712.947
2025-6-28,2025 Sediv Divisional,PF,Matthew Thompson,Jerry Ashmore,-4.128,-48.285,677.734,726.019
2025-6-28,2025 Sediv Divisional,PF,Matthew Thompson,Chaz Smith,-8.427,-102.376,677.734,780.110
2025-6-28,2025 Sediv Divisional,PF,Matthew Thompson,Duke Dunsford,-17.643,-233.632,677.734,911.366
2024-08-10,2024 Sediv Divisional,PF,Matthew Thompson,Jason Fuller,0.557,5.458,590.646,585.188
2024-08-10,2024 Sediv Divisional,PF,Matthew Thompson,Christian Retterer,-0.949,-9.421,590.646,600.067
2024-08-10,2024 Sediv Divisional,PF,Matthew Thompson,Edwin Cunill,-2.785,-28.063,590.646,618.709
2024-08-10,2024 Sediv Divisional,PF,Matthew Thompson,Ryan Hard,-2.816,-28.385,590.646,619.031
2024-08-10,2024 Sediv Divisional,PF,Matthew Thompson,Alan Copeland,-3.741,-38.016,590.646,628.662
2024-08-10,2024 Sediv Divisional,PF,Matthew Thompson,Chaz Smith,-6.272,-65.142,590.646,655.788
2024-08-10,2024 Sediv Divisional,PF,Matthew Thompson,James Meeks,-13.646,-151.567,590.646,742.213
2025-10-17,2025 National Championship,PF,Matthew Thompson,Christian Retterer,0.154,1.741,677.087,675.346
2025-10-17,2025 National Championship,PF,Matthew Thompson,David Capesius,-0.507,-5.743,677.087,682.830
2025-10-17,2025 National Championship,PF,Matthew Thompson,Jim Rowland,-1.368,-15.616,677.087,692.703
2025-10-17,2025 National Championship,PF,Matthew Thompson,Edwin Cunill,-3.355,-38.949,677.087,716.036
2025-10-17,2025 National Championship,PF,Matthew Thompson,Bartek Borowski,-4.703,-55.243,677.087,732.330
2025-10-17,2025 National Championship,PF,Matthew Thompson,Dan Sanford,-4.713,-55.356,677.087,732.443
2025-10-17,2025 National Championship,PF,Matthew Thompson,Bradley Kropp,-9.221,-112.720,677.087,789.807
2025-10-17,2025 National Championship,PF,Matthew Thompson,Warren Elliott,-9.431,-115.500,677.087,792.587
2025-10-17,2025 National Championship,PF,Matthew Thompson,Devin Palmer,-9.469,-116.013,677.087,793.100
2025-10-17,2025 National Championship,PF,Matthew Thompson,Charles Palmer,-10.047,-123.733,677.087,800.820
2025-6-28,2025 Sediv Divisional,PF,Christian Retterer,Edwin Cunill,0.853,9.640,682.597,672.957
2025-6-28,2025 Sediv Divisional,PF,Christian Retterer,Matthew Thompson,0.429,4.863,682.597,677.734
2025-6-28,2025 Sediv Divisional,PF,Christian Retterer,Ryan Hard,-1.248,-14.350,682.597,696.947
2025-6-28,2025 Sediv Divisional,PF,Christian Retterer,Nick Lindsay,-2.610,-30.350,682.597,712.947
2025-6-28,2025 Sediv Divisional,PF,Christian Retterer,Jerry Ashmore,-3.699,-43.422,682.597,726.019
2025-6-28,2025 Sediv Divisional,PF,Christian Retterer,Chaz Smith,-8.000,-97.513,682.597,780.110
2025-6-28,2025 Sediv Divisional,PF,Christian Retterer,Duke Dunsford,-17.223,-228.769,682.597,911.366
2021-10-15,2021 National Championship,PF,Christian Retterer,Leon Drake,0.321,3.184,595.910,592.726
2021-10-15,2021 National Championship,PF,Christian Retterer,Josh Remmetter,-0.712,-7.117,595.910,603.027
2021-10-15,2021 National Championship,PF,Christian Retterer,Donald Carl,-1.393,-13.993,595.910,609.903
2021-10-15,2021 National Championship,PF,Christian Retterer,Alex Ashbaugh,-3.288,-33.578,595.910,629.488
2021-10-15,2021 National Championship,PF,Christian Retterer,Chris Murphy,-4.193,-43.154,595.910,639.064
2021-10-15,2021 National Championship,PF,Christian Retterer,Jake Bucknam,0.186,1.845,595.910,594.065
2021-10-15,2021 National Championship,PF,Christian Retterer,Jim Rowland,-0.269,-2.679,595.910,598.589
2021-10-15,2021 National Championship,PF,Christian Retterer,Matt Wolfe,-1.384,-13.908,595.910,609.818
2021-10-15,2021 National Championship,PF,Christian Retterer,Jacob Kennedy,-1.579,-15.887,595.910,611.797
2021-10-15,2021 National Championship,PF,Christian Retterer,Andrea Wolfe,-3.474,-35.528,595.910,631.438
2021-10-15,2021 National Championship,PF,Christian Retterer,Samantha Steelman,-6.082,-63.625,595.910,659.535
2021-10-15,2021 National Championship,PF,Christian Retterer,Sidney Scott,-14.973,-169.909,595.910,765.819
2021-10-15,2021 National Championship,PF,Christian Retterer,James Smith,-6.069,-63.486,595.910,659.396
2021-10-15,2021 National Championship,PF,Christian Retterer,Thomas Hoster,-6.922,-72.962,595.910,668.872
2024-08-10,2024 Sediv Divisional,PF,Christian Retterer,Jason Fuller,1.506,14.879,600.067,585.188
2024-08-10,2024 Sediv Divisional,PF,Christian Retterer,Matthew Thompson,0.949,9.421,600.067,590.646
2024-08-10,2024 Sediv Divisional,PF,Christian Retterer,Edwin Cunill,-1.835,-18.642,600.067,618.709
2024-08-10,2024 Sediv Divisional,PF,Christian Retterer,Ryan Hard,-1.867,-18.964,600.067,619.031
2024-08-10,2024 Sediv Divisional,PF,Christian Retterer,Alan Copeland,-2.793,-28.595,600.067,628.662
2024-08-10,2024 Sediv Divisional,PF,Christian Retterer,Chaz Smith,-5.324,-55.721,600.067,655.788
2024-08-10,2024 Sediv Divisional,PF,Christian Retterer,James Meeks,-12.708,-142.146,600.067,742.213
2020-08-15,2020 DirtFish National Championship,PF,Christian Retterer,Robert Seelig,1.433,11.758,498.202,486.444
2020-08-15,2020 DirtFish National Championship,PF,Christian Retterer,Edwin Cunill,1.222,10.045,498.202,488.157
2020-08-15,2020 DirtFish National Championship,PF,Christian Retterer,Donald Carl,0.979,8.062,498.202,490.140
2020-08-15,2020 DirtFish National Championship,PF,Christian Retterer,Matt Wolfe,0.792,6.533,498.202,491.669
2020-08-15,2020 DirtFish National Championship,PF,Christian Retterer,Jim Rowland,0.386,3.191,498.202,495.011
2020-08-15,2020 DirtFish National Championship,PF,Christian Retterer,John England,-0.983,-8.228,498.202,506.430
2020-08-15,2020 DirtFish National Championship,PF,Christian Retterer,Greg Cheney,-1.549,-13.029,498.202,511.231
2020-08-15,2020 DirtFish National Championship,PF,Christian Retterer,Sidney Scott,-1.553,-13.067,498.202,511.269
2020-08-15,2020 DirtFish National Championship,PF,Christian Retterer,Cole Fincham,-2.054,-17.352,498.202,515.554
2020-08-15,2020 DirtFish National Championship,PF,Christian Retterer,Andrea Wolfe,-2.250,-19.038,498.202,517.240
2020-08-15,2020 DirtFish National Championship,PF,Christian Retterer,Elmer Wilson,-2.455,-20.811,498.202,519.013
2020-08-15,2020 DirtFish National Championship,PF,Christian Retterer,Scott Schmidt,-3.192,-27.226,498.202,525.428
2020-08-15,2020 DirtFish National Championship,PF,Christian Retterer,Ian Jennings,-4.194,-36.086,498.202,534.288
2020-08-15,2020 DirtFish National Championship,PF,Christian Retterer,Ron Foley,-5.920,-51.711,498.202,549.913
2020-08-15,2020 DirtFish National Championship,PF,Christian Retterer,Mark Williams,-11.920,-109.894,498.202,608.096
2020-08-15,2020 DirtFish National Championship,PF,Christian Retterer,Warren Elliott,-20.685,-207.524,498.202,705.726
2025-10-17,2025 National Championship,PF,Christian Retterer,Matthew Thompson,-0.154,-1.741,675.346,677.087
2025-10-17,2025 National Championship,PF,Christian Retterer,David Capesius,-0.661,-7.484,675.346,682.830
2025-10-17,2025 National Championship,PF,Christian Retterer,Jim Rowland,-1.522,-17.357,675.346,692.703
2025-10-17,2025 National Championship,PF,Christian Retterer,Edwin Cunill,-3.509,-40.690,675.346,716.036
2025-10-17,2025 National Championship,PF,Christian Retterer,Bartek Borowski,-4.858,-56.984,675.346,732.330
2025-10-17,2025 National Championship,PF,Christian Retterer,Dan Sanford,-4.867,-57.097,675.346,732.443
2025-10-17,2025 National Championship,PF,Christian Retterer,Bradley Kropp,-9.375,-114.461,675.346,789.807
2025-10-17,2025 National Championship,PF,Christian Retterer,Warren Elliott,-9.584,-117.241,675.346,792.587
2025-10-17,2025 National Championship,PF,Christian Retterer,Devin Palmer,-9.623,-117.754,675.346,793.100
2025-10-17,2025 National Championship,PF,Christian Retterer,Charles Palmer,-10.200,-125.474,675.346,800.820
2022-09-23,2022 National Championships,PF,Christian Retterer,Jim Rowland,0.078,0.684,524.775,524.091
2022-09-23,2022 National Championships,PF,Christian Retterer,Donald Carl,0.003,0.024,524.775,524.751
2022-09-23,2022 National Championships,PF,Christian Retterer,Jacob Light,-0.676,-5.946,524.775,530.721
2022-09-23,2022 National Championships,PF,Christian Retterer,David Capesius,-1.521,-13.476,524.775,538.251
2022-09-23,2022 National Championships,PF,Christian Retterer,Chris O Driscoll,-1.619,-14.351,524.775,539.126
2022-09-23,2022 National Championships,PF,Christian Retterer,John Black,-2.327,-20.751,524.775,545.526
2022-09-23,2022 National Championships,PF,Christian Retterer,Cameron Gransee,-3.118,-27.998,524.775,552.773
2022-09-23,2022 National Championships,PF,Christian Retterer,Jacob Hickman,-3.509,-31.617,524.775,556.392
2022-09-23,2022 National Championships,PF,Christian Retterer,Ed Trudeau,-4.320,-39.191,524.775,563.966
2022-09-23,2022 National Championships,PF,Christian Retterer,Meredith Campbell,-7.626,-71.226,524.775,596.001
2023-10-06,2023 National Championship,PF,Christian Retterer,Jim Rowland,0.032,0.346,646.680,646.334
2023-10-06,2023 National Championship,PF,Christian Retterer,David Capesius,-0.204,-2.205,646.680,648.885
2023-10-06,2023 National Championship,PF,Christian Retterer,Greg Cheney,-3.133,-34.675,646.680,681.355
2023-10-06,2023 National Championship,PF,Christian Retterer,Warren Elliott,-6.945,-79.448,646.680,726.128
2024-10-18,2024 National Championships,PF,Christian Retterer,Jason Fuller,1.609,18.897,713.974,695.077
2024-10-18,2024 National Championships,PF,Christian Retterer,David Capesius,-0.312,-3.718,713.974,717.692
2024-10-18,2024 National Championships,PF,Christian Retterer,Edwin Cunill,-0.906,-10.866,713.974,724.840
2024-10-18,2024 National Championships,PF,Christian Retterer,Peter Dozeman,-1.664,-20.074,713.974,734.048
2024-10-18,2024 National Championships,PF,Christian Retterer,Bradley Kropp,-2.915,-35.551,713.974,749.525
2024-10-18,2024 National Championships,PF,Christian Retterer,Bryan Tippens,-4.361,-53.850,713.974,767.824
2025-6-28,2025 Sediv Divisional,PF,Ryan Hard,Edwin Cunill,2.101,23.990,696.947,672.957
2025-6-28,2025 Sediv Divisional,PF,Ryan Hard,Matthew Thompson,1.677,19.213,696.947,677.734
2025-6-28,2025 Sediv Divisional,PF,Ryan Hard,Christian Retterer,1.248,14.350,696.947,682.597
2025-6-28,2025 Sediv Divisional,PF,Ryan Hard,Nick Lindsay,-1.362,-16.000,696.947,712.947
2025-6-28,2025 Sediv Divisional,PF,Ryan Hard,Jerry Ashmore,-2.452,-29.072,696.947,726.019
2025-6-28,2025 Sediv Divisional,PF,Ryan Hard,Chaz Smith,-6.756,-83.163,696.947,780.110
2025-6-28,2025 Sediv Divisional,PF,Ryan Hard,Duke Dunsford,-15.998,-214.419,696.947,911.366
2024-08-10,2024 Sediv Divisional,PF,Ryan Hard,Jason Fuller,3.372,33.843,619.031,585.188
2024-08-10,2024 Sediv Divisional,PF,Ryan Hard,Matthew Thompson,2.816,28.385,619.031,590.646
2024-08-10,2024 Sediv Divisional,PF,Ryan Hard,Christian Retterer,1.867,18.964,619.031,600.067
2024-08-10,2024 Sediv Divisional,PF,Ryan Hard,Edwin Cunill,0.031,0.322,619.031,618.709
2024-08-10,2024 Sediv Divisional,PF,Ryan Hard,Alan Copeland,-0.926,-9.631,619.031,628.662
2024-08-10,2024 Sediv Divisional,PF,Ryan Hard,Chaz Smith,-3.460,-36.757,619.031,655.788
2024-08-10,2024 Sediv Divisional,PF,Ryan Hard,James Meeks,-10.859,-123.182,619.031,742.213
2025-6-28,2025 Sediv Divisional,PF,Nick Lindsay,Edwin Cunill,3.463,39.990,712.947,672.957
2025-6-28,2025 Sediv Divisional,PF,Nick Lindsay,Matthew Thompson,3.038,35.213,712.947,677.734
2025-6-28,2025 Sediv Divisional,PF,Nick Lindsay,Christian Retterer,2.610,30.350,712.947,682.597
2025-6-28,2025 Sediv Divisional,PF,Nick Lindsay,Ryan Hard,1.362,16.000,712.947,696.947
2025-6-28,2025 Sediv Divisional,PF,Nick Lindsay,Jerry Ashmore,-1.090,-13.072,712.947,726.019
2025-6-28,2025 Sediv Divisional,PF,Nick Lindsay,Chaz Smith,-5.398,-67.163,712.947,780.110
2025-6-28,2025 Sediv Divisional,PF,Nick Lindsay,Duke Dunsford,-14.659,-198.419,712.947,911.366
2025-6-28,2025 Sediv Divisional,PF,Jerry Ashmore,Edwin Cunill,4.552,53.062,726.019,672.957
2025-6-28,2025 Sediv Divisional,PF,Jerry Ashmore,Matthew Thompson,4.128,48.285,726.019,677.734
2025-6-28,2025 Sediv Divisional,PF,Jerry Ashmore,Christian Retterer,3.699,43.422,726.019,682.597
2025-6-28,2025 Sediv Divisional,PF,Jerry Ashmore,Ryan Hard,2.452,29.072,726.019,696.947
2025-6-28,2025 Sediv Divisional,PF,Jerry Ashmore,Nick Lindsay,1.090,13.072,726.019,712.947
2025-6-28,2025 Sediv Divisional,PF,Jerry Ashmore,Chaz Smith,-4.310,-54.091,726.019,780.110
2025-6-28,2025 Sediv Divisional,PF,Jerry Ashmore,Duke Dunsford,-13.584,-185.347,726.019,911.366
2025-6-28,2025 Sediv Divisional,PF,Chaz Smith,Edwin Cunill,8.849,107.153,780.110,672.957
2025-6-28,2025 Sediv Divisional,PF,Chaz Smith,Matthew Thompson,8.427,102.376,780.110,677.734
2025-6-28,2025 Sediv Divisional,PF,Chaz Smith,Christian Retterer,8.000,97.513,780.110,682.597
2025-6-28,2025 Sediv Divisional,PF,Chaz Smith,Ryan Hard,6.756,83.163,780.110,696.947
2025-6-28,2025 Sediv Divisional,PF,Chaz Smith,Nick Lindsay,5.398,67.163,780.110,712.947
2025-6-28,2025 Sediv Divisional,PF,Chaz Smith,Jerry Ashmore,4.310,54.091,780.110,726.019
2025-6-28,2025 Sediv Divisional,PF,Chaz Smith,Duke Dunsford,-9.312,-131.256,780.110,911.366
2024-08-10,2024 Sediv Divisional,PF,Chaz Smith,Jason Fuller,6.827,70.600,655.788,585.188
2024-08-10,2024 Sediv Divisional,PF,Chaz Smith,Matthew Thompson,6.272,65.142,655.788,590.646
2024-08-10,2024 Sediv Divisional,PF,Chaz Smith,Christian Retterer,5.324,55.721,655.788,600.067
2024-08-10,2024 Sediv Divisional,PF,Chaz Smith,Edwin Cunill,3.491,37.079,655.788,618.709
2024-08-10,2024 Sediv Divisional,PF,Chaz Smith,Ryan Hard,3.460,36.757,655.788,619.031
2024-08-10,2024 Sediv Divisional,PF,Chaz Smith,Alan Copeland,2.534,27.126,655.788,628.662
2024-08-10,2024 Sediv Divisional,PF,Chaz Smith,James Meeks,-7.418,-86.425,655.788,742.213
2025-6-28,2025 Sediv Divisional,PF,Duke Dunsford,Edwin Cunill,18.058,238.409,911.366,672.957
2025-6-28,2025 Sediv Divisional,PF,Duke Dunsford,Matthew Thompson,17.643,233.632,911.366,677.734
2025-6-28,2025 Sediv Divisional,PF,Duke Dunsford,Christian Retterer,17.223,228.769,911.366,682.597
2025-6-28,2025 Sediv Divisional,PF,Duke Dunsford,Ryan Hard,15.998,214.419,911.366,696.947
2025-6-28,2025 Sediv Divisional,PF,Duke Dunsford,Nick Lindsay,14.659,198.419,911.366,712.947
2025-6-28,2025 Sediv Divisional,PF,Duke Dunsford,Jerry Ashmore,13.584,185.347,911.366,726.019
2025-6-28,2025 Sediv Divisional,PF,Duke Dunsford,Chaz Smith,9.312,131.256,911.366,780.110
2025-6-28,2025 Sediv Divisional,PR,Shawn Roberts,Jeremiah Hemphill,-1.883,-21.973,689.019,710.992
2025-6-28,2025 Sediv Divisional,PR,Shawn Roberts,Casey Tolbert,-3.749,-44.445,689.019,733.464
2025-6-28,2025 Sediv Divisional,PR,Shawn Roberts,Preston Niebuhr,-4.029,-47.869,689.019,736.888
2025-6-28,2025 Sediv Divisional,PR,Shawn Roberts,Katie Orgler,-4.303,-51.249,689.019,740.268
2021-10-15,2021 National Championship,PR,Shawn Roberts,Gonzalo San Miguel,-0.412,-4.021,583.939,587.960
2021-10-15,2021 National Championship,PR,Shawn Roberts,Lothrop Withington IV,-0.591,-5.777,583.939,589.716
2021-10-15,2021 National Championship,PR,Shawn Roberts,Keith Lightfoot,-2.686,-26.740,583.939,610.679
2020-08-15,2020 DirtFish National Championship,PR,Shawn Roberts,Gonzalo San Miguel,-0.652,-5.377,492.232,497.609
2020-08-15,2020 DirtFish National Championship,PR,Shawn Roberts,Howie Johnson,-2.483,-20.801,492.232,513.033
2020-08-15,2020 DirtFish National Championship,PR,Shawn Roberts,Katie Orgler,-3.321,-28.020,492.232,520.252
2020-08-15,2020 DirtFish National Championship,PR,Shawn Roberts,Mason Herrick,-3.540,-29.925,492.232,522.157
2020-08-15,2020 DirtFish National Championship,PR,Shawn Roberts,Eric Adams,-3.667,-31.030,492.232,523.262
2020-08-15,2020 DirtFish National Championship,PR,Shawn Roberts,James Green,-4.614,-39.363,492.232,531.595
2020-08-15,2020 DirtFish National Championship,PR,Shawn Roberts,Larry Smith,-5.602,-48.211,492.232,540.443
2020-08-15,2020 DirtFish National Championship,PR,Shawn Roberts,Reuben Samuels,-5.733,-49.396,492.232,541.628
2020-08-15,2020 DirtFish National Championship,PR,Shawn Roberts,Eileen Bolig,-7.029,-61.256,492.232,553.488
2020-08-15,2020 DirtFish National Championship,PR,Shawn Roberts,Conner Herrick,-8.547,-75.492,492.232,567.724
2025-08-31,2025 Great Lakes Divisional,PR,Shawn Roberts,Pete Remner,-2.824,-42.873,889.492,932.365
2025-08-31,2025 Great Lakes Divisional,PR,Shawn Roberts,Katie Orgler,-4.187,-64.317,889.492,953.809
2024-08-31,2024 Great Lakes Divisional,PR,Shawn Roberts,Katie Orgler,-2.762,-27.046,573.904,600.950
2024-08-31,2024 Great Lakes Divisional,PR,Shawn Roberts,Pete Remner,-4.041,-39.998,573.904,613.902
2025-10-17,2025 National Championship,PR,Shawn Roberts,Katie Orgler,-6.921,-83.108,678.910,762.018
2025-10-17,2025 National Championship,PR,Shawn Roberts,Jeremiah Hemphill,-7.363,-88.761,678.910,767.671
2025-10-17,2025 National Championship,PR,Shawn Roberts,Preston Niebuhr,-10.820,-134.561,678.910,813.471
2025-10-17,2025 National Championship,PR,Shawn Roberts,Casey Tolbert,-12.155,-153.036,678.910,831.946
2025-10-17,2025 National Championship,PR,Shawn Roberts,Andrea Albin,-12.706,-160.802,678.910,839.712
2025-10-17,2025 National Championship,PR,Shawn Roberts,Ben Guiraldes,-14.664,-189.018,678.910,867.928
2025-10-17,2025 National Championship,PR,Shawn Roberts,Carmen Rowlands,-15.430,-200.359,678.910,879.269
2023-10-06,2023 National Championship,PR,Shawn Roberts,Lothrop Withington IV,0.049,0.534,654.711,654.177
2023-10-06,2023 National Championship,PR,Shawn Roberts,Gonzalo San Miguel,-0.088,-0.965,654.711,655.676
2023-10-06,2023 National Championship,PR,Shawn Roberts,Ethan Buettner,-3.736,-42.072,654.711,696.783
2023-10-06,2023 National Championship,PR,Shawn Roberts,James Green,-4.081,-46.104,654.711,700.815
2023-10-06,2023 National Championship,PR,Shawn Roberts,Katie Orgler,-5.539,-63.360,654.711,718.071
2023-10-06,2023 National Championship,PR,Shawn Roberts,Joey Green,-7.975,-93.211,654.711,747.922
2024-10-18,2024 National Championships,PR,Shawn Roberts,Niles Davis,-1.114,-12.915,689.100,702.015
2024-10-18,2024 National Championships,PR,Shawn Roberts,Joshua Mefford,-2.657,-31.212,689.100,720.312
2024-10-18,2024 National Championships,PR,Shawn Roberts,Gonzalo San Miguel,-3.287,-38.818,689.100,727.918
2024-10-18,2024 National Championships,PR,Shawn Roberts,Jeremiah Hemphill,-3.379,-39.930,689.100,729.030
2024-10-18,2024 National Championships,PR,Shawn Roberts,Jason Lee,-4.284,-51.022,689.100,740.122
2024-10-18,2024 National Championships,PR,Shawn Roberts,Katie Orgler,-5.115,-61.364,689.100,750.464
2024-10-18,2024 National Championships,PR,Shawn Roberts,Pete Remner,-5.440,-65.441,689.100,754.541
2024-10-18,2024 National Championships,PR,Shawn Roberts,Casey Tolbert,-6.134,-74.240,689.100,763.340
2024-10-18,2024 National Championships,PR,Shawn Roberts,Rudy Bowen,-6.869,-83.675,689.100,772.775
2024-10-18,2024 National Championships,PR,Shawn Roberts,William Watson,-7.524,-92.200,689.100,781.300
2024-10-18,2024 National Championships,PR,Shawn Roberts,Chris Johnson,-8.714,-107.918,689.100,797.018
2024-10-18,2024 National Championships,PR,Shawn Roberts,Ben Guiraldes,-8.869,-109.987,689.100,799.087
2024-10-18,2024 National Championships,PR,Shawn Roberts,Chris Raglin,-11.249,-142.556,689.100,831.656
2024-10-18,2024 National Championships,PR,Shawn Roberts,Karissa Peel,-15.566,-205.417,689.100,894.517
2025-6-28,2025 Sediv Divisional,PR,Jeremiah Hemphill,Shawn Roberts,1.883,21.973,710.992,689.019
2025-6-28,2025 Sediv Divisional,PR,Jeremiah Hemphill,Casey Tolbert,-1.867,-22.472,710.992,733.464
2025-6-28,2025 Sediv Divisional,PR,Jeremiah Hemphill,Preston Niebuhr,-2.146,-25.896,710.992,736.888
2025-6-28,2025 Sediv Divisional,PR,Jeremiah Hemphill,Katie Orgler,-2.421,-29.276,710.992,740.268
2024-08-10,2024 Sediv Divisional,PR,Jeremiah Hemphill,Casey Tolbert,-0.832,-8.912,638.099,647.011
2024-08-10,2024 Sediv Divisional,PR,Jeremiah Hemphill,Rudy Bowen,-2.303,-24.973,638.099,663.072
2025-10-17,2025 National Championship,PR,Jeremiah Hemphill,Shawn Roberts,7.363,88.761,767.671,678.910
2025-10-17,2025 National Championship,PR,Jeremiah Hemphill,Katie Orgler,0.443,5.653,767.671,762.018
2025-10-17,2025 National Championship,PR,Jeremiah Hemphill,Preston Niebuhr,-3.476,-45.800,767.671,813.471
2025-10-17,2025 National Championship,PR,Jeremiah Hemphill,Casey Tolbert,-4.822,-64.275,767.671,831.946
2025-10-17,2025 National Championship,PR,Jeremiah Hemphill,Andrea Albin,-5.378,-72.041,767.671,839.712
2025-10-17,2025 National Championship,PR,Jeremiah Hemphill,Ben Guiraldes,-7.356,-100.257,767.671,867.928
2025-10-17,2025 National Championship,PR,Jeremiah Hemphill,Carmen Rowlands,-8.131,-111.598,767.671,879.269
2024-10-18,2024 National Championships,PR,Jeremiah Hemphill,Shawn Roberts,3.379,39.930,729.030,689.100
2024-10-18,2024 National Championships,PR,Jeremiah Hemphill,Niles Davis,2.265,27.015,729.030,702.015
2024-10-18,2024 National Championships,PR,Jeremiah Hemphill,Joshua Mefford,0.722,8.718,729.030,720.312
2024-10-18,2024 National Championships,PR,Jeremiah Hemphill,Gonzalo San Miguel,0.092,1.112,729.030,727.918
2024-10-18,2024 National Championships,PR,Jeremiah Hemphill,Jason Lee,-0.906,-11.092,729.030,740.122
2024-10-18,2024 National Championships,PR,Jeremiah Hemphill,Katie Orgler,-1.738,-21.434,729.030,750.464
2024-10-18,2024 National Championships,PR,Jeremiah Hemphill,Pete Remner,-2.063,-25.511,729.030,754.541
2024-10-18,2024 National Championships,PR,Jeremiah Hemphill,Casey Tolbert,-2.759,-34.310,729.030,763.340
2024-10-18,2024 National Championships,PR,Jeremiah Hemphill,Rudy Bowen,-3.495,-43.745,729.030,772.775
2024-10-18,2024 National Championships,PR,Jeremiah Hemphill,William Watson,-4.153,-52.270,729.030,781.300
2024-10-18,2024 National Championships,PR,Jeremiah Hemphill,Chris Johnson,-5.346,-67.988,729.030,797.018
2024-10-18,2024 National Championships,PR,Jeremiah Hemphill,Ben Guiraldes,-5.501,-70.057,729.030,799.087
2024-10-18,2024 National Championships,PR,Jeremiah Hemphill,Chris Raglin,-7.891,-102.626,729.030,831.656
2024-10-18,2024 National Championships,PR,Jeremiah Hemphill,Karissa Peel,-12.232,-165.487,729.030,894.517
2025-6-28,2025 Sediv Divisional,PR,Casey Tolbert,Shawn Roberts,3.749,44.445,733.464,689.019
2025-6-28,2025 Sediv Divisional,PR,Casey Tolbert,Jeremiah Hemphill,1.867,22.472,733.464,710.992
2025-6-28,2025 Sediv Divisional,PR,Casey Tolbert,Preston Niebuhr,-0.279,-3.424,733.464,736.888
2025-6-28,2025 Sediv Divisional,PR,Casey Tolbert,Katie Orgler,-0.554,-6.804,733.464,740.268
2024-08-10,2024 Sediv Divisional,PR,Casey Tolbert,Jeremiah Hemphill,0.832,8.912,647.011,638.099
2024-08-10,2024 Sediv Divisional,PR,Casey Tolbert,Rudy Bowen,-1.471,-16.061,647.011,663.072
2025-10-17,2025 National Championship,PR,Casey Tolbert,Shawn Roberts,12.155,153.036,831.946,678.910
2025-10-17,2025 National Championship,PR,Casey Tolbert,Katie Orgler,5.264,69.928,831.946,762.018
2025-10-17,2025 National Championship,PR,Casey Tolbert,Jeremiah Hemphill,4.822,64.275,831.946,767.671
2025-10-17,2025 National Championship,PR,Casey Tolbert,Preston Niebuhr,1.347,18.475,831.946,813.471
2025-10-17,2025 National Championship,PR,Casey Tolbert,Andrea Albin,-0.557,-7.766,831.946,839.712
2025-10-17,2025 National Championship,PR,Casey Tolbert,Ben Guiraldes,-2.540,-35.982,831.946,867.928
2025-10-17,2025 National Championship,PR,Casey Tolbert,Carmen Rowlands,-3.319,-47.323,831.946,879.269
2024-10-18,2024 National Championships,PR,Casey Tolbert,Shawn Roberts,6.134,74.240,763.340,689.100
2024-10-18,2024 National Championships,PR,Casey Tolbert,Niles Davis,5.022,61.325,763.340,702.015
2024-10-18,2024 National Championships,PR,Casey Tolbert,Joshua Mefford,3.480,43.028,763.340,720.312
2024-10-18,2024 National Championships,PR,Casey Tolbert,Gonzalo San Miguel,2.850,35.422,763.340,727.918
2024-10-18,2024 National Championships,PR,Casey Tolbert,Jeremiah Hemphill,2.759,34.310,763.340,729.030
2024-10-18,2024 National Championships,PR,Casey Tolbert,Jason Lee,1.853,23.218,763.340,740.122
2024-10-18,2024 National Championships,PR,Casey Tolbert,Katie Orgler,1.021,12.876,763.340,750.464
2024-10-18,2024 National Championships,PR,Casey Tolbert,Pete Remner,0.696,8.799,763.340,754.541
2024-10-18,2024 National Championships,PR,Casey Tolbert,Rudy Bowen,-0.737,-9.435,763.340,772.775
2024-10-18,2024 National Championships,PR,Casey Tolbert,William Watson,-1.395,-17.960,763.340,781.300
2024-10-18,2024 National Championships,PR,Casey Tolbert,Chris Johnson,-2.590,-33.678,763.340,797.018
2024-10-18,2024 National Championships,PR,Casey Tolbert,Ben Guiraldes,-2.745,-35.747,763.340,799.087
2024-10-18,2024 National Championships,PR,Casey Tolbert,Chris Raglin,-5.140,-68.316,763.340,831.656
2024-10-18,2024 National Championships,PR,Casey Tolbert,Karissa Peel,-9.495,-131.177,763.340,894.517
2025-6-28,2025 Sediv Divisional,PR,Preston Niebuhr,Shawn Roberts,4.029,47.869,736.888,689.019
2025-6-28,2025 Sediv Divisional,PR,Preston Niebuhr,Jeremiah Hemphill,2.146,25.896,736.888,710.992
2025-6-28,2025 Sediv Divisional,PR,Preston Niebuhr,Casey Tolbert,0.279,3.424,736.888,733.464
2025-6-28,2025 Sediv Divisional,PR,Preston Niebuhr,Katie Orgler,-0.275,-3.380,736.888,740.268
2025-10-17,2025 National Championship,PR,Preston Niebuhr,Shawn Roberts,10.820,134.561,813.471,678.910
2025-10-17,2025 National Championship,PR,Preston Niebuhr,Katie Orgler,3.919,51.453,813.471,762.018
2025-10-17,2025 National Championship,PR,Preston Niebuhr,Jeremiah Hemphill,3.476,45.800,813.471,767.671
2025-10-17,2025 National Championship,PR,Preston Niebuhr,Casey Tolbert,-1.347,-18.475,813.471,831.946
2025-10-17,2025 National Championship,PR,Preston Niebuhr,Andrea Albin,-1.905,-26.241,813.471,839.712
2025-10-17,2025 National Championship,PR,Preston Niebuhr,Ben Guiraldes,-3.887,-54.457,813.471,867.928
2025-10-17,2025 National Championship,PR,Preston Niebuhr,Carmen Rowlands,-4.664,-65.798,813.471,879.269
2025-6-28,2025 Sediv Divisional,PR,Katie Orgler,Shawn Roberts,4.303,51.249,740.268,689.019
2025-6-28,2025 Sediv Divisional,PR,Katie Orgler,Jeremiah Hemphill,2.421,29.276,740.268,710.992
2025-6-28,2025 Sediv Divisional,PR,Katie Orgler,Casey Tolbert,0.554,6.804,740.268,733.464
2025-6-28,2025 Sediv Divisional,PR,Katie Orgler,Preston Niebuhr,0.275,3.380,740.268,736.888
2020-08-15,2020 DirtFish National Championship,PR,Katie Orgler,Shawn Roberts,3.321,28.020,520.252,492.232
2020-08-15,2020 DirtFish National Championship,PR,Katie Orgler,Gonzalo San Miguel,2.669,22.643,520.252,497.609
2020-08-15,2020 DirtFish National Championship,PR,Katie Orgler,Howie Johnson,0.838,7.219,520.252,513.033
2020-08-15,2020 DirtFish National Championship,PR,Katie Orgler,Mason Herrick,-0.219,-1.905,520.252,522.157
2020-08-15,2020 DirtFish National Championship,PR,Katie Orgler,Eric Adams,-0.346,-3.010,520.252,523.262
2020-08-15,2020 DirtFish National Championship,PR,Katie Orgler,James Green,-1.294,-11.343,520.252,531.595
2020-08-15,2020 DirtFish National Championship,PR,Katie Orgler,Larry Smith,-2.284,-20.191,520.252,540.443
2020-08-15,2020 DirtFish National Championship,PR,Katie Orgler,Reuben Samuels,-2.416,-21.376,520.252,541.628
2020-08-15,2020 DirtFish National Championship,PR,Katie Orgler,Eileen Bolig,-3.714,-33.236,520.252,553.488
2020-08-15,2020 DirtFish National Championship,PR,Katie Orgler,Conner Herrick,-5.236,-47.472,520.252,567.724
2025-08-31,2025 Great Lakes Divisional,PR,Katie Orgler,Shawn Roberts,4.187,64.317,953.809,889.492
2025-08-31,2025 Great Lakes Divisional,PR,Katie Orgler,Pete Remner,1.364,21.444,953.809,932.365
2024-08-31,2024 Great Lakes Divisional,PR,Katie Orgler,Shawn Roberts,2.762,27.046,600.950,573.904
2024-08-31,2024 Great Lakes Divisional,PR,Katie Orgler,Pete Remner,-1.279,-12.952,600.950,613.902
2025-10-17,2025 National Championship,PR,Katie Orgler,Shawn Roberts,6.921,83.108,762.018,678.910
2025-10-17,2025 National Championship,PR,Katie Orgler,Jeremiah Hemphill,-0.443,-5.653,762.018,767.671
2025-10-17,2025 National Championship,PR,Katie Orgler,Preston Niebuhr,-3.919,-51.453,762.018,813.471
2025-10-17,2025 National Championship,PR,Katie Orgler,Casey Tolbert,-5.264,-69.928,762.018,831.946
2025-10-17,2025 National Championship,PR,Katie Orgler,Andrea Albin,-5.821,-77.694,762.018,839.712
2025-10-17,2025 National Championship,PR,Katie Orgler,Ben Guiraldes,-7.797,-105.910,762.018,867.928
2025-10-17,2025 National Championship,PR,Katie Orgler,Carmen Rowlands,-8.573,-117.251,762.018,879.269
2023-10-06,2023 National Championship,PR,Katie Orgler,Lothrop Withington IV,5.587,63.894,718.071,654.177
2023-10-06,2023 National Championship,PR,Katie Orgler,Shawn Roberts,5.539,63.360,718.071,654.711
2023-10-06,2023 National Championship,PR,Katie Orgler,Gonzalo San Miguel,5.450,62.395,718.071,655.676
2023-10-06,2023 National Championship,PR,Katie Orgler,Ethan Buettner,1.806,21.288,718.071,696.783
2023-10-06,2023 National Championship,PR,Katie Orgler,James Green,1.459,17.256,718.071,700.815
2023-10-06,2023 National Championship,PR,Katie Orgler,Joey Green,-2.443,-29.851,718.071,747.922
2024-10-18,2024 National Championships,PR,Katie Orgler,Shawn Roberts,5.115,61.364,750.464,689.100
2024-10-18,2024 National Championships,PR,Katie Orgler,Niles Davis,4.003,48.449,750.464,702.015
2024-10-18,2024 National Championships,PR,Katie Orgler,Joshua Mefford,2.460,30.152,750.464,720.312
2024-10-18,2024 National Championships,PR,Katie Orgler,Gonzalo San Miguel,1.830,22.546,750.464,727.918
2024-10-18,2024 National Championships,PR,Katie Orgler,Jeremiah Hemphill,1.738,21.434,750.464,729.030
2024-10-18,2024 National Championships,PR,Katie Orgler,Jason Lee,0.833,10.342,750.464,740.122
2024-10-18,2024 National Championships,PR,Katie Orgler,Pete Remner,-0.325,-4.077,750.464,754.541
2024-10-18,2024 National Championships,PR,Katie Orgler,Casey Tolbert,-1.021,-12.876,750.464,763.340
2024-10-18,2024 National Championships,PR,Katie Orgler,Rudy Bowen,-1.758,-22.311,750.464,772.775
2024-10-18,2024 National Championships,PR,Katie Orgler,William Watson,-2.416,-30.836,750.464,781.300
2024-10-18,2024 National Championships,PR,Katie Orgler,Chris Johnson,-3.610,-46.554,750.464,797.018
2024-10-18,2024 National Championships,PR,Katie Orgler,Ben Guiraldes,-3.765,-48.623,750.464,799.087
2024-10-18,2024 National Championships,PR,Katie Orgler,Chris Raglin,-6.158,-81.192,750.464,831.656
2024-10-18,2024 National Championships,PR,Katie Orgler,Karissa Peel,-10.509,-144.053,750.464,894.517
2025-6-28,2025 Sediv Divisional,PA,Zachary O'Hare,Jonathan Park,-8.817,-110.144,694.450,804.594
2025-6-28,2025 Sediv Divisional,PA,Zachary O'Hare,Ian Nevins,-9.312,-116.844,694.450,811.294
2024-08-10,2024 Sediv Divisional,PA,Zachary O'Hare,Matt Thiemann,10.781,116.460,706.374,589.914
2024-08-10,2024 Sediv Divisional,PA,Zachary O'Hare,ML Culpepper,6.049,67.799,706.374,638.575
2024-08-10,2024 Sediv Divisional,PA,Zachary O'Hare,Nicholas Maier,1.978,22.906,706.374,683.468
2024-08-10,2024 Sediv Divisional,PA,Zachary O'Hare,Brandon Clayton,-0.421,-4.975,706.374,711.349
2025-10-17,2025 National Championship,PA,Zachary O'Hare,Mark Hill,10.302,126.128,797.659,671.531
2025-10-17,2025 National Championship,PA,Zachary O'Hare,Jason Fuller,7.632,95.391,797.659,702.268
2025-10-17,2025 National Championship,PA,Zachary O'Hare,Casey Hamm,1.011,13.323,797.659,784.336
2025-10-17,2025 National Championship,PA,Zachary O'Hare,Patrick Marcum,-0.269,-3.583,797.659,801.242
2025-10-17,2025 National Championship,PA,Zachary O'Hare,Jennifer Samardak,-0.288,-3.839,797.659,801.498
2025-10-17,2025 National Championship,PA,Zachary O'Hare,Scott Francis,-1.484,-19.971,797.659,817.630
2025-10-17,2025 National Championship,PA,Zachary O'Hare,Lucas Laeser,-3.949,-54.283,797.659,851.942
2025-10-17,2025 National Championship,PA,Zachary O'Hare,Thomas Morris,-5.231,-72.710,797.659,870.369
2025-6-28,2025 Sediv Divisional,PA,Jonathan Park,Zachary O'Hare,8.817,110.144,804.594,694.450
2025-6-28,2025 Sediv Divisional,PA,Jonathan Park,Ian Nevins,-0.498,-6.700,804.594,811.294
2025-6-28,2025 Sediv Divisional,PA,Ian Nevins,Zachary O'Hare,9.312,116.844,811.294,694.450
2025-6-28,2025 Sediv Divisional,PA,Ian Nevins,Jonathan Park,0.498,6.700,811.294,804.594
2025-6-28,2025 Sediv Divisional,MF,Jarrod Barlow,Brian Peel,-1.247,-13.868,660.544,674.412
2025-6-28,2025 Sediv Divisional,MF,Jarrod Barlow,Colin Kilby,-1.835,-20.517,660.544,681.061
2025-6-28,2025 Sediv Divisional,MF,Jarrod Barlow,Taylor Mecsko,-3.051,-34.465,660.544,695.009
2025-6-28,2025 Sediv Divisional,MF,Jarrod Barlow,Samuel Smith,-4.049,-46.130,660.544,706.674
2025-6-28,2025 Sediv Divisional,MF,Jarrod Barlow,Brian Mecsko,-4.595,-52.599,660.544,713.143
2025-6-28,2025 Sediv Divisional,MF,Jarrod Barlow,Karissa Peel,-6.188,-71.822,660.544,732.366
2025-10-17,2025 National Championship,MF,Jarrod Barlow,Andy Thomas,3.220,36.515,698.729,662.214
2025-10-17,2025 National Championship,MF,Jarrod Barlow,Colin Kilby,-1.134,-13.327,698.729,712.056
2025-10-17,2025 National Championship,MF,Jarrod Barlow,Justin Harris,-1.333,-15.703,698.729,714.432
2025-10-17,2025 National Championship,MF,Jarrod Barlow,Brian Peel,-1.784,-21.087,698.729,719.816
2025-10-17,2025 National Championship,MF,Jarrod Barlow,Donald Carl,-3.449,-41.352,698.729,740.081
2025-10-17,2025 National Championship,MF,Jarrod Barlow,John Schellenberg,-3.877,-46.661,698.729,745.390
2025-10-17,2025 National Championship,MF,Jarrod Barlow,Logan Dehne,-4.355,-52.625,698.729,751.354
2025-10-17,2025 National Championship,MF,Jarrod Barlow,Charles Carl,-6.308,-77.532,698.729,776.261
2025-10-17,2025 National Championship,MF,Jarrod Barlow,Quinn Harris,-7.943,-99.053,698.729,797.782
2025-10-17,2025 National Championship,MF,Jarrod Barlow,William Dehne,-8.323,-104.145,698.729,802.874
2025-10-17,2025 National Championship,MF,Jarrod Barlow,Karissa Peel,-10.718,-137.052,698.729,835.781
2025-10-17,2025 National Championship,MF,Jarrod Barlow,Nelson Santos,-18.442,-253.760,698.729,952.489
2025-10-17,2025 National Championship,MF,Jarrod Barlow,James Dale,-18.582,-256.051,698.729,954.780
2025-10-17,2025 National Championship,MF,Jarrod Barlow,Zbigniew Lorenc,-19.826,-276.578,698.729,975.307
2023-10-06,2023 National Championship,MF,Jarrod Barlow,Zbigniew Lorenc,2.061,21.790,645.372,623.582
2023-10-06,2023 National Championship,MF,Jarrod Barlow,Blanton Payne,1.157,12.329,645.372,633.043
2023-10-06,2023 National Championship,MF,Jarrod Barlow,Donald Carl,-0.014,-0.147,645.372,645.519
2023-10-06,2023 National Championship,MF,Jarrod Barlow,Kevin Murphy,-0.658,-7.117,645.372,652.489
2023-10-06,2023 National Championship,MF,Jarrod Barlow,Brian Peel,-2.214,-24.263,645.372,669.635
2023-10-06,2023 National Championship,MF,Jarrod Barlow,Sean Grubb,-2.230,-24.441,645.372,669.813
2023-10-06,2023 National Championship,MF,Jarrod Barlow,Josh Karczewski,-2.633,-28.960,645.372,674.332
2023-10-06,2023 National Championship,MF,Jarrod Barlow,Bret Hunter,-5.998,-67.913,645.372,713.285
2024-10-18,2024 National Championships,MF,Jarrod Barlow,Andy Thomas,1.473,17.000,700.977,683.977
2024-10-18,2024 National Championships,MF,Jarrod Barlow,Zbigniew Lorenc,1.333,15.401,700.977,685.576
2024-10-18,2024 National Championships,MF,Jarrod Barlow,Blanton Payne,1.124,13.006,700.977,687.971
2024-10-18,2024 National Championships,MF,Jarrod Barlow,Colin Kilby,-0.426,-4.991,700.977,705.968
2024-10-18,2024 National Championships,MF,Jarrod Barlow,Justin Harris,-0.759,-8.918,700.977,709.895
2024-10-18,2024 National Championships,MF,Jarrod Barlow,Brian Peel,-0.818,-9.617,700.977,710.594
2024-10-18,2024 National Championships,MF,Jarrod Barlow,Bret Hunter,-1.032,-12.167,700.977,713.144
2024-10-18,2024 National Championships,MF,Jarrod Barlow,Jim Rowland,-1.111,-13.099,700.977,714.076
2024-10-18,2024 National Championships,MF,Jarrod Barlow,John Schellenberg,-2.437,-29.063,700.977,730.040
2024-10-18,2024 National Championships,MF,Jarrod Barlow,Logan Dehne,-2.454,-29.271,700.977,730.248
2024-10-18,2024 National Championships,MF,Jarrod Barlow,William Dehne,-3.862,-46.622,700.977,747.599
2024-10-18,2024 National Championships,MF,Jarrod Barlow,Jerry Ashmore,-4.359,-52.842,700.977,753.819
2024-10-18,2024 National Championships,MF,Jarrod Barlow,Josh Karczewski,-4.885,-59.499,700.977,760.476
2024-10-18,2024 National Championships,MF,Jarrod Barlow,Pete Bates,-7.419,-92.389,700.977,793.366
2024-10-18,2024 National Championships,MF,Jarrod Barlow,Alan Hoppe Jr,-11.217,-144.563,700.977,845.540
2024-10-18,2024 National Championships,MF,Jarrod Barlow,Alan Hoppe,-11.577,-149.700,700.977,850.677
2025-6-28,2025 Sediv Divisional,MF,Brian Peel,Jarrod Barlow,1.247,13.868,674.412,660.544
2025-6-28,2025 Sediv Divisional,MF,Brian Peel,Colin Kilby,-0.589,-6.649,674.412,681.061
2025-6-28,2025 Sediv Divisional,MF,Brian Peel,Taylor Mecsko,-1.805,-20.597,674.412,695.009
2025-6-28,2025 Sediv Divisional,MF,Brian Peel,Samuel Smith,-2.803,-32.262,674.412,706.674
2025-6-28,2025 Sediv Divisional,MF,Brian Peel,Brian Mecsko,-3.350,-38.731,674.412,713.143
2025-6-28,2025 Sediv Divisional,MF,Brian Peel,Karissa Peel,-4.944,-57.954,674.412,732.366
2024-08-10,2024 Sediv Divisional,MF,Brian Peel,Colin Kilby,1.203,12.434,626.491,614.057
2024-08-10,2024 Sediv Divisional,MF,Brian Peel,John Schellenberg,0.567,5.896,626.491,620.595
2024-08-10,2024 Sediv Divisional,MF,Brian Peel,Jerry Ashmore,-0.040,-0.416,626.491,626.907
2024-08-10,2024 Sediv Divisional,MF,Brian Peel,William Dehne,-0.181,-1.890,626.491,628.381
2025-10-17,2025 National Championship,MF,Brian Peel,Andy Thomas,5.002,57.602,719.816,662.214
2025-10-17,2025 National Championship,MF,Brian Peel,Jarrod Barlow,1.784,21.087,719.816,698.729
2025-10-17,2025 National Championship,MF,Brian Peel,Colin Kilby,0.650,7.760,719.816,712.056
2025-10-17,2025 National Championship,MF,Brian Peel,Justin Harris,0.450,5.384,719.816,714.432
2025-10-17,2025 National Championship,MF,Brian Peel,Donald Carl,-1.666,-20.265,719.816,740.081
2025-10-17,2025 National Championship,MF,Brian Peel,John Schellenberg,-2.095,-25.574,719.816,745.390
2025-10-17,2025 National Championship,MF,Brian Peel,Logan Dehne,-2.572,-31.538,719.816,751.354
2025-10-17,2025 National Championship,MF,Brian Peel,Charles Carl,-4.527,-56.445,719.816,776.261
2025-10-17,2025 National Championship,MF,Brian Peel,Quinn Harris,-6.165,-77.966,719.816,797.782
2025-10-17,2025 National Championship,MF,Brian Peel,William Dehne,-6.546,-83.058,719.816,802.874
2025-10-17,2025 National Championship,MF,Brian Peel,Karissa Peel,-8.946,-115.965,719.816,835.781
2025-10-17,2025 National Championship,MF,Brian Peel,Nelson Santos,-16.696,-232.673,719.816,952.489
2025-10-17,2025 National Championship,MF,Brian Peel,James Dale,-16.837,-234.964,719.816,954.780
2025-10-17,2025 National Championship,MF,Brian Peel,Zbigniew Lorenc,-18.087,-255.491,719.816,975.307
2022-09-23,2022 National Championships,MF,Brian Peel,Andy Thomas,2.279,19.702,528.484,508.782
2022-09-23,2022 National Championships,MF,Brian Peel,Aaron Miller,1.637,14.222,528.484,514.262
2022-09-23,2022 National Championships,MF,Brian Peel,Trent McQueen,-0.025,-0.221,528.484,528.705
2022-09-23,2022 National Championships,MF,Brian Peel,Jason Lang,-0.303,-2.679,528.484,531.163
2022-09-23,2022 National Championships,MF,Brian Peel,Morgan Schoepke,-0.543,-4.807,528.484,533.291
2022-09-23,2022 National Championships,MF,Brian Peel,Bryson Downing,-0.923,-8.191,528.484,536.675
2022-09-23,2022 National Championships,MF,Brian Peel,Kelly Keefe,-2.233,-20.044,528.484,548.528
2022-09-23,2022 National Championships,MF,Brian Peel,Mike Snyder,-2.817,-25.408,528.484,553.892
2022-09-23,2022 National Championships,MF,Brian Peel,Eric Schaub,-3.931,-35.798,528.484,564.282
2022-09-23,2022 National Championships,MF,Brian Peel,Ryan Haenny,-4.291,-39.194,528.484,567.678
2022-09-23,2022 National Championships,MF,Brian Peel,Matthew Thompson,-4.730,-43.369,528.484,571.853
2022-09-23,2022 National Championships,MF,Brian Peel,Brad Turnbull,-5.326,-49.086,528.484,577.570
2022-09-23,2022 National Championships,MF,Brian Peel,Bret Hunter,-7.578,-71.251,528.484,599.735
2022-09-23,2022 National Championships,MF,Brian Peel,Josh Karczewski,-9.774,-93.728,528.484,622.212
2022-09-23,2022 National Championships,MF,Brian Peel,Tiernan Eiberger,-9.863,-94.654,528.484,623.138
2023-10-06,2023 National Championship,MF,Brian Peel,Zbigniew Lorenc,4.273,46.053,669.635,623.582
2023-10-06,2023 National Championship,MF,Brian Peel,Blanton Payne,3.371,36.592,669.635,633.043
2023-10-06,2023 National Championship,MF,Brian Peel,Jarrod Barlow,2.214,24.263,669.635,645.372
2023-10-06,2023 National Championship,MF,Brian Peel,Donald Carl,2.200,24.116,669.635,645.519
2023-10-06,2023 National Championship,MF,Brian Peel,Kevin Murphy,1.556,17.146,669.635,652.489
2023-10-06,2023 National Championship,MF,Brian Peel,Sean Grubb,-0.016,-0.178,669.635,669.813
2023-10-06,2023 National Championship,MF,Brian Peel,Josh Karczewski,-0.419,-4.697,669.635,674.332
2023-10-06,2023 National Championship,MF,Brian Peel,Bret Hunter,-3.788,-43.650,669.635,713.285
2024-10-18,2024 National Championships,MF,Brian Peel,Andy Thomas,2.290,26.617,710.594,683.977
2024-10-18,2024 National Championships,MF,Brian Peel,Zbigniew Lorenc,2.150,25.018,710.594,685.576
2024-10-18,2024 National Championships,MF,Brian Peel,Blanton Payne,1.941,22.623,710.594,687.971
2024-10-18,2024 National Championships,MF,Brian Peel,Jarrod Barlow,0.818,9.617,710.594,700.977
2024-10-18,2024 National Championships,MF,Brian Peel,Colin Kilby,0.392,4.626,710.594,705.968
2024-10-18,2024 National Championships,MF,Brian Peel,Justin Harris,0.059,0.699,710.594,709.895
2024-10-18,2024 National Championships,MF,Brian Peel,Bret Hunter,-0.215,-2.550,710.594,713.144
2024-10-18,2024 National Championships,MF,Brian Peel,Jim Rowland,-0.293,-3.482,710.594,714.076
2024-10-18,2024 National Championships,MF,Brian Peel,John Schellenberg,-1.620,-19.446,710.594,730.040
2024-10-18,2024 National Championships,MF,Brian Peel,Logan Dehne,-1.637,-19.654,710.594,730.248
2024-10-18,2024 National Championships,MF,Brian Peel,William Dehne,-3.045,-37.005,710.594,747.599
2024-10-18,2024 National Championships,MF,Brian Peel,Jerry Ashmore,-3.542,-43.225,710.594,753.819
2024-10-18,2024 National Championships,MF,Brian Peel,Josh Karczewski,-4.069,-49.882,710.594,760.476
2024-10-18,2024 National Championships,MF,Brian Peel,Pete Bates,-6.604,-82.772,710.594,793.366
2024-10-18,2024 National Championships,MF,Brian Peel,Alan Hoppe Jr,-10.406,-134.946,710.594,845.540
2024-10-18,2024 National Championships,MF,Brian Peel,Alan Hoppe,-10.767,-140.083,710.594,850.677
2025-6-28,2025 Sediv Divisional,MF,Colin Kilby,Jarrod Barlow,1.835,20.517,681.061,660.544
2025-6-28,2025 Sediv Divisional,MF,Colin Kilby,Brian Peel,0.589,6.649,681.061,674.412
2025-6-28,2025 Sediv Divisional,MF,Colin Kilby,Taylor Mecsko,-1.216,-13.948,681.061,695.009
2025-6-28,2025 Sediv Divisional,MF,Colin Kilby,Samuel Smith,-2.215,-25.613,681.061,706.674
2025-6-28,2025 Sediv Divisional,MF,Colin Kilby,Brian Mecsko,-2.761,-32.082,681.061,713.143
2025-6-28,2025 Sediv Divisional,MF,Colin Kilby,Karissa Peel,-4.356,-51.305,681.061,732.366
2024-08-10,2024 Sediv Divisional,MF,Colin Kilby,John Schellenberg,-0.635,-6.538,614.057,620.595
2024-08-10,2024 Sediv Divisional,MF,Colin Kilby,Brian Peel,-1.203,-12.434,614.057,626.491
2024-08-10,2024 Sediv Divisional,MF,Colin Kilby,Jerry Ashmore,-1.243,-12.850,614.057,626.907
2024-08-10,2024 Sediv Divisional,MF,Colin Kilby,William Dehne,-1.383,-14.324,614.057,628.381
2025-10-17,2025 National Championship,MF,Colin Kilby,Andy Thomas,4.352,49.842,712.056,662.214
2025-10-17,2025 National Championship,MF,Colin Kilby,Jarrod Barlow,1.134,13.327,712.056,698.729
2025-10-17,2025 National Championship,MF,Colin Kilby,Justin Harris,-0.200,-2.376,712.056,714.432
2025-10-17,2025 National Championship,MF,Colin Kilby,Brian Peel,-0.650,-7.760,712.056,719.816
2025-10-17,2025 National Championship,MF,Colin Kilby,Donald Carl,-2.316,-28.025,712.056,740.081
2025-10-17,2025 National Championship,MF,Colin Kilby,John Schellenberg,-2.745,-33.334,712.056,745.390
2025-10-17,2025 National Championship,MF,Colin Kilby,Logan Dehne,-3.222,-39.298,712.056,751.354
2025-10-17,2025 National Championship,MF,Colin Kilby,Charles Carl,-5.177,-64.205,712.056,776.261
2025-10-17,2025 National Championship,MF,Colin Kilby,Quinn Harris,-6.813,-85.726,712.056,797.782
2025-10-17,2025 National Championship,MF,Colin Kilby,William Dehne,-7.194,-90.818,712.056,802.874
2025-10-17,2025 National Championship,MF,Colin Kilby,Karissa Peel,-9.592,-123.725,712.056,835.781
2025-10-17,2025 National Championship,MF,Colin Kilby,Nelson Santos,-17.333,-240.433,712.056,952.489
2025-10-17,2025 National Championship,MF,Colin Kilby,James Dale,-17.474,-242.724,712.056,954.780
2025-10-17,2025 National Championship,MF,Colin Kilby,Zbigniew Lorenc,-18.722,-263.251,712.056,975.307
2024-10-18,2024 National Championships,MF,Colin Kilby,Andy Thomas,1.899,21.991,705.968,683.977
2024-10-18,2024 National Championships,MF,Colin Kilby,Zbigniew Lorenc,1.759,20.392,705.968,685.576
2024-10-18,2024 National Championships,MF,Colin Kilby,Blanton Payne,1.549,17.997,705.968,687.971
2024-10-18,2024 National Championships,MF,Colin Kilby,Jarrod Barlow,0.426,4.991,705.968,700.977
2024-10-18,2024 National Championships,MF,Colin Kilby,Justin Harris,-0.333,-3.927,705.968,709.895
2024-10-18,2024 National Championships,MF,Colin Kilby,Brian Peel,-0.392,-4.626,705.968,710.594
2024-10-18,2024 National Championships,MF,Colin Kilby,Bret Hunter,-0.607,-7.176,705.968,713.144
2024-10-18,2024 National Championships,MF,Colin Kilby,Jim Rowland,-0.685,-8.108,705.968,714.076
2024-10-18,2024 National Championships,MF,Colin Kilby,John Schellenberg,-2.012,-24.072,705.968,730.040
2024-10-18,2024 National Championships,MF,Colin Kilby,Logan Dehne,-2.029,-24.280,705.968,730.248
2024-10-18,2024 National Championships,MF,Colin Kilby,William Dehne,-3.437,-41.631,705.968,747.599
2024-10-18,2024 National Championships,MF,Colin Kilby,Jerry Ashmore,-3.934,-47.851,705.968,753.819
2024-10-18,2024 National Championships,MF,Colin Kilby,Josh Karczewski,-4.460,-54.508,705.968,760.476
2024-10-18,2024 National Championships,MF,Colin Kilby,Pete Bates,-6.995,-87.398,705.968,793.366
2024-10-18,2024 National Championships,MF,Colin Kilby,Alan Hoppe Jr,-10.795,-139.572,705.968,845.540
2024-10-18,2024 National Championships,MF,Colin Kilby,Alan Hoppe,-11.155,-144.709,705.968,850.677
2025-6-28,2025 Sediv Divisional,MF,Taylor Mecsko,Jarrod Barlow,3.051,34.465,695.009,660.544
2025-6-28,2025 Sediv Divisional,MF,Taylor Mecsko,Brian Peel,1.805,20.597,695.009,674.412
2025-6-28,2025 Sediv Divisional,MF,Taylor Mecsko,Colin Kilby,1.216,13.948,695.009,681.061
2025-6-28,2025 Sediv Divisional,MF,Taylor Mecsko,Samuel Smith,-0.999,-11.665,695.009,706.674
2025-6-28,2025 Sediv Divisional,MF,Taylor Mecsko,Brian Mecsko,-1.545,-18.134,695.009,713.143
2025-6-28,2025 Sediv Divisional,MF,Taylor Mecsko,Karissa Peel,-3.141,-37.357,695.009,732.366
2025-6-28,2025 Sediv Divisional,MF,Samuel Smith,Jarrod Barlow,4.049,46.130,706.674,660.544
2025-6-28,2025 Sediv Divisional,MF,Samuel Smith,Brian Peel,2.803,32.262,706.674,674.412
2025-6-28,2025 Sediv Divisional,MF,Samuel Smith,Colin Kilby,2.215,25.613,706.674,681.061
2025-6-28,2025 Sediv Divisional,MF,Samuel Smith,Taylor Mecsko,0.999,11.665,706.674,695.009
2025-6-28,2025 Sediv Divisional,MF,Samuel Smith,Brian Mecsko,-0.547,-6.469,706.674,713.143
2025-6-28,2025 Sediv Divisional,MF,Samuel Smith,Karissa Peel,-2.142,-25.692,706.674,732.366
2025-6-28,2025 Sediv Divisional,MF,Brian Mecsko,Jarrod Barlow,4.595,52.599,713.143,660.544
2025-6-28,2025 Sediv Divisional,MF,Brian Mecsko,Brian Peel,3.350,38.731,713.143,674.412
2025-6-28,2025 Sediv Divisional,MF,Brian Mecsko,Colin Kilby,2.761,32.082,713.143,681.061
2025-6-28,2025 Sediv Divisional,MF,Brian Mecsko,Taylor Mecsko,1.545,18.134,713.143,695.009
2025-6-28,2025 Sediv Divisional,MF,Brian Mecsko,Samuel Smith,0.547,6.469,713.143,706.674
2025-6-28,2025 Sediv Divisional,MF,Brian Mecsko,Karissa Peel,-1.596,-19.223,713.143,732.366
2025-6-28,2025 Sediv Divisional,MF,Karissa Peel,Jarrod Barlow,6.188,71.822,732.366,660.544
2025-6-28,2025 Sediv Divisional,MF,Karissa Peel,Brian Peel,4.944,57.954,732.366,674.412
2025-6-28,2025 Sediv Divisional,MF,Karissa Peel,Colin Kilby,4.356,51.305,732.366,681.061
2025-6-28,2025 Sediv Divisional,MF,Karissa Peel,Taylor Mecsko,3.141,37.357,732.366,695.009
2025-6-28,2025 Sediv Divisional,MF,Karissa Peel,Samuel Smith,2.142,25.692,732.366,706.674
2025-6-28,2025 Sediv Divisional,MF,Karissa Peel,Brian Mecsko,1.596,19.223,732.366,713.143
2025-10-17,2025 National Championship,MF,Karissa Peel,Andy Thomas,13.904,173.567,835.781,662.214
2025-10-17,2025 National Championship,MF,Karissa Peel,Jarrod Barlow,10.718,137.052,835.781,698.729
2025-10-17,2025 National Championship,MF,Karissa Peel,Colin Kilby,9.592,123.725,835.781,712.056
2025-10-17,2025 National Championship,MF,Karissa Peel,Justin Harris,9.393,121.349,835.781,714.432
2025-10-17,2025 National Championship,MF,Karissa Peel,Brian Peel,8.946,115.965,835.781,719.816
2025-10-17,2025 National Championship,MF,Karissa Peel,Donald Carl,7.287,95.700,835.781,740.081
2025-10-17,2025 National Championship,MF,Karissa Peel,John Schellenberg,6.860,90.391,835.781,745.390
2025-10-17,2025 National Championship,MF,Karissa Peel,Logan Dehne,6.383,84.427,835.781,751.354
2025-10-17,2025 National Championship,MF,Karissa Peel,Charles Carl,4.431,59.520,835.781,776.261
2025-10-17,2025 National Championship,MF,Karissa Peel,Quinn Harris,2.791,37.999,835.781,797.782
2025-10-17,2025 National Championship,MF,Karissa Peel,William Dehne,2.410,32.907,835.781,802.874
2025-10-17,2025 National Championship,MF,Karissa Peel,Nelson Santos,-7.832,-116.708,835.781,952.489
2025-10-17,2025 National Championship,MF,Karissa Peel,James Dale,-7.975,-118.999,835.781,954.780
2025-10-17,2025 National Championship,MF,Karissa Peel,Zbigniew Lorenc,-9.245,-139.526,835.781,975.307
2025-6-28,2025 Sediv Divisional,MR,Kent Hamilton,Robert White,-0.223,-2.682,720.310,722.992
2025-6-28,2025 Sediv Divisional,MR,Kent Hamilton,Lee Reynolds,-0.551,-6.641,720.310,726.951
2025-6-28,2025 Sediv Divisional,MR,Kent Hamilton,Jeff Davis,-1.539,-18.714,720.310,739.024
2025-6-28,2025 Sediv Divisional,MR,Kent Hamilton,Ronald Barnes,-2.379,-29.139,720.310,749.449
2025-6-28,2025 Sediv Divisional,MR,Kent Hamilton,Dylan Davis,-3.001,-36.953,720.310,757.263
2025-6-28,2025 Sediv Divisional,MR,Kent Hamilton,Rob Heacox,-3.462,-42.796,720.310,763.106
2025-6-28,2025 Sediv Divisional,MR,Kent Hamilton,Josh Mueller,-6.191,-78.361,720.310,798.671
2025-6-28,2025 Sediv Divisional,MR,Kent Hamilton,Tristan Washburn,-17.184,-240.774,720.310,961.084
2025-6-28,2025 Sediv Divisional,MR,Kent Hamilton,Coen Washburn,-20.285,-293.061,720.310,1013.371
2024-10-18,2024 National Championships,MR,Kent Hamilton,Leon Drake,4.978,61.972,777.998,716.026
2024-10-18,2024 National Championships,MR,Kent Hamilton,Vaughn Micciche,4.559,56.957,777.998,721.041
2024-10-18,2024 National Championships,MR,Kent Hamilton,Doug Leibman,1.770,22.622,777.998,755.376
2024-10-18,2024 National Championships,MR,Kent Hamilton,Tyler Burchett,1.508,19.316,777.998,758.682
2024-10-18,2024 National Championships,MR,Kent Hamilton,Robert Bob White,1.261,16.179,777.998,761.819
2024-10-18,2024 National Championships,MR,Kent Hamilton,Austin Walton,0.786,10.128,777.998,767.870
2024-10-18,2024 National Championships,MR,Kent Hamilton,Steve Cerqueira,0.184,2.383,777.998,775.615
2024-10-18,2024 National Championships,MR,Kent Hamilton,Meagan Cerqueira,-2.101,-27.725,777.998,805.723
2024-10-18,2024 National Championships,MR,Kent Hamilton,Ashley Roper,-2.149,-28.368,777.998,806.366
2024-10-18,2024 National Championships,MR,Kent Hamilton,Chris Endres,-3.040,-40.441,777.998,818.439
2025-6-28,2025 Sediv Divisional,MR,Robert White,Kent Hamilton,0.223,2.682,722.992,720.310
2025-6-28,2025 Sediv Divisional,MR,Robert White,Lee Reynolds,-0.328,-3.959,722.992,726.951
2025-6-28,2025 Sediv Divisional,MR,Robert White,Jeff Davis,-1.316,-16.032,722.992,739.024
2025-6-28,2025 Sediv Divisional,MR,Robert White,Ronald Barnes,-2.156,-26.457,722.992,749.449
2025-6-28,2025 Sediv Divisional,MR,Robert White,Dylan Davis,-2.778,-34.271,722.992,757.263
2025-6-28,2025 Sediv Divisional,MR,Robert White,Rob Heacox,-3.239,-40.114,722.992,763.106
2025-6-28,2025 Sediv Divisional,MR,Robert White,Josh Mueller,-5.968,-75.679,722.992,798.671
2025-6-28,2025 Sediv Divisional,MR,Robert White,Tristan Washburn,-16.965,-238.092,722.992,961.084
2025-6-28,2025 Sediv Divisional,MR,Robert White,Coen Washburn,-20.068,-290.379,722.992,1013.371
2024-08-10,2024 Sediv Divisional,MR,Robert White,John Barnett,4.649,50.576,677.979,627.403
2024-08-10,2024 Sediv Divisional,MR,Robert White,Leon Drake,2.898,31.977,677.979,646.002
2025-6-28,2025 Sediv Divisional,MR,Lee Reynolds,Kent Hamilton,0.551,6.641,726.951,720.310
2025-6-28,2025 Sediv Divisional,MR,Lee Reynolds,Robert White,0.328,3.959,726.951,722.992
2025-6-28,2025 Sediv Divisional,MR,Lee Reynolds,Jeff Davis,-0.988,-12.073,726.951,739.024
2025-6-28,2025 Sediv Divisional,MR,Lee Reynolds,Ronald Barnes,-1.829,-22.498,726.951,749.449
2025-6-28,2025 Sediv Divisional,MR,Lee Reynolds,Dylan Davis,-2.451,-30.312,726.951,757.263
2025-6-28,2025 Sediv Divisional,MR,Lee Reynolds,Rob Heacox,-2.912,-36.155,726.951,763.106
2025-6-28,2025 Sediv Divisional,MR,Lee Reynolds,Josh Mueller,-5.641,-71.720,726.951,798.671
2025-6-28,2025 Sediv Divisional,MR,Lee Reynolds,Tristan Washburn,-16.644,-234.133,726.951,961.084
2025-6-28,2025 Sediv Divisional,MR,Lee Reynolds,Coen Washburn,-19.749,-286.420,726.951,1013.371
2025-6-28,2025 Sediv Divisional,MR,Jeff Davis,Kent Hamilton,1.539,18.714,739.024,720.310
2025-6-28,2025 Sediv Divisional,MR,Jeff Davis,Robert White,1.316,16.032,739.024,722.992
2025-6-28,2025 Sediv Divisional,MR,Jeff Davis,Lee Reynolds,0.988,12.073,739.024,726.951
2025-6-28,2025 Sediv Divisional,MR,Jeff Davis,Ronald Barnes,-0.840,-10.425,739.024,749.449
2025-6-28,2025 Sediv Divisional,MR,Jeff Davis,Dylan Davis,-1.463,-18.239,739.024,757.263
2025-6-28,2025 Sediv Divisional,MR,Jeff Davis,Rob Heacox,-1.924,-24.082,739.024,763.106
2025-6-28,2025 Sediv Divisional,MR,Jeff Davis,Josh Mueller,-4.655,-59.647,739.024,798.671
2025-6-28,2025 Sediv Divisional,MR,Jeff Davis,Tristan Washburn,-15.674,-222.060,739.024,961.084
2025-6-28,2025 Sediv Divisional,MR,Jeff Davis,Coen Washburn,-18.787,-274.347,739.024,1013.371
2025-10-17,2025 National Championship,MR,Jeff Davis,Vaughn Micciche,7.999,100.281,802.353,702.072
2025-10-17,2025 National Championship,MR,Jeff Davis,Davis Faver,5.922,75.465,802.353,726.888
2025-10-17,2025 National Championship,MR,Jeff Davis,Rudy Bowen,5.271,67.519,802.353,734.834
2025-10-17,2025 National Championship,MR,Jeff Davis,Leon Drake,4.483,57.787,802.353,744.566
2025-10-17,2025 National Championship,MR,Jeff Davis,Philip Mickleborough,3.986,51.590,802.353,750.763
2025-6-28,2025 Sediv Divisional,MR,Ronald Barnes,Kent Hamilton,2.379,29.139,749.449,720.310
2025-6-28,2025 Sediv Divisional,MR,Ronald Barnes,Robert White,2.156,26.457,749.449,722.992
2025-6-28,2025 Sediv Divisional,MR,Ronald Barnes,Lee Reynolds,1.829,22.498,749.449,726.951
2025-6-28,2025 Sediv Divisional,MR,Ronald Barnes,Jeff Davis,0.840,10.425,749.449,739.024
2025-6-28,2025 Sediv Divisional,MR,Ronald Barnes,Dylan Davis,-0.622,-7.814,749.449,757.263
2025-6-28,2025 Sediv Divisional,MR,Ronald Barnes,Rob Heacox,-1.083,-13.657,749.449,763.106
2025-6-28,2025 Sediv Divisional,MR,Ronald Barnes,Josh Mueller,-3.815,-49.222,749.449,798.671
2025-6-28,2025 Sediv Divisional,MR,Ronald Barnes,Tristan Washburn,-14.847,-211.635,749.449,961.084
2025-6-28,2025 Sediv Divisional,MR,Ronald Barnes,Coen Washburn,-17.966,-263.922,749.449,1013.371
2025-6-28,2025 Sediv Divisional,MR,Dylan Davis,Kent Hamilton,3.001,36.953,757.263,720.310
2025-6-28,2025 Sediv Divisional,MR,Dylan Davis,Robert White,2.778,34.271,757.263,722.992
2025-6-28,2025 Sediv Divisional,MR,Dylan Davis,Lee Reynolds,2.451,30.312,757.263,726.951
2025-6-28,2025 Sediv Divisional,MR,Dylan Davis,Jeff Davis,1.463,18.239,757.263,739.024
2025-6-28,2025 Sediv Divisional,MR,Dylan Davis,Ronald Barnes,0.622,7.814,757.263,749.449
2025-6-28,2025 Sediv Divisional,MR,Dylan Davis,Rob Heacox,-0.461,-5.843,757.263,763.106
2025-6-28,2025 Sediv Divisional,MR,Dylan Davis,Josh Mueller,-3.194,-41.408,757.263,798.671
2025-6-28,2025 Sediv Divisional,MR,Dylan Davis,Tristan Washburn,-14.234,-203.821,757.263,961.084
2025-6-28,2025 Sediv Divisional,MR,Dylan Davis,Coen Washburn,-17.357,-256.108,757.263,1013.371
2025-6-28,2025 Sediv Divisional,MR,Rob Heacox,Kent Hamilton,3.462,42.796,763.106,720.310
2025-6-28,2025 Sediv Divisional,MR,Rob Heacox,Robert White,3.239,40.114,763.106,722.992
2025-6-28,2025 Sediv Divisional,MR,Rob Heacox,Lee Reynolds,2.912,36.155,763.106,726.951
2025-6-28,2025 Sediv Divisional,MR,Rob Heacox,Jeff Davis,1.924,24.082,763.106,739.024
2025-6-28,2025 Sediv Divisional,MR,Rob Heacox,Ronald Barnes,1.083,13.657,763.106,749.449
2025-6-28,2025 Sediv Divisional,MR,Rob Heacox,Dylan Davis,0.461,5.843,763.106,757.263
2025-6-28,2025 Sediv Divisional,MR,Rob Heacox,Josh Mueller,-2.733,-35.565,763.106,798.671
2025-6-28,2025 Sediv Divisional,MR,Rob Heacox,Tristan Washburn,-13.779,-197.978,763.106,961.084
2025-6-28,2025 Sediv Divisional,MR,Rob Heacox,Coen Washburn,-16.905,-250.265,763.106,1013.371
2025-6-28,2025 Sediv Divisional,MR,Josh Mueller,Kent Hamilton,6.191,78.361,798.671,720.310
2025-6-28,2025 Sediv Divisional,MR,Josh Mueller,Robert White,5.968,75.679,798.671,722.992
2025-6-28,2025 Sediv Divisional,MR,Josh Mueller,Lee Reynolds,5.641,71.720,798.671,726.951
2025-6-28,2025 Sediv Divisional,MR,Josh Mueller,Jeff Davis,4.655,59.647,798.671,739.024
2025-6-28,2025 Sediv Divisional,MR,Josh Mueller,Ronald Barnes,3.815,49.222,798.671,749.449
2025-6-28,2025 Sediv Divisional,MR,Josh Mueller,Dylan Davis,3.194,41.408,798.671,757.263
2025-6-28,2025 Sediv Divisional,MR,Josh Mueller,Rob Heacox,2.733,35.565,798.671,763.106
2025-6-28,2025 Sediv Divisional,MR,Josh Mueller,Tristan Washburn,-11.075,-162.413,798.671,961.084
2025-6-28,2025 Sediv Divisional,MR,Josh Mueller,Coen Washburn,-14.218,-214.700,798.671,1013.371
2025-6-28,2025 Sediv Divisional,MR,Tristan Washburn,Kent Hamilton,17.184,240.774,961.084,720.310
2025-6-28,2025 Sediv Divisional,MR,Tristan Washburn,Robert White,16.965,238.092,961.084,722.992
2025-6-28,2025 Sediv Divisional,MR,Tristan Washburn,Lee Reynolds,16.644,234.133,961.084,726.951
2025-6-28,2025 Sediv Divisional,MR,Tristan Washburn,Jeff Davis,15.674,222.060,961.084,739.024
2025-6-28,2025 Sediv Divisional,MR,Tristan Washburn,Ronald Barnes,14.847,211.635,961.084,749.449
2025-6-28,2025 Sediv Divisional,MR,Tristan Washburn,Dylan Davis,14.234,203.821,961.084,757.263
2025-6-28,2025 Sediv Divisional,MR,Tristan Washburn,Rob Heacox,13.779,197.978,961.084,763.106
2025-6-28,2025 Sediv Divisional,MR,Tristan Washburn,Josh Mueller,11.075,162.413,961.084,798.671
2025-6-28,2025 Sediv Divisional,MR,Tristan Washburn,Coen Washburn,-3.178,-52.287,961.084,1013.371
2025-6-28,2025 Sediv Divisional,MR,Coen Washburn,Kent Hamilton,20.285,293.061,1013.371,720.310
2025-6-28,2025 Sediv Divisional,MR,Coen Washburn,Robert White,20.068,290.379,1013.371,722.992
2025-6-28,2025 Sediv Divisional,MR,Coen Washburn,Lee Reynolds,19.749,286.420,1013.371,726.951
2025-6-28,2025 Sediv Divisional,MR,Coen Washburn,Jeff Davis,18.787,274.347,1013.371,739.024
2025-6-28,2025 Sediv Divisional,MR,Coen Washburn,Ronald Barnes,17.966,263.922,1013.371,749.449
2025-6-28,2025 Sediv Divisional,MR,Coen Washburn,Dylan Davis,17.357,256.108,1013.371,757.263
2025-6-28,2025 Sediv Divisional,MR,Coen Washburn,Rob Heacox,16.905,250.265,1013.371,763.106
2025-6-28,2025 Sediv Divisional,MR,Coen Washburn,Josh Mueller,14.218,214.700,1013.371,798.671
2025-6-28,2025 Sediv Divisional,MR,Coen Washburn,Tristan Washburn,3.178,52.287,1013.371,961.084
2025-6-28,2025 Sediv Divisional,MA,Jason Fuller,Alan Rodriguez,-0.707,-7.765,655.271,663.036
2025-6-28,2025 Sediv Divisional,MA,Jason Fuller,Leon Drake,-0.835,-9.184,655.271,664.455
2025-6-28,2025 Sediv Divisional,MA,Jason Fuller,Nicholas Stoll,-1.810,-20.065,655.271,675.336
2025-6-28,2025 Sediv Divisional,MA,Jason Fuller,Conner Greer,-2.658,-29.681,655.271,684.952
2025-6-28,2025 Sediv Divisional,MA,Jason Fuller,Michael Sedlack,-4.774,-54.300,655.271,709.571
2020-08-15,2020 DirtFish National Championship,MA,Jason Fuller,Austin Dowda,0.719,5.500,461.721,456.221
2020-08-15,2020 DirtFish National Championship,MA,Jason Fuller,Jess Moeding,-0.051,-0.390,461.721,462.111
2020-08-15,2020 DirtFish National Championship,MA,Jason Fuller,Kent Hamilton,-0.896,-6.943,461.721,468.664
2020-08-15,2020 DirtFish National Championship,MA,Jason Fuller,Todd Briley,-1.528,-11.914,461.721,473.635
2020-08-15,2020 DirtFish National Championship,MA,Jason Fuller,Danial Ebling,-2.381,-18.694,461.721,480.415
2020-08-15,2020 DirtFish National Championship,MA,Jason Fuller,Eric Less,-2.392,-18.783,461.721,480.504
2020-08-15,2020 DirtFish National Championship,MA,Jason Fuller,Jonathan Olschewski,-2.495,-19.609,461.721,481.330
2020-08-15,2020 DirtFish National Championship,MA,Jason Fuller,Trenton Von Holten,-2.787,-21.954,461.721,483.675
2020-08-15,2020 DirtFish National Championship,MA,Jason Fuller,Chase Girard,-3.858,-30.678,461.721,492.399
2020-08-15,2020 DirtFish National Championship,MA,Jason Fuller,Valerie Briley,-5.019,-40.309,461.721,502.030
2020-08-15,2020 DirtFish National Championship,MA,Jason Fuller,Kevin Schatz,-5.293,-42.613,461.721,504.334
2020-08-15,2020 DirtFish National Championship,MA,Jason Fuller,Philip Pickard,-5.648,-45.611,461.721,507.332
2020-08-15,2020 DirtFish National Championship,MA,Jason Fuller,Joe Lavelle,-6.116,-49.595,461.721,511.316
2020-08-15,2020 DirtFish National Championship,MA,Jason Fuller,Nathan Jones,-7.016,-57.341,461.721,519.062
2020-08-15,2020 DirtFish National Championship,MA,Jason Fuller,Benjamin Hanke,-7.701,-63.324,461.721,525.045
2020-08-15,2020 DirtFish National Championship,MA,Jason Fuller,Steven Bright,-7.912,-65.186,461.721,526.907
2020-08-15,2020 DirtFish National Championship,MA,Jason Fuller,Caleb Maggard,-10.325,-86.931,461.721,548.652
2020-08-15,2020 DirtFish National Championship,MA,Jason Fuller,Richard Thompson,-34.086,-366.375,461.721,828.096
2025-08-31,2025 Great Lakes Divisional,MA,Jason Fuller,Todd Briley,2.014,27.875,844.494,816.619
2025-08-31,2025 Great Lakes Divisional,MA,Jason Fuller,Michael Harbeson,-2.777,-40.018,844.494,884.512
2025-08-31,2025 Great Lakes Divisional,MA,Jason Fuller,Connor Ryan,-3.491,-50.608,844.494,895.102
2025-08-31,2025 Great Lakes Divisional,MA,Jason Fuller,Eric Collet,-5.488,-80.943,844.494,925.437
2025-08-31,2025 Great Lakes Divisional,MA,Jason Fuller,Jamie Lyvers,-6.350,-94.363,844.494,938.857
2025-08-31,2025 Great Lakes Divisional,MA,Jason Fuller,Greggory Rome,-8.676,-131.637,844.494,976.131
2025-08-31,2025 Great Lakes Divisional,MA,Jason Fuller,Richard Ross,-12.029,-188.172,844.494,1032.666
2025-08-31,2025 Great Lakes Divisional,MA,Jason Fuller,Randy Tackett,-12.722,-200.298,844.494,1044.792
2025-08-31,2025 Great Lakes Divisional,MA,Jason Fuller,Tami Tackett,-14.365,-229.678,844.494,1074.172
2025-6-28,2025 Sediv Divisional,MA,Alan Rodriguez,Jason Fuller,0.707,7.765,663.036,655.271
2025-6-28,2025 Sediv Divisional,MA,Alan Rodriguez,Leon Drake,-0.128,-1.419,663.036,664.455
2025-6-28,2025 Sediv Divisional,MA,Alan Rodriguez,Nicholas Stoll,-1.103,-12.300,663.036,675.336
2025-6-28,2025 Sediv Divisional,MA,Alan Rodriguez,Conner Greer,-1.951,-21.916,663.036,684.952
2025-6-28,2025 Sediv Divisional,MA,Alan Rodriguez,Michael Sedlack,-4.068,-46.535,663.036,709.571
2025-10-17,2025 National Championship,MA,Alan Rodriguez,Todd Briley,3.581,40.762,703.325,662.563
2025-10-17,2025 National Championship,MA,Alan Rodriguez,Mark Macoubrie,2.202,25.344,703.325,677.981
2025-10-17,2025 National Championship,MA,Alan Rodriguez,Benjamin Howe,1.924,22.195,703.325,681.130
2025-10-17,2025 National Championship,MA,Alan Rodriguez,Aaron Booms,1.482,17.155,703.325,686.170
2025-10-17,2025 National Championship,MA,Alan Rodriguez,Michael Tritt,1.197,13.894,703.325,689.431
2025-10-17,2025 National Championship,MA,Alan Rodriguez,Benji Knox,-0.249,-2.927,703.325,706.252
2025-10-17,2025 National Championship,MA,Alan Rodriguez,Jason Baney,-0.931,-11.003,703.325,714.328
2025-10-17,2025 National Championship,MA,Alan Rodriguez,Michael Sedlack,-3.664,-44.300,703.325,747.625
2025-10-17,2025 National Championship,MA,Alan Rodriguez,Nicholas Stoll,-3.748,-45.355,703.325,748.680
2025-10-17,2025 National Championship,MA,Alan Rodriguez,John Barnett,-9.296,-118.118,703.325,821.443
2024-10-18,2024 National Championships,MA,Alan Rodriguez,Mark Macoubrie,1.916,22.354,711.352,688.998
2024-10-18,2024 National Championships,MA,Alan Rodriguez,Warren Elliott,1.885,22.007,711.352,689.345
2024-10-18,2024 National Championships,MA,Alan Rodriguez,Benjamin Howe,0.583,6.874,711.352,704.478
2024-10-18,2024 National Championships,MA,Alan Rodriguez,Michael Detota,0.442,5.218,711.352,706.134
2024-10-18,2024 National Championships,MA,Alan Rodriguez,Aaron Booms,0.240,2.841,711.352,708.511
2024-10-18,2024 National Championships,MA,Alan Rodriguez,Chris Delaney,-0.672,-8.012,711.352,719.364
2024-10-18,2024 National Championships,MA,Alan Rodriguez,James Woodward,-1.494,-17.942,711.352,729.294
2025-6-28,2025 Sediv Divisional,MA,Leon Drake,Jason Fuller,0.835,9.184,664.455,655.271
2025-6-28,2025 Sediv Divisional,MA,Leon Drake,Alan Rodriguez,0.128,1.419,664.455,663.036
2025-6-28,2025 Sediv Divisional,MA,Leon Drake,Nicholas Stoll,-0.975,-10.881,664.455,675.336
2025-6-28,2025 Sediv Divisional,MA,Leon Drake,Conner Greer,-1.823,-20.497,664.455,684.952
2025-6-28,2025 Sediv Divisional,MA,Leon Drake,Michael Sedlack,-3.940,-45.116,664.455,709.571
2025-07-05,2025 Midwest Divisional,MA,Leon Drake,Michael Tritt,-2.106,-28.888,808.735,837.623
2025-07-05,2025 Midwest Divisional,MA,Leon Drake,Jeff Maize,-4.974,-69.940,808.735,878.675
2025-07-05,2025 Midwest Divisional,MA,Leon Drake,Jason Baney,-5.458,-77.076,808.735,885.811
2025-07-05,2025 Midwest Divisional,MA,Leon Drake,Amanda Maize,-15.250,-235.471,808.735,1044.206
2025-6-28,2025 Sediv Divisional,MA,Nicholas Stoll,Jason Fuller,1.810,20.065,675.336,655.271
2025-6-28,2025 Sediv Divisional,MA,Nicholas Stoll,Alan Rodriguez,1.103,12.300,675.336,663.036
2025-6-28,2025 Sediv Divisional,MA,Nicholas Stoll,Leon Drake,0.975,10.881,675.336,664.455
2025-6-28,2025 Sediv Divisional,MA,Nicholas Stoll,Conner Greer,-0.848,-9.616,675.336,684.952
2025-6-28,2025 Sediv Divisional,MA,Nicholas Stoll,Michael Sedlack,-2.966,-34.235,675.336,709.571
2025-10-17,2025 National Championship,MA,Nicholas Stoll,Todd Briley,7.323,86.117,748.680,662.563
2025-10-17,2025 National Championship,MA,Nicholas Stoll,Mark Macoubrie,5.947,70.699,748.680,677.981
2025-10-17,2025 National Championship,MA,Nicholas Stoll,Benjamin Howe,5.669,67.550,748.680,681.130
2025-10-17,2025 National Championship,MA,Nicholas Stoll,Aaron Booms,5.228,62.510,748.680,686.170
2025-10-17,2025 National Championship,MA,Nicholas Stoll,Michael Tritt,4.944,59.249,748.680,689.431
2025-10-17,2025 National Championship,MA,Nicholas Stoll,Alan Rodriguez,3.748,45.355,748.680,703.325
2025-10-17,2025 National Championship,MA,Nicholas Stoll,Benji Knox,3.499,42.428,748.680,706.252
2025-10-17,2025 National Championship,MA,Nicholas Stoll,Jason Baney,2.818,34.352,748.680,714.328
2025-10-17,2025 National Championship,MA,Nicholas Stoll,Michael Sedlack,0.085,1.055,748.680,747.625
2025-10-17,2025 National Championship,MA,Nicholas Stoll,John Barnett,-5.561,-72.763,748.680,821.443
2025-6-28,2025 Sediv Divisional,MA,Conner Greer,Jason Fuller,2.658,29.681,684.952,655.271
2025-6-28,2025 Sediv Divisional,MA,Conner Greer,Alan Rodriguez,1.951,21.916,684.952,663.036
2025-6-28,2025 Sediv Divisional,MA,Conner Greer,Leon Drake,1.823,20.497,684.952,664.455
2025-6-28,2025 Sediv Divisional,MA,Conner Greer,Nicholas Stoll,0.848,9.616,684.952,675.336
2025-6-28,2025 Sediv Divisional,MA,Conner Greer,Michael Sedlack,-2.118,-24.619,684.952,709.571
2025-6-28,2025 Sediv Divisional,MA,Michael Sedlack,Jason Fuller,4.774,54.300,709.571,655.271
2025-6-28,2025 Sediv Divisional,MA,Michael Sedlack,Alan Rodriguez,4.068,46.535,709.571,663.036
2025-6-28,2025 Sediv Divisional,MA,Michael Sedlack,Leon Drake,3.940,45.116,709.571,664.455
2025-6-28,2025 Sediv Divisional,MA,Michael Sedlack,Nicholas Stoll,2.966,34.235,709.571,675.336
2025-6-28,2025 Sediv Divisional,MA,Michael Sedlack,Conner Greer,2.118,24.619,709.571,684.952
2025-10-17,2025 National Championship,MA,Michael Sedlack,Todd Briley,7.238,85.062,747.625,662.563
2025-10-17,2025 National Championship,MA,Michael Sedlack,Mark Macoubrie,5.862,69.644,747.625,677.981
2025-10-17,2025 National Championship,MA,Michael Sedlack,Benjamin Howe,5.585,66.495,747.625,681.130
2025-10-17,2025 National Championship,MA,Michael Sedlack,Aaron Booms,5.143,61.455,747.625,686.170
2025-10-17,2025 National Championship,MA,Michael Sedlack,Michael Tritt,4.859,58.194,747.625,689.431
2025-10-17,2025 National Championship,MA,Michael Sedlack,Alan Rodriguez,3.664,44.300,747.625,703.325
2025-10-17,2025 National Championship,MA,Michael Sedlack,Benji Knox,3.415,41.373,747.625,706.252
2025-10-17,2025 National Championship,MA,Michael Sedlack,Jason Baney,2.733,33.297,747.625,714.328
2025-10-17,2025 National Championship,MA,Michael Sedlack,Nicholas Stoll,-0.085,-1.055,747.625,748.680
2025-10-17,2025 National Championship,MA,Michael Sedlack,John Barnett,-5.645,-73.818,747.625,821.443
2021-10-15,2021 National Championship,SF,Chang Ho Kim,Jason Meyer,-0.380,-3.927,617.598,621.525
2021-10-15,2021 National Championship,SF,Chang Ho Kim,Phillip Bunker,-1.648,-17.199,617.598,634.797
2021-10-15,2021 National Championship,SF,Chang Ho Kim,Kim Hapgood,-2.088,-21.870,617.598,639.468
2021-10-15,2021 National Championship,SF,Chang Ho Kim,Mike Bommarito,-2.502,-26.297,617.598,643.895
2021-10-15,2021 National Championship,SF,Chang Ho Kim,Josh Armantrout,-0.034,-0.347,617.598,617.945
2021-10-15,2021 National Championship,SF,Chang Ho Kim,Hal Denham,-0.911,-9.451,617.598,627.049
2021-10-15,2021 National Championship,SF,Chang Ho Kim,Ray Davis,-1.808,-18.895,617.598,636.493
2021-10-15,2021 National Championship,SF,Chang Ho Kim,Trevor Graham,-2.353,-24.704,617.598,642.302
2021-10-15,2021 National Championship,SF,Chang Ho Kim,Vince Moellering,-2.835,-29.888,617.598,647.486
2021-10-15,2021 National Championship,SF,Chang Ho Kim,Eric Dieterich,-3.221,-34.070,617.598,651.668
2021-10-15,2021 National Championship,SF,Chang Ho Kim,Stuart Rotblat,-4.055,-43.199,617.598,660.797
2021-10-15,2021 National Championship,SF,Chang Ho Kim,Tami Tackett,-5.507,-59.416,617.598,677.014
2021-10-15,2021 National Championship,SF,Chang Ho Kim,Brock Yoder,-3.325,-35.199,617.598,652.797
2021-10-15,2021 National Championship,SF,Chang Ho Kim,Stephen Otis Lee Miller,-4.345,-46.402,617.598,664.000
2021-10-15,2021 National Championship,SF,Chang Ho Kim,Donna England,-6.352,-69.034,617.598,686.632
2021-10-15,2021 National Championship,SF,Jason Meyer,Chang Ho Kim,0.380,3.927,621.525,617.598
2021-10-15,2021 National Championship,SF,Jason Meyer,Phillip Bunker,-1.268,-13.272,621.525,634.797
2021-10-15,2021 National Championship,SF,Jason Meyer,Kim Hapgood,-1.708,-17.943,621.525,639.468
2021-10-15,2021 National Championship,SF,Jason Meyer,Josh Armantrout,0.347,3.580,621.525,617.945
2021-10-15,2021 National Championship,SF,Jason Meyer,Hal Denham,-0.531,-5.524,621.525,627.049
2021-10-15,2021 National Championship,SF,Jason Meyer,Ray Davis,-1.428,-14.968,621.525,636.493
2021-10-15,2021 National Championship,SF,Jason Meyer,Trevor Graham,-1.973,-20.777,621.525,642.302
2021-10-15,2021 National Championship,SF,Jason Meyer,Vince Moellering,-2.455,-25.961,621.525,647.486
2021-10-15,2021 National Championship,SF,Jason Meyer,Eric Dieterich,-2.841,-30.143,621.525,651.668
2021-10-15,2021 National Championship,SF,Jason Meyer,Stuart Rotblat,-3.675,-39.272,621.525,660.797
2021-10-15,2021 National Championship,SF,Jason Meyer,Tami Tackett,-5.128,-55.489,621.525,677.014
2021-10-15,2021 National Championship,SF,Jason Meyer,Brock Yoder,-2.945,-31.272,621.525,652.797
2021-10-15,2021 National Championship,SF,Jason Meyer,Stephen Otis Lee Miller,-3.965,-42.475,621.525,664.000
2021-10-15,2021 National Championship,SF,Jason Meyer,Donna England,-5.972,-65.107,621.525,686.632
2021-10-15,2021 National Championship,SF,Phillip Bunker,Chang Ho Kim,1.648,17.199,634.797,617.598
2021-10-15,2021 National Championship,SF,Phillip Bunker,Jason Meyer,1.268,13.272,634.797,621.525
2021-10-15,2021 National Championship,SF,Phillip Bunker,Kim Hapgood,-0.440,-4.671,634.797,639.468
2021-10-15,2021 National Championship,SF,Phillip Bunker,Mike Bommarito,-0.854,-9.098,634.797,643.895
2021-10-15,2021 National Championship,SF,Phillip Bunker,Josh Armantrout,1.614,16.852,634.797,617.945
2021-10-15,2021 National Championship,SF,Phillip Bunker,Hal Denham,0.737,7.748,634.797,627.049
2021-10-15,2021 National Championship,SF,Phillip Bunker,Ray Davis,-0.160,-1.696,634.797,636.493
2021-10-15,2021 National Championship,SF,Phillip Bunker,Trevor Graham,-0.705,-7.505,634.797,642.302
2021-10-15,2021 National Championship,SF,Phillip Bunker,Vince Moellering,-1.187,-12.689,634.797,647.486
2021-10-15,2021 National Championship,SF,Phillip Bunker,Eric Dieterich,-1.574,-16.871,634.797,651.668
2021-10-15,2021 National Championship,SF,Phillip Bunker,Stuart Rotblat,-2.408,-26.000,634.797,660.797
2021-10-15,2021 National Championship,SF,Phillip Bunker,Tami Tackett,-3.862,-42.217,634.797,677.014
2021-10-15,2021 National Championship,SF,Phillip Bunker,Brock Yoder,-1.678,-18.000,634.797,652.797
2021-10-15,2021 National Championship,SF,Phillip Bunker,Stephen Otis Lee Miller,-2.698,-29.203,634.797,664.000
2021-10-15,2021 National Championship,SF,Phillip Bunker,Donna England,-4.707,-51.835,634.797,686.632
2021-10-15,2021 National Championship,SF,Kim Hapgood,Chang Ho Kim,2.088,21.870,639.468,617.598
2021-10-15,2021 National Championship,SF,Kim Hapgood,Jason Meyer,1.708,17.943,639.468,621.525
2021-10-15,2021 National Championship,SF,Kim Hapgood,Phillip Bunker,0.440,4.671,639.468,634.797
2021-10-15,2021 National Championship,SF,Kim Hapgood,Mike Bommarito,-0.414,-4.427,639.468,643.895
2021-10-15,2021 National Championship,SF,Kim Hapgood,Josh Armantrout,2.054,21.523,639.468,617.945
2021-10-15,2021 National Championship,SF,Kim Hapgood,Hal Denham,1.177,12.419,639.468,627.049
2021-10-15,2021 National Championship,SF,Kim Hapgood,Ray Davis,0.280,2.975,639.468,636.493
2021-10-15,2021 National Championship,SF,Kim Hapgood,Trevor Graham,-0.265,-2.834,639.468,642.302
2021-10-15,2021 National Championship,SF,Kim Hapgood,Vince Moellering,-0.748,-8.018,639.468,647.486
2021-10-15,2021 National Championship,SF,Kim Hapgood,Eric Dieterich,-1.134,-12.200,639.468,651.668
2021-10-15,2021 National Championship,SF,Kim Hapgood,Stuart Rotblat,-1.968,-21.329,639.468,660.797
2021-10-15,2021 National Championship,SF,Kim Hapgood,Tami Tackett,-3.422,-37.546,639.468,677.014
2021-10-15,2021 National Championship,SF,Kim Hapgood,Brock Yoder,-1.238,-13.329,639.468,652.797
2021-10-15,2021 National Championship,SF,Kim Hapgood,Stephen Otis Lee Miller,-2.258,-24.532,639.468,664.000
2021-10-15,2021 National Championship,SF,Kim Hapgood,Donna England,-4.268,-47.164,639.468,686.632
2021-10-15,2021 National Championship,SF,Mike Bommarito,Chang Ho Kim,2.502,26.297,643.895,617.598
2021-10-15,2021 National Championship,SF,Mike Bommarito,Phillip Bunker,0.854,9.098,643.895,634.797
2021-10-15,2021 National Championship,SF,Mike Bommarito,Kim Hapgood,0.414,4.427,643.895,639.468
2021-10-15,2021 National Championship,SF,Mike Bommarito,Josh Armantrout,2.468,25.950,643.895,617.945
2021-10-15,2021 National Championship,SF,Mike Bommarito,Hal Denham,1.591,16.846,643.895,627.049
2021-10-15,2021 National Championship,SF,Mike Bommarito,Ray Davis,0.694,7.402,643.895,636.493
2021-10-15,2021 National Championship,SF,Mike Bommarito,Trevor Graham,0.149,1.593,643.895,642.302
2021-10-15,2021 National Championship,SF,Mike Bommarito,Vince Moellering,-0.334,-3.591,643.895,647.486
2021-10-15,2021 National Championship,SF,Mike Bommarito,Eric Dieterich,-0.720,-7.773,643.895,651.668
2021-10-15,2021 National Championship,SF,Mike Bommarito,Stuart Rotblat,-1.555,-16.902,643.895,660.797
2021-10-15,2021 National Championship,SF,Mike Bommarito,Tami Tackett,-3.009,-33.119,643.895,677.014
2021-10-15,2021 National Championship,SF,Mike Bommarito,Brock Yoder,-0.824,-8.902,643.895,652.797
2021-10-15,2021 National Championship,SF,Mike Bommarito,Stephen Otis Lee Miller,-1.845,-20.105,643.895,664.000
2021-10-15,2021 National Championship,SF,Mike Bommarito,Donna England,-3.854,-42.737,643.895,686.632
2021-10-15,2021 National Championship,SF,Josh Armantrout,Chang Ho Kim,0.034,0.347,617.945,617.598
2021-10-15,2021 National Championship,SF,Josh Armantrout,Jason Meyer,-0.347,-3.580,617.945,621.525
2021-10-15,2021 National Championship,SF,Josh Armantrout,Phillip Bunker,-1.614,-16.852,617.945,634.797
2021-10-15,2021 National Championship,SF,Josh Armantrout,Kim Hapgood,-2.054,-21.523,617.945,639.468
2021-10-15,2021 National Championship,SF,Josh Armantrout,Mike Bommarito,-2.468,-25.950,617.945,643.895
2021-10-15,2021 National Championship,SF,Josh Armantrout,Hal Denham,-0.877,-9.104,617.945,627.049
2021-10-15,2021 National Championship,SF,Josh Armantrout,Ray Davis,-1.774,-18.548,617.945,636.493
2021-10-15,2021 National Championship,SF,Josh Armantrout,Trevor Graham,-2.319,-24.357,617.945,642.302
2021-10-15,2021 National Championship,SF,Josh Armantrout,Vince Moellering,-2.801,-29.541,617.945,647.486
2021-10-15,2021 National Championship,SF,Josh Armantrout,Eric Dieterich,-3.187,-33.723,617.945,651.668
2021-10-15,2021 National Championship,SF,Josh Armantrout,Stuart Rotblat,-4.021,-42.852,617.945,660.797
2021-10-15,2021 National Championship,SF,Josh Armantrout,Tami Tackett,-5.474,-59.069,617.945,677.014
2021-10-15,2021 National Championship,SF,Josh Armantrout,Brock Yoder,-3.291,-34.852,617.945,652.797
2021-10-15,2021 National Championship,SF,Josh Armantrout,Stephen Otis Lee Miller,-4.311,-46.055,617.945,664.000
2021-10-15,2021 National Championship,SF,Josh Armantrout,Donna England,-6.318,-68.687,617.945,686.632
2022-09-23,2022 National Championships,SF,Josh Armantrout,Dwight Wood,7.534,72.851,616.596,543.745
2022-09-23,2022 National Championships,SF,Josh Armantrout,Evan Markewycz,6.652,64.765,616.596,551.831
2022-09-23,2022 National Championships,SF,Josh Armantrout,Antonio Serracino,6.473,63.120,616.596,553.476
2022-09-23,2022 National Championships,SF,Josh Armantrout,Brett Nelson,5.981,58.546,616.596,558.050
2022-09-23,2022 National Championships,SF,Josh Armantrout,Brian Cather,5.346,52.591,616.596,564.005
2022-09-23,2022 National Championships,SF,Josh Armantrout,Wallace Wood,5.184,51.069,616.596,565.527
2022-09-23,2022 National Championships,SF,Josh Armantrout,Chris Whitney,4.780,47.238,616.596,569.358
2022-09-23,2022 National Championships,SF,Josh Armantrout,Chris Ollenburg,4.532,44.883,616.596,571.713
2022-09-23,2022 National Championships,SF,Josh Armantrout,Shawna Bowman,4.447,44.064,616.596,572.532
2022-09-23,2022 National Championships,SF,Josh Armantrout,Caleb Warren,4.280,42.466,616.596,574.130
2023-10-06,2023 National Championship,SF,Josh Armantrout,Brad Turnbull,6.832,76.253,707.765,631.512
2023-10-06,2023 National Championship,SF,Josh Armantrout,Caleb Warren,4.246,48.372,707.765,659.393
2023-10-06,2023 National Championship,SF,Josh Armantrout,Harold Denham,4.063,46.355,707.765,661.410
2023-10-06,2023 National Championship,SF,Josh Armantrout,Dan Sanford,3.550,40.671,707.765,667.094
2023-10-06,2023 National Championship,SF,Josh Armantrout,Geoffrey Hamilton,3.022,34.772,707.765,672.993
2023-10-06,2023 National Championship,SF,Josh Armantrout,Parker Sattler,1.535,17.877,707.765,689.888
2023-10-06,2023 National Championship,SF,Josh Armantrout,Ken Krenk,0.333,3.913,707.765,703.852
2021-10-15,2021 National Championship,SF,Hal Denham,Chang Ho Kim,0.911,9.451,627.049,617.598
2021-10-15,2021 National Championship,SF,Hal Denham,Jason Meyer,0.531,5.524,627.049,621.525
2021-10-15,2021 National Championship,SF,Hal Denham,Phillip Bunker,-0.737,-7.748,627.049,634.797
2021-10-15,2021 National Championship,SF,Hal Denham,Kim Hapgood,-1.177,-12.419,627.049,639.468
2021-10-15,2021 National Championship,SF,Hal Denham,Mike Bommarito,-1.591,-16.846,627.049,643.895
2021-10-15,2021 National Championship,SF,Hal Denham,Josh Armantrout,0.877,9.104,627.049,617.945
2021-10-15,2021 National Championship,SF,Hal Denham,Ray Davis,-0.897,-9.444,627.049,636.493
2021-10-15,2021 National Championship,SF,Hal Denham,Trevor Graham,-1.442,-15.253,627.049,642.302
2021-10-15,2021 National Championship,SF,Hal Denham,Vince Moellering,-1.924,-20.437,627.049,647.486
2021-10-15,2021 National Championship,SF,Hal Denham,Eric Dieterich,-2.310,-24.619,627.049,651.668
2021-10-15,2021 National Championship,SF,Hal Denham,Stuart Rotblat,-3.145,-33.748,627.049,660.797
2021-10-15,2021 National Championship,SF,Hal Denham,Tami Tackett,-4.598,-49.965,627.049,677.014
2021-10-15,2021 National Championship,SF,Hal Denham,Brock Yoder,-2.414,-25.748,627.049,652.797
2021-10-15,2021 National Championship,SF,Hal Denham,Stephen Otis Lee Miller,-3.435,-36.951,627.049,664.000
2021-10-15,2021 National Championship,SF,Hal Denham,Donna England,-5.443,-59.583,627.049,686.632
2020-08-15,2020 DirtFish National Championship,SF,Hal Denham,Collin Oelkers,1.901,15.674,502.655,486.981
2020-08-15,2020 DirtFish National Championship,SF,Hal Denham,Evan Markewycz,0.635,5.289,502.655,497.366
2020-08-15,2020 DirtFish National Championship,SF,Hal Denham,Rob Krider,0.013,0.108,502.655,502.547
2020-08-15,2020 DirtFish National Championship,SF,Hal Denham,Keith Lightfoot,-1.658,-14.082,502.655,516.737
2020-08-15,2020 DirtFish National Championship,SF,Hal Denham,Ken Krenk,-3.971,-34.407,502.655,537.062
2020-08-15,2020 DirtFish National Championship,SF,Hal Denham,Sawyer Amick,-5.273,-46.208,502.655,548.863
2020-08-15,2020 DirtFish National Championship,SF,Hal Denham,Abner Perney,-5.332,-46.743,502.655,549.398
2021-10-15,2021 National Championship,SF,Ray Davis,Chang Ho Kim,1.808,18.895,636.493,617.598
2021-10-15,2021 National Championship,SF,Ray Davis,Jason Meyer,1.428,14.968,636.493,621.525
2021-10-15,2021 National Championship,SF,Ray Davis,Phillip Bunker,0.160,1.696,636.493,634.797
2021-10-15,2021 National Championship,SF,Ray Davis,Kim Hapgood,-0.280,-2.975,636.493,639.468
2021-10-15,2021 National Championship,SF,Ray Davis,Mike Bommarito,-0.694,-7.402,636.493,643.895
2021-10-15,2021 National Championship,SF,Ray Davis,Josh Armantrout,1.774,18.548,636.493,617.945
2021-10-15,2021 National Championship,SF,Ray Davis,Hal Denham,0.897,9.444,636.493,627.049
2021-10-15,2021 National Championship,SF,Ray Davis,Trevor Graham,-0.545,-5.809,636.493,642.302
2021-10-15,2021 National Championship,SF,Ray Davis,Vince Moellering,-1.027,-10.993,636.493,647.486
2021-10-15,2021 National Championship,SF,Ray Davis,Eric Dieterich,-1.414,-15.175,636.493,651.668
2021-10-15,2021 National Championship,SF,Ray Davis,Stuart Rotblat,-2.248,-24.304,636.493,660.797
2021-10-15,2021 National Championship,SF,Ray Davis,Tami Tackett,-3.702,-40.521,636.493,677.014
2021-10-15,2021 National Championship,SF,Ray Davis,Brock Yoder,-1.517,-16.304,636.493,652.797
2021-10-15,2021 National Championship,SF,Ray Davis,Stephen Otis Lee Miller,-2.538,-27.507,636.493,664.000
2021-10-15,2021 National Championship,SF,Ray Davis,Donna England,-4.547,-50.139,636.493,686.632
2021-10-15,2021 National Championship,SF,Trevor Graham,Chang Ho Kim,2.353,24.704,642.302,617.598
2021-10-15,2021 National Championship,SF,Trevor Graham,Jason Meyer,1.973,20.777,642.302,621.525
2021-10-15,2021 National Championship,SF,Trevor Graham,Phillip Bunker,0.705,7.505,642.302,634.797
2021-10-15,2021 National Championship,SF,Trevor Graham,Kim Hapgood,0.265,2.834,642.302,639.468
2021-10-15,2021 National Championship,SF,Trevor Graham,Mike Bommarito,-0.149,-1.593,642.302,643.895
2021-10-15,2021 National Championship,SF,Trevor Graham,Josh Armantrout,2.319,24.357,642.302,617.945
2021-10-15,2021 National Championship,SF,Trevor Graham,Hal Denham,1.442,15.253,642.302,627.049
2021-10-15,2021 National Championship,SF,Trevor Graham,Ray Davis,0.545,5.809,642.302,636.493
2021-10-15,2021 National Championship,SF,Trevor Graham,Vince Moellering,-0.482,-5.184,642.302,647.486
2021-10-15,2021 National Championship,SF,Trevor Graham,Eric Dieterich,-0.869,-9.366,642.302,651.668
2021-10-15,2021 National Championship,SF,Trevor Graham,Stuart Rotblat,-1.703,-18.495,642.302,660.797
2021-10-15,2021 National Championship,SF,Trevor Graham,Tami Tackett,-3.157,-34.712,642.302,677.014
2021-10-15,2021 National Championship,SF,Trevor Graham,Brock Yoder,-0.972,-10.495,642.302,652.797
2021-10-15,2021 National Championship,SF,Trevor Graham,Stephen Otis Lee Miller,-1.993,-21.698,642.302,664.000
2021-10-15,2021 National Championship,SF,Trevor Graham,Donna England,-4.003,-44.330,642.302,686.632
2021-10-15,2021 National Championship,SF,Vince Moellering,Chang Ho Kim,2.835,29.888,647.486,617.598
2021-10-15,2021 National Championship,SF,Vince Moellering,Jason Meyer,2.455,25.961,647.486,621.525
2021-10-15,2021 National Championship,SF,Vince Moellering,Phillip Bunker,1.187,12.689,647.486,634.797
2021-10-15,2021 National Championship,SF,Vince Moellering,Kim Hapgood,0.748,8.018,647.486,639.468
2021-10-15,2021 National Championship,SF,Vince Moellering,Mike Bommarito,0.334,3.591,647.486,643.895
2021-10-15,2021 National Championship,SF,Vince Moellering,Josh Armantrout,2.801,29.541,647.486,617.945
2021-10-15,2021 National Championship,SF,Vince Moellering,Hal Denham,1.924,20.437,647.486,627.049
2021-10-15,2021 National Championship,SF,Vince Moellering,Ray Davis,1.027,10.993,647.486,636.493
2021-10-15,2021 National Championship,SF,Vince Moellering,Trevor Graham,0.482,5.184,647.486,642.302
2021-10-15,2021 National Championship,SF,Vince Moellering,Eric Dieterich,-0.386,-4.182,647.486,651.668
2021-10-15,2021 National Championship,SF,Vince Moellering,Stuart Rotblat,-1.221,-13.311,647.486,660.797
2021-10-15,2021 National Championship,SF,Vince Moellering,Tami Tackett,-2.675,-29.528,647.486,677.014
2021-10-15,2021 National Championship,SF,Vince Moellering,Brock Yoder,-0.490,-5.311,647.486,652.797
2021-10-15,2021 National Championship,SF,Vince Moellering,Stephen Otis Lee Miller,-1.511,-16.514,647.486,664.000
2021-10-15,2021 National Championship,SF,Vince Moellering,Donna England,-3.521,-39.146,647.486,686.632
2021-10-15,2021 National Championship,SF,Eric Dieterich,Chang Ho Kim,3.221,34.070,651.668,617.598
2021-10-15,2021 National Championship,SF,Eric Dieterich,Jason Meyer,2.841,30.143,651.668,621.525
2021-10-15,2021 National Championship,SF,Eric Dieterich,Phillip Bunker,1.574,16.871,651.668,634.797
2021-10-15,2021 National Championship,SF,Eric Dieterich,Kim Hapgood,1.134,12.200,651.668,639.468
2021-10-15,2021 National Championship,SF,Eric Dieterich,Mike Bommarito,0.720,7.773,651.668,643.895
2021-10-15,2021 National Championship,SF,Eric Dieterich,Josh Armantrout,3.187,33.723,651.668,617.945
2021-10-15,2021 National Championship,SF,Eric Dieterich,Hal Denham,2.310,24.619,651.668,627.049
2021-10-15,2021 National Championship,SF,Eric Dieterich,Ray Davis,1.414,15.175,651.668,636.493
2021-10-15,2021 National Championship,SF,Eric Dieterich,Trevor Graham,0.869,9.366,651.668,642.302
2021-10-15,2021 National Championship,SF,Eric Dieterich,Vince Moellering,0.386,4.182,651.668,647.486
2021-10-15,2021 National Championship,SF,Eric Dieterich,Stuart Rotblat,-0.835,-9.129,651.668,660.797
2021-10-15,2021 National Championship,SF,Eric Dieterich,Tami Tackett,-2.289,-25.346,651.668,677.014
2021-10-15,2021 National Championship,SF,Eric Dieterich,Brock Yoder,-0.104,-1.129,651.668,652.797
2021-10-15,2021 National Championship,SF,Eric Dieterich,Stephen Otis Lee Miller,-1.125,-12.332,651.668,664.000
2021-10-15,2021 National Championship,SF,Eric Dieterich,Donna England,-3.135,-34.964,651.668,686.632
2021-10-15,2021 National Championship,SF,Stuart Rotblat,Chang Ho Kim,4.055,43.199,660.797,617.598
2021-10-15,2021 National Championship,SF,Stuart Rotblat,Jason Meyer,3.675,39.272,660.797,621.525
2021-10-15,2021 National Championship,SF,Stuart Rotblat,Phillip Bunker,2.408,26.000,660.797,634.797
2021-10-15,2021 National Championship,SF,Stuart Rotblat,Kim Hapgood,1.968,21.329,660.797,639.468
2021-10-15,2021 National Championship,SF,Stuart Rotblat,Mike Bommarito,1.555,16.902,660.797,643.895
2021-10-15,2021 National Championship,SF,Stuart Rotblat,Josh Armantrout,4.021,42.852,660.797,617.945
2021-10-15,2021 National Championship,SF,Stuart Rotblat,Hal Denham,3.145,33.748,660.797,627.049
2021-10-15,2021 National Championship,SF,Stuart Rotblat,Ray Davis,2.248,24.304,660.797,636.493
2021-10-15,2021 National Championship,SF,Stuart Rotblat,Trevor Graham,1.703,18.495,660.797,642.302
2021-10-15,2021 National Championship,SF,Stuart Rotblat,Vince Moellering,1.221,13.311,660.797,647.486
2021-10-15,2021 National Championship,SF,Stuart Rotblat,Eric Dieterich,0.835,9.129,660.797,651.668
2021-10-15,2021 National Championship,SF,Stuart Rotblat,Tami Tackett,-1.455,-16.217,660.797,677.014
2021-10-15,2021 National Championship,SF,Stuart Rotblat,Brock Yoder,0.731,8.000,660.797,652.797
2021-10-15,2021 National Championship,SF,Stuart Rotblat,Stephen Otis Lee Miller,-0.290,-3.203,660.797,664.000
2021-10-15,2021 National Championship,SF,Stuart Rotblat,Donna England,-2.301,-25.835,660.797,686.632
2021-10-15,2021 National Championship,SF,Tami Tackett,Chang Ho Kim,5.507,59.416,677.014,617.598
2021-10-15,2021 National Championship,SF,Tami Tackett,Jason Meyer,5.128,55.489,677.014,621.525
2021-10-15,2021 National Championship,SF,Tami Tackett,Phillip Bunker,3.862,42.217,677.014,634.797
2021-10-15,2021 National Championship,SF,Tami Tackett,Kim Hapgood,3.422,37.546,677.014,639.468
2021-10-15,2021 National Championship,SF,Tami Tackett,Mike Bommarito,3.009,33.119,677.014,643.895
2021-10-15,2021 National Championship,SF,Tami Tackett,Josh Armantrout,5.474,59.069,677.014,617.945
2021-10-15,2021 National Championship,SF,Tami Tackett,Hal Denham,4.598,49.965,677.014,627.049
2021-10-15,2021 National Championship,SF,Tami Tackett,Ray Davis,3.702,40.521,677.014,636.493
2021-10-15,2021 National Championship,SF,Tami Tackett,Trevor Graham,3.157,34.712,677.014,642.302
2021-10-15,2021 National Championship,SF,Tami Tackett,Vince Moellering,2.675,29.528,677.014,647.486
2021-10-15,2021 National Championship,SF,Tami Tackett,Eric Dieterich,2.289,25.346,677.014,651.668
2021-10-15,2021 National Championship,SF,Tami Tackett,Stuart Rotblat,1.455,16.217,677.014,660.797
2021-10-15,2021 National Championship,SF,Tami Tackett,Brock Yoder,2.185,24.217,677.014,652.797
2021-10-15,2021 National Championship,SF,Tami Tackett,Stephen Otis Lee Miller,1.165,13.014,677.014,664.000
2021-10-15,2021 National Championship,SF,Tami Tackett,Donna England,-0.846,-9.618,677.014,686.632
2021-10-15,2021 National Championship,SF,Brock Yoder,Chang Ho Kim,3.325,35.199,652.797,617.598
2021-10-15,2021 National Championship,SF,Brock Yoder,Jason Meyer,2.945,31.272,652.797,621.525
2021-10-15,2021 National Championship,SF,Brock Yoder,Phillip Bunker,1.678,18.000,652.797,634.797
2021-10-15,2021 National Championship,SF,Brock Yoder,Kim Hapgood,1.238,13.329,652.797,639.468
2021-10-15,2021 National Championship,SF,Brock Yoder,Mike Bommarito,0.824,8.902,652.797,643.895
2021-10-15,2021 National Championship,SF,Brock Yoder,Josh Armantrout,3.291,34.852,652.797,617.945
2021-10-15,2021 National Championship,SF,Brock Yoder,Hal Denham,2.414,25.748,652.797,627.049
2021-10-15,2021 National Championship,SF,Brock Yoder,Ray Davis,1.517,16.304,652.797,636.493
2021-10-15,2021 National Championship,SF,Brock Yoder,Trevor Graham,0.972,10.495,652.797,642.302
2021-10-15,2021 National Championship,SF,Brock Yoder,Vince Moellering,0.490,5.311,652.797,647.486
2021-10-15,2021 National Championship,SF,Brock Yoder,Eric Dieterich,0.104,1.129,652.797,651.668
2021-10-15,2021 National Championship,SF,Brock Yoder,Stuart Rotblat,-0.731,-8.000,652.797,660.797
2021-10-15,2021 National Championship,SF,Brock Yoder,Tami Tackett,-2.185,-24.217,652.797,677.014
2021-10-15,2021 National Championship,SF,Brock Yoder,Stephen Otis Lee Miller,-1.021,-11.203,652.797,664.000
2021-10-15,2021 National Championship,SF,Brock Yoder,Donna England,-3.031,-33.835,652.797,686.632
2021-10-15,2021 National Championship,SF,Stephen Otis Lee Miller,Chang Ho Kim,4.345,46.402,664.000,617.598
2021-10-15,2021 National Championship,SF,Stephen Otis Lee Miller,Jason Meyer,3.965,42.475,664.000,621.525
2021-10-15,2021 National Championship,SF,Stephen Otis Lee Miller,Phillip Bunker,2.698,29.203,664.000,634.797
2021-10-15,2021 National Championship,SF,Stephen Otis Lee Miller,Kim Hapgood,2.258,24.532,664.000,639.468
2021-10-15,2021 National Championship,SF,Stephen Otis Lee Miller,Mike Bommarito,1.845,20.105,664.000,643.895
2021-10-15,2021 National Championship,SF,Stephen Otis Lee Miller,Josh Armantrout,4.311,46.055,664.000,617.945
2021-10-15,2021 National Championship,SF,Stephen Otis Lee Miller,Hal Denham,3.435,36.951,664.000,627.049
2021-10-15,2021 National Championship,SF,Stephen Otis Lee Miller,Ray Davis,2.538,27.507,664.000,636.493
2021-10-15,2021 National Championship,SF,Stephen Otis Lee Miller,Trevor Graham,1.993,21.698,664.000,642.302
2021-10-15,2021 National Championship,SF,Stephen Otis Lee Miller,Vince Moellering,1.511,16.514,664.000,647.486
2021-10-15,2021 National Championship,SF,Stephen Otis Lee Miller,Eric Dieterich,1.125,12.332,664.000,651.668
2021-10-15,2021 National Championship,SF,Stephen Otis Lee Miller,Stuart Rotblat,0.290,3.203,664.000,660.797
2021-10-15,2021 National Championship,SF,Stephen Otis Lee Miller,Tami Tackett,-1.165,-13.014,664.000,677.014
2021-10-15,2021 National Championship,SF,Stephen Otis Lee Miller,Brock Yoder,1.021,11.203,664.000,652.797
2021-10-15,2021 National Championship,SF,Stephen Otis Lee Miller,Donna England,-2.011,-22.632,664.000,686.632
2021-10-15,2021 National Championship,SF,Donna England,Chang Ho Kim,6.352,69.034,686.632,617.598
2021-10-15,2021 National Championship,SF,Donna England,Jason Meyer,5.972,65.107,686.632,621.525
2021-10-15,2021 National Championship,SF,Donna England,Phillip Bunker,4.707,51.835,686.632,634.797
2021-10-15,2021 National Championship,SF,Donna England,Kim Hapgood,4.268,47.164,686.632,639.468
2021-10-15,2021 National Championship,SF,Donna England,Mike Bommarito,3.854,42.737,686.632,643.895
2021-10-15,2021 National Championship,SF,Donna England,Josh Armantrout,6.318,68.687,686.632,617.945
2021-10-15,2021 National Championship,SF,Donna England,Hal Denham,5.443,59.583,686.632,627.049
2021-10-15,2021 National Championship,SF,Donna England,Ray Davis,4.547,50.139,686.632,636.493
2021-10-15,2021 National Championship,SF,Donna England,Trevor Graham,4.003,44.330,686.632,642.302
2021-10-15,2021 National Championship,SF,Donna England,Vince Moellering,3.521,39.146,686.632,647.486
2021-10-15,2021 National Championship,SF,Donna England,Eric Dieterich,3.135,34.964,686.632,651.668
2021-10-15,2021 National Championship,SF,Donna England,Stuart Rotblat,2.301,25.835,686.632,660.797
2021-10-15,2021 National Championship,SF,Donna England,Tami Tackett,0.846,9.618,686.632,677.014
2021-10-15,2021 National Championship,SF,Donna England,Brock Yoder,3.031,33.835,686.632,652.797
2021-10-15,2021 National Championship,SF,Donna England,Stephen Otis Lee Miller,2.011,22.632,686.632,664.000
2021-10-15,2021 National Championship,SR,Sean Grogan,John L. Voegeli,-2.201,-21.036,562.906,583.942
2021-10-15,2021 National Championship,SR,Sean Grogan,Adam Raymer,-3.487,-33.693,562.906,596.599
2021-10-15,2021 National Championship,SR,Sean Grogan,Mark Macoubrie,-2.104,-20.094,562.906,583.000
2021-10-15,2021 National Championship,SR,Sean Grogan,Logan Altmyer,-3.159,-30.434,562.906,593.340
2021-10-15,2021 National Championship,SR,Sean Grogan,Don Breneman,-3.768,-36.498,562.906,599.404
2021-10-15,2021 National Championship,SR,Sean Grogan,David Myers,-7.006,-69.804,562.906,632.710
2021-10-15,2021 National Championship,SR,Sean Grogan,Jo Dziengel,-8.601,-86.921,562.906,649.827
2020-08-15,2020 DirtFish National Championship,SR,Sean Grogan,Logan Altmyer,-1.956,-17.110,516.256,533.366
2020-08-15,2020 DirtFish National Championship,SR,Sean Grogan,Adam Raymer,-2.487,-21.856,516.256,538.112
2020-08-15,2020 DirtFish National Championship,SR,Sean Grogan,Brian Tefft Jr.,-2.553,-22.440,516.256,538.696
2020-08-15,2020 DirtFish National Championship,SR,Sean Grogan,Don Breneman,-2.751,-24.227,516.256,540.483
2020-08-15,2020 DirtFish National Championship,SR,Sean Grogan,Mark Macoubrie,-2.783,-24.518,516.256,540.774
2020-08-15,2020 DirtFish National Championship,SR,Sean Grogan,Lothrop Withington IV,-3.643,-32.328,516.256,548.584
2020-08-15,2020 DirtFish National Championship,SR,Sean Grogan,Joey Green,-6.572,-59.823,516.256,576.079
2020-08-15,2020 DirtFish National Championship,SR,Sean Grogan,James Wood,-9.219,-85.923,516.256,602.179
2020-08-15,2020 DirtFish National Championship,SR,Sean Grogan,Lucian Perniciaro,-10.459,-98.589,516.256,614.845
2020-08-15,2020 DirtFish National Championship,SR,Sean Grogan,Mathew Grainger,-12.666,-121.845,516.256,638.101
2020-08-15,2020 DirtFish National Championship,SR,Sean Grogan,Daulton Hurst,-18.174,-184.282,516.256,700.538
2021-10-15,2021 National Championship,SR,John L. Voegeli,Sean Grogan,2.201,21.036,583.942,562.906
2021-10-15,2021 National Championship,SR,John L. Voegeli,Adam Raymer,-1.287,-12.657,583.942,596.599
2021-10-15,2021 National Championship,SR,John L. Voegeli,Mark Macoubrie,0.097,0.942,583.942,583.000
2021-10-15,2021 National Championship,SR,John L. Voegeli,Logan Altmyer,-0.958,-9.398,583.942,593.340
2021-10-15,2021 National Championship,SR,John L. Voegeli,Don Breneman,-1.568,-15.462,583.942,599.404
2021-10-15,2021 National Championship,SR,John L. Voegeli,David Myers,-4.810,-48.768,583.942,632.710
2021-10-15,2021 National Championship,SR,John L. Voegeli,Jo Dziengel,-6.408,-65.885,583.942,649.827
2020-08-15,2020 DirtFish National Championship,SR,John L. Voegeli,Logan Altmyer,-0.229,-2.035,531.331,533.366
2020-08-15,2020 DirtFish National Championship,SR,John L. Voegeli,Adam Raymer,-0.761,-6.781,531.331,538.112
2020-08-15,2020 DirtFish National Championship,SR,John L. Voegeli,Brian Tefft Jr.,-0.826,-7.365,531.331,538.696
2020-08-15,2020 DirtFish National Championship,SR,John L. Voegeli,Don Breneman,-1.025,-9.152,531.331,540.483
2020-08-15,2020 DirtFish National Championship,SR,John L. Voegeli,Mark Macoubrie,-1.057,-9.443,531.331,540.774
2020-08-15,2020 DirtFish National Championship,SR,John L. Voegeli,Lothrop Withington IV,-1.917,-17.253,531.331,548.584
2020-08-15,2020 DirtFish National Championship,SR,John L. Voegeli,Joey Green,-4.849,-44.748,531.331,576.079
2020-08-15,2020 DirtFish National Championship,SR,John L. Voegeli,James Wood,-7.500,-70.848,531.331,602.179
2020-08-15,2020 DirtFish National Championship,SR,John L. Voegeli,Lucian Perniciaro,-8.744,-83.514,531.331,614.845
2020-08-15,2020 DirtFish National Championship,SR,John L. Voegeli,Mathew Grainger,-10.956,-106.770,531.331,638.101
2020-08-15,2020 DirtFish National Championship,SR,John L. Voegeli,Daulton Hurst,-16.483,-169.207,531.331,700.538
2021-10-15,2021 National Championship,SR,Adam Raymer,Sean Grogan,3.487,33.693,596.599,562.906
2021-10-15,2021 National Championship,SR,Adam Raymer,John L. Voegeli,1.287,12.657,596.599,583.942
2021-10-15,2021 National Championship,SR,Adam Raymer,Mark Macoubrie,1.383,13.599,596.599,583.000
2021-10-15,2021 National Championship,SR,Adam Raymer,Logan Altmyer,0.329,3.259,596.599,593.340
2021-10-15,2021 National Championship,SR,Adam Raymer,Don Breneman,-0.281,-2.805,596.599,599.404
2021-10-15,2021 National Championship,SR,Adam Raymer,David Myers,-3.525,-36.111,596.599,632.710
2021-10-15,2021 National Championship,SR,Adam Raymer,Jo Dziengel,-5.125,-53.228,596.599,649.827
2024-08-10,2024 Sediv Divisional,SR,Adam Raymer,Logan Altmyer,1.117,11.306,613.052,601.746
2024-08-10,2024 Sediv Divisional,SR,Adam Raymer,Don Perlick,-1.261,-13.025,613.052,626.077
2024-08-10,2024 Sediv Divisional,SR,Adam Raymer,Steven Critchfield,-7.834,-85.633,613.052,698.685
2024-08-10,2024 Sediv Divisional,SR,Adam Raymer,John Jones,-21.536,-268.170,613.052,881.222
2020-08-15,2020 DirtFish National Championship,SR,Adam Raymer,Sean Grogan,2.487,21.856,538.112,516.256
2020-08-15,2020 DirtFish National Championship,SR,Adam Raymer,John L. Voegeli,0.761,6.781,538.112,531.331
2020-08-15,2020 DirtFish National Championship,SR,Adam Raymer,Logan Altmyer,0.532,4.746,538.112,533.366
2020-08-15,2020 DirtFish National Championship,SR,Adam Raymer,Brian Tefft Jr.,-0.065,-0.584,538.112,538.696
2020-08-15,2020 DirtFish National Championship,SR,Adam Raymer,Don Breneman,-0.264,-2.371,538.112,540.483
2020-08-15,2020 DirtFish National Championship,SR,Adam Raymer,Mark Macoubrie,-0.296,-2.662,538.112,540.774
2020-08-15,2020 DirtFish National Championship,SR,Adam Raymer,Lothrop Withington IV,-1.156,-10.472,538.112,548.584
2020-08-15,2020 DirtFish National Championship,SR,Adam Raymer,Joey Green,-4.089,-37.967,538.112,576.079
2020-08-15,2020 DirtFish National Championship,SR,Adam Raymer,James Wood,-6.742,-64.067,538.112,602.179
2020-08-15,2020 DirtFish National Championship,SR,Adam Raymer,Lucian Perniciaro,-7.986,-76.733,538.112,614.845
2020-08-15,2020 DirtFish National Championship,SR,Adam Raymer,Mathew Grainger,-10.201,-99.989,538.112,638.101
2020-08-15,2020 DirtFish National Championship,SR,Adam Raymer,Daulton Hurst,-15.736,-162.426,538.112,700.538
2024-10-18,2024 National Championships,SR,Adam Raymer,Logan Altmyer,0.779,9.406,729.225,719.819
2024-10-18,2024 National Championships,SR,Adam Raymer,Josh Armantrout,0.410,4.969,729.225,724.256
2024-10-18,2024 National Championships,SR,Adam Raymer,Michael Golden,0.407,4.928,729.225,724.297
2024-10-18,2024 National Championships,SR,Adam Raymer,Jason Stewart,-0.330,-4.017,729.225,733.242
2024-10-18,2024 National Championships,SR,Adam Raymer,James Green,-0.633,-7.730,729.225,736.955
2024-10-18,2024 National Championships,SR,Adam Raymer,Jared Phillippe,-0.921,-11.277,729.225,740.502
2024-10-18,2024 National Championships,SR,Adam Raymer,Trevor Phillippe,-0.944,-11.563,729.225,740.788
2024-10-18,2024 National Championships,SR,Adam Raymer,Ceili Mcclarney,-7.116,-91.932,729.225,821.157
2024-10-18,2024 National Championships,SR,Adam Raymer,Jasmine McClarney,-7.336,-94.967,729.225,824.192
2024-10-18,2024 National Championships,SR,Adam Raymer,Keith Lightfoot,-9.021,-118.556,729.225,847.781
2021-10-15,2021 National Championship,SR,Mark Macoubrie,Sean Grogan,2.104,20.094,583.000,562.906
2021-10-15,2021 National Championship,SR,Mark Macoubrie,John L. Voegeli,-0.097,-0.942,583.000,583.942
2021-10-15,2021 National Championship,SR,Mark Macoubrie,Adam Raymer,-1.383,-13.599,583.000,596.599
2021-10-15,2021 National Championship,SR,Mark Macoubrie,Logan Altmyer,-1.055,-10.340,583.000,593.340
2021-10-15,2021 National Championship,SR,Mark Macoubrie,Don Breneman,-1.665,-16.404,583.000,599.404
2021-10-15,2021 National Championship,SR,Mark Macoubrie,David Myers,-4.907,-49.710,583.000,632.710
2021-10-15,2021 National Championship,SR,Mark Macoubrie,Jo Dziengel,-6.505,-66.827,583.000,649.827
2020-08-15,2020 DirtFish National Championship,SR,Mark Macoubrie,Sean Grogan,2.783,24.518,540.774,516.256
2020-08-15,2020 DirtFish National Championship,SR,Mark Macoubrie,John L. Voegeli,1.057,9.443,540.774,531.331
2020-08-15,2020 DirtFish National Championship,SR,Mark Macoubrie,Logan Altmyer,0.828,7.408,540.774,533.366
2020-08-15,2020 DirtFish National Championship,SR,Mark Macoubrie,Adam Raymer,0.296,2.662,540.774,538.112
2020-08-15,2020 DirtFish National Championship,SR,Mark Macoubrie,Brian Tefft Jr.,0.231,2.078,540.774,538.696
2020-08-15,2020 DirtFish National Championship,SR,Mark Macoubrie,Don Breneman,0.032,0.291,540.774,540.483
2020-08-15,2020 DirtFish National Championship,SR,Mark Macoubrie,Lothrop Withington IV,-0.860,-7.810,540.774,548.584
2020-08-15,2020 DirtFish National Championship,SR,Mark Macoubrie,Joey Green,-3.793,-35.305,540.774,576.079
2020-08-15,2020 DirtFish National Championship,SR,Mark Macoubrie,James Wood,-6.447,-61.405,540.774,602.179
2020-08-15,2020 DirtFish National Championship,SR,Mark Macoubrie,Lucian Perniciaro,-7.692,-74.071,540.774,614.845
2020-08-15,2020 DirtFish National Championship,SR,Mark Macoubrie,Mathew Grainger,-9.907,-97.327,540.774,638.101
2020-08-15,2020 DirtFish National Championship,SR,Mark Macoubrie,Daulton Hurst,-15.445,-159.764,540.774,700.538
2021-10-15,2021 National Championship,SR,Don Breneman,Sean Grogan,3.768,36.498,599.404,562.906
2021-10-15,2021 National Championship,SR,Don Breneman,John L. Voegeli,1.568,15.462,599.404,583.942
2021-10-15,2021 National Championship,SR,Don Breneman,Adam Raymer,0.281,2.805,599.404,596.599
2021-10-15,2021 National Championship,SR,Don Breneman,Mark Macoubrie,1.665,16.404,599.404,583.000
2021-10-15,2021 National Championship,SR,Don Breneman,Logan Altmyer,0.610,6.064,599.404,593.340
2021-10-15,2021 National Championship,SR,Don Breneman,David Myers,-3.244,-33.306,599.404,632.710
2021-10-15,2021 National Championship,SR,Don Breneman,Jo Dziengel,-4.844,-50.423,599.404,649.827
2020-08-15,2020 DirtFish National Championship,SR,Don Breneman,Sean Grogan,2.751,24.227,540.483,516.256
2020-08-15,2020 DirtFish National Championship,SR,Don Breneman,John L. Voegeli,1.025,9.152,540.483,531.331
2020-08-15,2020 DirtFish National Championship,SR,Don Breneman,Logan Altmyer,0.795,7.117,540.483,533.366
2020-08-15,2020 DirtFish National Championship,SR,Don Breneman,Adam Raymer,0.264,2.371,540.483,538.112
2020-08-15,2020 DirtFish National Championship,SR,Don Breneman,Brian Tefft Jr.,0.199,1.787,540.483,538.696
2020-08-15,2020 DirtFish National Championship,SR,Don Breneman,Mark Macoubrie,-0.032,-0.291,540.483,540.774
2020-08-15,2020 DirtFish National Championship,SR,Don Breneman,Lothrop Withington IV,-0.893,-8.101,540.483,548.584
2020-08-15,2020 DirtFish National Championship,SR,Don Breneman,Joey Green,-3.826,-35.596,540.483,576.079
2020-08-15,2020 DirtFish National Championship,SR,Don Breneman,James Wood,-6.479,-61.696,540.483,602.179
2020-08-15,2020 DirtFish National Championship,SR,Don Breneman,Lucian Perniciaro,-7.724,-74.362,540.483,614.845
2020-08-15,2020 DirtFish National Championship,SR,Don Breneman,Mathew Grainger,-9.939,-97.618,540.483,638.101
2020-08-15,2020 DirtFish National Championship,SR,Don Breneman,Daulton Hurst,-15.476,-160.055,540.483,700.538
2021-10-15,2021 National Championship,SR,David Myers,Sean Grogan,7.006,69.804,632.710,562.906
2021-10-15,2021 National Championship,SR,David Myers,John L. Voegeli,4.810,48.768,632.710,583.942
2021-10-15,2021 National Championship,SR,David Myers,Adam Raymer,3.525,36.111,632.710,596.599
2021-10-15,2021 National Championship,SR,David Myers,Mark Macoubrie,4.907,49.710,632.710,583.000
2021-10-15,2021 National Championship,SR,David Myers,Logan Altmyer,3.853,39.370,632.710,593.340
2021-10-15,2021 National Championship,SR,David Myers,Don Breneman,3.244,33.306,632.710,599.404
2021-10-15,2021 National Championship,SR,David Myers,Jo Dziengel,-1.602,-17.117,632.710,649.827
2021-10-15,2021 National Championship,SR,Jo Dziengel,Sean Grogan,8.601,86.921,649.827,562.906
2021-10-15,2021 National Championship,SR,Jo Dziengel,John L. Voegeli,6.408,65.885,649.827,583.942
2021-10-15,2021 National Championship,SR,Jo Dziengel,Adam Raymer,5.125,53.228,649.827,596.599
2021-10-15,2021 National Championship,SR,Jo Dziengel,Mark Macoubrie,6.505,66.827,649.827,583.000
2021-10-15,2021 National Championship,SR,Jo Dziengel,Logan Altmyer,5.453,56.487,649.827,593.340
2021-10-15,2021 National Championship,SR,Jo Dziengel,Don Breneman,4.844,50.423,649.827,599.404
2021-10-15,2021 National Championship,SR,Jo Dziengel,David Myers,1.602,17.117,649.827,632.710
2021-10-15,2021 National Championship,SA,Brad Legris,Noah Quick,-1.760,-19.619,658.880,678.499
2021-10-15,2021 National Championship,SA,Brad Legris,Jan Gerber,-2.001,-22.349,658.880,681.229
2021-10-15,2021 National Championship,SA,Brad Legris,Sean Heinrich,-1.602,-17.833,658.880,676.713
2021-10-15,2021 National Championship,SA,Brad Legris,Timothy Thompson,-1.959,-21.868,658.880,680.748
2021-10-15,2021 National Championship,SA,Brad Legris,Trenton Von Holten,-2.024,-22.604,658.880,681.484
2021-10-15,2021 National Championship,SA,Brad Legris,Jim Golden,-2.178,-24.360,658.880,683.240
2021-10-15,2021 National Championship,SA,Brad Legris,Steve Ducharme,-3.188,-35.959,658.880,694.839
2021-10-15,2021 National Championship,SA,Brad Legris,Alex Pankiw,-4.398,-50.135,658.880,709.015
2021-10-15,2021 National Championship,SA,Brad Legris,David Piccioli,-6.319,-73.250,658.880,732.130
2021-10-15,2021 National Championship,SA,Brad Legris,Ashley Piccioli,-8.208,-96.755,658.880,755.635
2021-10-15,2021 National Championship,SA,Brad Legris,Geoffrey Wolpert,-2.822,-31.733,658.880,690.613
2021-10-15,2021 National Championship,SA,Brad Legris,Tyler Powers,-3.850,-43.682,658.880,702.562
2021-10-15,2021 National Championship,SA,Brad Legris,Colin Sheidler,-4.413,-50.312,658.880,709.192
2021-10-15,2021 National Championship,SA,Brad Legris,Scott Johnson,-6.658,-77.413,658.880,736.293
2021-10-15,2021 National Championship,SA,Brad Legris,Aaron Linke,-12.339,-151.032,658.880,809.912
2021-10-15,2021 National Championship,SA,Noah Quick,Brad Legris,1.760,19.619,678.499,658.880
2021-10-15,2021 National Championship,SA,Noah Quick,Jan Gerber,-0.241,-2.730,678.499,681.229
2021-10-15,2021 National Championship,SA,Noah Quick,Sean Heinrich,0.158,1.786,678.499,676.713
2021-10-15,2021 National Championship,SA,Noah Quick,Timothy Thompson,-0.199,-2.249,678.499,680.748
2021-10-15,2021 National Championship,SA,Noah Quick,Trenton Von Holten,-0.263,-2.985,678.499,681.484
2021-10-15,2021 National Championship,SA,Noah Quick,Jim Golden,-0.418,-4.741,678.499,683.240
2021-10-15,2021 National Championship,SA,Noah Quick,Steve Ducharme,-1.428,-16.340,678.499,694.839
2021-10-15,2021 National Championship,SA,Noah Quick,Alex Pankiw,-2.639,-30.516,678.499,709.015
2021-10-15,2021 National Championship,SA,Noah Quick,David Piccioli,-4.562,-53.631,678.499,732.130
2021-10-15,2021 National Championship,SA,Noah Quick,Ashley Piccioli,-6.454,-77.136,678.499,755.635
2021-10-15,2021 National Championship,SA,Noah Quick,Geoffrey Wolpert,-1.062,-12.114,678.499,690.613
2021-10-15,2021 National Championship,SA,Noah Quick,Tyler Powers,-2.091,-24.063,678.499,702.562
2021-10-15,2021 National Championship,SA,Noah Quick,Colin Sheidler,-2.654,-30.693,678.499,709.192
2021-10-15,2021 National Championship,SA,Noah Quick,Scott Johnson,-4.902,-57.794,678.499,736.293
2021-10-15,2021 National Championship,SA,Noah Quick,Aaron Linke,-10.595,-131.413,678.499,809.912
2020-08-15,2020 DirtFish National Championship,SA,Noah Quick,Josh Armantrout,3.052,25.726,518.599,492.873
2020-08-15,2020 DirtFish National Championship,SA,Noah Quick,Jan Gerber,2.796,23.619,518.599,494.980
2020-08-15,2020 DirtFish National Championship,SA,Noah Quick,Timothy Thompson,2.202,18.693,518.599,499.906
2020-08-15,2020 DirtFish National Championship,SA,Noah Quick,Chris Endres,0.932,7.993,518.599,510.606
2020-08-15,2020 DirtFish National Championship,SA,Noah Quick,Steve Ducharme,0.612,5.262,518.599,513.337
2020-08-15,2020 DirtFish National Championship,SA,Noah Quick,Jorge Gonzalez,-0.442,-3.834,518.599,522.433
2020-08-15,2020 DirtFish National Championship,SA,Noah Quick,Toby Harris,-0.865,-7.527,518.599,526.126
2020-08-15,2020 DirtFish National Championship,SA,Noah Quick,Sean Heinrich,-1.207,-10.538,518.599,529.137
2020-08-15,2020 DirtFish National Championship,SA,Noah Quick,Rupert Berrington,-2.559,-22.602,518.599,541.201
2020-08-15,2020 DirtFish National Championship,SA,Noah Quick,Jared Carpenter,-2.663,-23.538,518.599,542.137
2020-08-15,2020 DirtFish National Championship,SA,Noah Quick,Cassandra Cedeno,-3.322,-29.530,518.599,548.129
2020-08-15,2020 DirtFish National Championship,SA,Noah Quick,Andrew Wilharm,-6.336,-57.818,518.599,576.417
2020-08-15,2020 DirtFish National Championship,SA,Noah Quick,Crisanne Thompson,-9.220,-86.322,518.599,604.921
2021-10-15,2021 National Championship,SA,Jan Gerber,Brad Legris,2.001,22.349,681.229,658.880
2021-10-15,2021 National Championship,SA,Jan Gerber,Noah Quick,0.241,2.730,681.229,678.499
2021-10-15,2021 National Championship,SA,Jan Gerber,Sean Heinrich,0.399,4.516,681.229,676.713
2021-10-15,2021 National Championship,SA,Jan Gerber,Timothy Thompson,0.042,0.481,681.229,680.748
2021-10-15,2021 National Championship,SA,Jan Gerber,Trenton Von Holten,-0.022,-0.255,681.229,681.484
2021-10-15,2021 National Championship,SA,Jan Gerber,Jim Golden,-0.177,-2.011,681.229,683.240
2021-10-15,2021 National Championship,SA,Jan Gerber,Steve Ducharme,-1.187,-13.610,681.229,694.839
2021-10-15,2021 National Championship,SA,Jan Gerber,Alex Pankiw,-2.398,-27.786,681.229,709.015
2021-10-15,2021 National Championship,SA,Jan Gerber,David Piccioli,-4.322,-50.901,681.229,732.130
2021-10-15,2021 National Championship,SA,Jan Gerber,Ashley Piccioli,-6.214,-74.406,681.229,755.635
2021-10-15,2021 National Championship,SA,Jan Gerber,Geoffrey Wolpert,-0.821,-9.384,681.229,690.613
2021-10-15,2021 National Championship,SA,Jan Gerber,Tyler Powers,-1.850,-21.333,681.229,702.562
2021-10-15,2021 National Championship,SA,Jan Gerber,Colin Sheidler,-2.413,-27.963,681.229,709.192
2021-10-15,2021 National Championship,SA,Jan Gerber,Scott Johnson,-4.661,-55.064,681.229,736.293
2021-10-15,2021 National Championship,SA,Jan Gerber,Aaron Linke,-10.356,-128.683,681.229,809.912
2020-08-15,2020 DirtFish National Championship,SA,Jan Gerber,Josh Armantrout,0.256,2.107,494.980,492.873
2020-08-15,2020 DirtFish National Championship,SA,Jan Gerber,Timothy Thompson,-0.594,-4.926,494.980,499.906
2020-08-15,2020 DirtFish National Championship,SA,Jan Gerber,Chris Endres,-1.865,-15.626,494.980,510.606
2020-08-15,2020 DirtFish National Championship,SA,Jan Gerber,Steve Ducharme,-2.185,-18.357,494.980,513.337
2020-08-15,2020 DirtFish National Championship,SA,Jan Gerber,Noah Quick,-2.796,-23.619,494.980,518.599
2020-08-15,2020 DirtFish National Championship,SA,Jan Gerber,Jorge Gonzalez,-3.238,-27.453,494.980,522.433
2020-08-15,2020 DirtFish National Championship,SA,Jan Gerber,Toby Harris,-3.660,-31.146,494.980,526.126
2020-08-15,2020 DirtFish National Championship,SA,Jan Gerber,Sean Heinrich,-4.002,-34.157,494.980,529.137
2020-08-15,2020 DirtFish National Championship,SA,Jan Gerber,Rupert Berrington,-5.353,-46.221,494.980,541.201
2020-08-15,2020 DirtFish National Championship,SA,Jan Gerber,Jared Carpenter,-5.456,-47.157,494.980,542.137
2020-08-15,2020 DirtFish National Championship,SA,Jan Gerber,Cassandra Cedeno,-6.114,-53.149,494.980,548.129
2020-08-15,2020 DirtFish National Championship,SA,Jan Gerber,Andrew Wilharm,-9.121,-81.437,494.980,576.417
2020-08-15,2020 DirtFish National Championship,SA,Jan Gerber,Crisanne Thompson,-11.995,-109.941,494.980,604.921
2025-10-17,2025 National Championship,SA,Jan Gerber,Timothy Thompson,2.150,26.215,744.699,718.484
2025-10-17,2025 National Championship,SA,Jan Gerber,Robert Seelig,0.798,9.840,744.699,734.859
2025-10-17,2025 National Championship,SA,Jan Gerber,Charles Wright,0.442,5.468,744.699,739.231
2025-10-17,2025 National Championship,SA,Jan Gerber,Shelton Wright,-3.243,-41.373,744.699,786.072
2025-10-17,2025 National Championship,SA,Jan Gerber,Jesse Thompson,-5.238,-67.974,744.699,812.673
2025-10-17,2025 National Championship,SA,Jan Gerber,Steve Ducharme,-7.938,-105.507,744.699,850.206
2022-09-23,2022 National Championships,SA,Jan Gerber,Timothy Thompson,0.153,1.324,519.390,518.066
2022-09-23,2022 National Championships,SA,Jan Gerber,Brian Tefft Jr.,-0.790,-6.883,519.390,526.273
2022-09-23,2022 National Championships,SA,Jan Gerber,Sean Heinrich,-1.629,-14.297,519.390,533.687
2022-09-23,2022 National Championships,SA,Jan Gerber,Steve Ducharme,-3.231,-28.744,519.390,548.134
2022-09-23,2022 National Championships,SA,Jan Gerber,Zachary Smith,-3.509,-31.292,519.390,550.682
2022-09-23,2022 National Championships,SA,Jan Gerber,Ryan Ruhle,-4.897,-44.196,519.390,563.586
2022-09-23,2022 National Championships,SA,Jan Gerber,Rupert Berrington,-5.207,-47.118,519.390,566.508
2022-09-23,2022 National Championships,SA,Jan Gerber,David Durney,-7.238,-66.679,519.390,586.069
2023-10-06,2023 National Championship,SA,Jan Gerber,Timothy Thompson,0.988,10.269,629.031,618.762
2023-10-06,2023 National Championship,SA,Jan Gerber,Robert Seelig,-0.570,-6.000,629.031,635.031
2023-10-06,2023 National Championship,SA,Jan Gerber,Zachary Smith,-1.582,-16.808,629.031,645.839
2023-10-06,2023 National Championship,SA,Jan Gerber,Sean Heinrich,-2.139,-22.828,629.031,651.859
2023-10-06,2023 National Championship,SA,Jan Gerber,Ryan Ruhle,-4.072,-44.189,629.031,673.220
2023-10-06,2023 National Championship,SA,Jan Gerber,ML Culpepper,-4.148,-45.046,629.031,674.077
2023-10-06,2023 National Championship,SA,Jan Gerber,Mason Smith,-4.180,-45.406,629.031,674.437
2023-10-06,2023 National Championship,SA,Jan Gerber,Steve Ducharme,-5.639,-62.030,629.031,691.061
2023-10-06,2023 National Championship,SA,Jan Gerber,Randy Eickhoff,-7.126,-79.429,629.031,708.460
2023-10-06,2023 National Championship,SA,Jan Gerber,Rick Myers,-11.607,-134.719,629.031,763.750
2024-10-18,2024 National Championships,SA,Jan Gerber,Shelton Wright,0.680,7.738,686.673,678.935
2024-10-18,2024 National Championships,SA,Jan Gerber,Timothy Thompson,0.182,2.081,686.673,684.592
2024-10-18,2024 National Championships,SA,Jan Gerber,Charles Wright,-0.358,-4.105,686.673,690.778
2024-10-18,2024 National Championships,SA,Jan Gerber,Robert Seelig,-1.476,-17.107,686.673,703.780
2024-10-18,2024 National Championships,SA,Jan Gerber,Ryan Finch,-3.225,-37.927,686.673,724.600
2024-10-18,2024 National Championships,SA,Jan Gerber,Charles Krampert,-4.858,-57.948,686.673,744.621
2024-10-18,2024 National Championships,SA,Jan Gerber,Steve Ducharme,-6.164,-74.363,686.673,761.036
2021-10-15,2021 National Championship,SA,Sean Heinrich,Brad Legris,1.602,17.833,676.713,658.880
2021-10-15,2021 National Championship,SA,Sean Heinrich,Noah Quick,-0.158,-1.786,676.713,678.499
2021-10-15,2021 National Championship,SA,Sean Heinrich,Jan Gerber,-0.399,-4.516,676.713,681.229
2021-10-15,2021 National Championship,SA,Sean Heinrich,Timothy Thompson,-0.357,-4.035,676.713,680.748
2021-10-15,2021 National Championship,SA,Sean Heinrich,Trenton Von Holten,-0.422,-4.771,676.713,681.484
2021-10-15,2021 National Championship,SA,Sean Heinrich,Jim Golden,-0.576,-6.527,676.713,683.240
2021-10-15,2021 National Championship,SA,Sean Heinrich,Steve Ducharme,-1.586,-18.126,676.713,694.839
2021-10-15,2021 National Championship,SA,Sean Heinrich,Alex Pankiw,-2.797,-32.302,676.713,709.015
2021-10-15,2021 National Championship,SA,Sean Heinrich,David Piccioli,-4.720,-55.417,676.713,732.130
2021-10-15,2021 National Championship,SA,Sean Heinrich,Ashley Piccioli,-6.612,-78.922,676.713,755.635
2021-10-15,2021 National Championship,SA,Sean Heinrich,Geoffrey Wolpert,-1.220,-13.900,676.713,690.613
2021-10-15,2021 National Championship,SA,Sean Heinrich,Tyler Powers,-2.249,-25.849,676.713,702.562
2021-10-15,2021 National Championship,SA,Sean Heinrich,Colin Sheidler,-2.812,-32.479,676.713,709.192
2021-10-15,2021 National Championship,SA,Sean Heinrich,Scott Johnson,-5.060,-59.580,676.713,736.293
2021-10-15,2021 National Championship,SA,Sean Heinrich,Aaron Linke,-10.752,-133.199,676.713,809.912
2020-08-15,2020 DirtFish National Championship,SA,Sean Heinrich,Josh Armantrout,4.258,36.264,529.137,492.873
2020-08-15,2020 DirtFish National Championship,SA,Sean Heinrich,Jan Gerber,4.002,34.157,529.137,494.980
2020-08-15,2020 DirtFish National Championship,SA,Sean Heinrich,Timothy Thompson,3.409,29.231,529.137,499.906
2020-08-15,2020 DirtFish National Championship,SA,Sean Heinrich,Chris Endres,2.139,18.531,529.137,510.606
2020-08-15,2020 DirtFish National Championship,SA,Sean Heinrich,Steve Ducharme,1.819,15.800,529.137,513.337
2020-08-15,2020 DirtFish National Championship,SA,Sean Heinrich,Noah Quick,1.207,10.538,529.137,518.599
2020-08-15,2020 DirtFish National Championship,SA,Sean Heinrich,Jorge Gonzalez,0.765,6.704,529.137,522.433
2020-08-15,2020 DirtFish National Championship,SA,Sean Heinrich,Toby Harris,0.342,3.011,529.137,526.126
2020-08-15,2020 DirtFish National Championship,SA,Sean Heinrich,Rupert Berrington,-1.353,-12.064,529.137,541.201
2020-08-15,2020 DirtFish National Championship,SA,Sean Heinrich,Jared Carpenter,-1.456,-13.000,529.137,542.137
2020-08-15,2020 DirtFish National Championship,SA,Sean Heinrich,Cassandra Cedeno,-2.116,-18.992,529.137,548.129
2020-08-15,2020 DirtFish National Championship,SA,Sean Heinrich,Andrew Wilharm,-5.132,-47.280,529.137,576.417
2020-08-15,2020 DirtFish National Championship,SA,Sean Heinrich,Crisanne Thompson,-8.019,-75.784,529.137,604.921
2022-09-23,2022 National Championships,SA,Sean Heinrich,Timothy Thompson,1.782,15.621,533.687,518.066
2022-09-23,2022 National Championships,SA,Sean Heinrich,Jan Gerber,1.629,14.297,533.687,519.390
2022-09-23,2022 National Championships,SA,Sean Heinrich,Brian Tefft Jr.,0.839,7.414,533.687,526.273
2022-09-23,2022 National Championships,SA,Sean Heinrich,Steve Ducharme,-1.603,-14.447,533.687,548.134
2022-09-23,2022 National Championships,SA,Sean Heinrich,Zachary Smith,-1.881,-16.995,533.687,550.682
2022-09-23,2022 National Championships,SA,Sean Heinrich,Ryan Ruhle,-3.270,-29.899,533.687,563.586
2022-09-23,2022 National Championships,SA,Sean Heinrich,Rupert Berrington,-3.580,-32.821,533.687,566.508
2022-09-23,2022 National Championships,SA,Sean Heinrich,David Durney,-5.614,-52.382,533.687,586.069
2023-10-06,2023 National Championship,SA,Sean Heinrich,Timothy Thompson,3.126,33.097,651.859,618.762
2023-10-06,2023 National Championship,SA,Sean Heinrich,Jan Gerber,2.139,22.828,651.859,629.031
2023-10-06,2023 National Championship,SA,Sean Heinrich,Robert Seelig,1.569,16.828,651.859,635.031
2023-10-06,2023 National Championship,SA,Sean Heinrich,Zachary Smith,0.557,6.020,651.859,645.839
2023-10-06,2023 National Championship,SA,Sean Heinrich,Ryan Ruhle,-1.934,-21.361,651.859,673.220
2023-10-06,2023 National Championship,SA,Sean Heinrich,ML Culpepper,-2.011,-22.218,651.859,674.077
2023-10-06,2023 National Championship,SA,Sean Heinrich,Mason Smith,-2.043,-22.578,651.859,674.437
2023-10-06,2023 National Championship,SA,Sean Heinrich,Steve Ducharme,-3.503,-39.202,651.859,691.061
2023-10-06,2023 National Championship,SA,Sean Heinrich,Randy Eickhoff,-4.993,-56.601,651.859,708.460
2023-10-06,2023 National Championship,SA,Sean Heinrich,Rick Myers,-9.485,-111.891,651.859,763.750
2021-10-15,2021 National Championship,SA,Timothy Thompson,Brad Legris,1.959,21.868,680.748,658.880
2021-10-15,2021 National Championship,SA,Timothy Thompson,Noah Quick,0.199,2.249,680.748,678.499
2021-10-15,2021 National Championship,SA,Timothy Thompson,Jan Gerber,-0.042,-0.481,680.748,681.229
2021-10-15,2021 National Championship,SA,Timothy Thompson,Sean Heinrich,0.357,4.035,680.748,676.713
2021-10-15,2021 National Championship,SA,Timothy Thompson,Trenton Von Holten,-0.065,-0.736,680.748,681.484
2021-10-15,2021 National Championship,SA,Timothy Thompson,Jim Golden,-0.219,-2.492,680.748,683.240
2021-10-15,2021 National Championship,SA,Timothy Thompson,Steve Ducharme,-1.229,-14.091,680.748,694.839
2021-10-15,2021 National Championship,SA,Timothy Thompson,Alex Pankiw,-2.441,-28.267,680.748,709.015
2021-10-15,2021 National Championship,SA,Timothy Thompson,David Piccioli,-4.364,-51.382,680.748,732.130
2021-10-15,2021 National Championship,SA,Timothy Thompson,Ashley Piccioli,-6.256,-74.887,680.748,755.635
2021-10-15,2021 National Championship,SA,Timothy Thompson,Geoffrey Wolpert,-0.863,-9.865,680.748,690.613
2021-10-15,2021 National Championship,SA,Timothy Thompson,Tyler Powers,-1.892,-21.814,680.748,702.562
2021-10-15,2021 National Championship,SA,Timothy Thompson,Colin Sheidler,-2.456,-28.444,680.748,709.192
2021-10-15,2021 National Championship,SA,Timothy Thompson,Scott Johnson,-4.704,-55.545,680.748,736.293
2021-10-15,2021 National Championship,SA,Timothy Thompson,Aaron Linke,-10.398,-129.164,680.748,809.912
2024-08-10,2024 Sediv Divisional,SA,Timothy Thompson,Shelton Wright,0.785,7.452,573.553,566.101
2024-08-10,2024 Sediv Divisional,SA,Timothy Thompson,Charles Wright,0.355,3.384,573.553,570.169
2024-08-10,2024 Sediv Divisional,SA,Timothy Thompson,Robert Seelig,0.351,3.345,573.553,570.208
2024-08-10,2024 Sediv Divisional,SA,Timothy Thompson,Casey Hamm,-2.685,-26.251,573.553,599.804
2024-08-10,2024 Sediv Divisional,SA,Timothy Thompson,Michael Harbeson,-4.239,-42.005,573.553,615.558
2024-08-10,2024 Sediv Divisional,SA,Timothy Thompson,Thomas Morris,-5.217,-52.138,573.553,625.691
2024-08-10,2024 Sediv Divisional,SA,Timothy Thompson,Tristan Washburn,-5.250,-52.480,573.553,626.033
2024-08-10,2024 Sediv Divisional,SA,Timothy Thompson,Chris Mattingly,-10.075,-105.134,573.553,678.687
2024-08-10,2024 Sediv Divisional,SA,Timothy Thompson,Jamie Lyvers,-14.690,-160.013,573.553,733.566
2024-08-10,2024 Sediv Divisional,SA,Timothy Thompson,Jennifer Samardak,-22.463,-264.180,573.553,837.733
2020-08-15,2020 DirtFish National Championship,SA,Timothy Thompson,Josh Armantrout,0.850,7.033,499.906,492.873
2020-08-15,2020 DirtFish National Championship,SA,Timothy Thompson,Jan Gerber,0.594,4.926,499.906,494.980
2020-08-15,2020 DirtFish National Championship,SA,Timothy Thompson,Chris Endres,-1.271,-10.700,499.906,510.606
2020-08-15,2020 DirtFish National Championship,SA,Timothy Thompson,Steve Ducharme,-1.591,-13.431,499.906,513.337
2020-08-15,2020 DirtFish National Championship,SA,Timothy Thompson,Noah Quick,-2.202,-18.693,499.906,518.599
2020-08-15,2020 DirtFish National Championship,SA,Timothy Thompson,Jorge Gonzalez,-2.644,-22.527,499.906,522.433
2020-08-15,2020 DirtFish National Championship,SA,Timothy Thompson,Toby Harris,-3.067,-26.220,499.906,526.126
2020-08-15,2020 DirtFish National Championship,SA,Timothy Thompson,Sean Heinrich,-3.409,-29.231,499.906,529.137
2020-08-15,2020 DirtFish National Championship,SA,Timothy Thompson,Rupert Berrington,-4.760,-41.295,499.906,541.201
2020-08-15,2020 DirtFish National Championship,SA,Timothy Thompson,Jared Carpenter,-4.863,-42.231,499.906,542.137
2020-08-15,2020 DirtFish National Championship,SA,Timothy Thompson,Cassandra Cedeno,-5.522,-48.223,499.906,548.129
2020-08-15,2020 DirtFish National Championship,SA,Timothy Thompson,Crisanne Thompson,-11.406,-105.015,499.906,604.921
2025-08-31,2025 Great Lakes Divisional,SA,Timothy Thompson,Trevor Mertz,-1.883,-27.348,857.566,884.914
2025-08-31,2025 Great Lakes Divisional,SA,Timothy Thompson,Jesse Thompson,-2.647,-38.691,857.566,896.257
2025-08-31,2025 Great Lakes Divisional,SA,Timothy Thompson,George Nelson,-4.037,-59.703,857.566,917.269
2025-08-31,2025 Great Lakes Divisional,SA,Timothy Thompson,Natalie Mertz,-8.569,-131.892,857.566,989.458
2024-08-31,2024 Great Lakes Divisional,SA,Timothy Thompson,Trevor Mertz,-3.032,-34.089,657.579,691.668
2024-08-31,2024 Great Lakes Divisional,SA,Timothy Thompson,Jesse Thompson,-3.255,-36.666,657.579,694.245
2024-08-31,2024 Great Lakes Divisional,SA,Timothy Thompson,Ronald Pokrandt,-10.898,-131.364,657.579,788.943
2025-10-17,2025 National Championship,SA,Timothy Thompson,Robert Seelig,-1.352,-16.375,718.484,734.859
2025-10-17,2025 National Championship,SA,Timothy Thompson,Charles Wright,-1.708,-20.747,718.484,739.231
2025-10-17,2025 National Championship,SA,Timothy Thompson,Jan Gerber,-2.150,-26.215,718.484,744.699
2025-10-17,2025 National Championship,SA,Timothy Thompson,Shelton Wright,-5.391,-67.588,718.484,786.072
2025-10-17,2025 National Championship,SA,Timothy Thompson,Jesse Thompson,-7.382,-94.189,718.484,812.673
2025-10-17,2025 National Championship,SA,Timothy Thompson,Steve Ducharme,-10.076,-131.722,718.484,850.206
2024-06-14,2024 Central Divisional,SA,Timothy Thompson,Robert Seelig,0.003,0.052,1075.973,1075.921
2022-09-23,2022 National Championships,SA,Timothy Thompson,Jan Gerber,-0.153,-1.324,518.066,519.390
2022-09-23,2022 National Championships,SA,Timothy Thompson,Brian Tefft Jr.,-0.943,-8.207,518.066,526.273
2022-09-23,2022 National Championships,SA,Timothy Thompson,Sean Heinrich,-1.782,-15.621,518.066,533.687
2022-09-23,2022 National Championships,SA,Timothy Thompson,Steve Ducharme,-3.384,-30.068,518.066,548.134
2022-09-23,2022 National Championships,SA,Timothy Thompson,Zachary Smith,-3.662,-32.616,518.066,550.682
2022-09-23,2022 National Championships,SA,Timothy Thompson,Ryan Ruhle,-5.050,-45.520,518.066,563.586
2022-09-23,2022 National Championships,SA,Timothy Thompson,Rupert Berrington,-5.360,-48.442,518.066,566.508
2022-09-23,2022 National Championships,SA,Timothy Thompson,David Durney,-7.391,-68.003,518.066,586.069
2025-07-05,2025 Midwest Divisional,SA,Timothy Thompson,Robert Seelig,-2.296,-32.576,835.009,867.585
2025-07-05,2025 Midwest Divisional,SA,Timothy Thompson,Jesse Thompson,-6.522,-95.989,835.009,930.998
2023-10-06,2023 National Championship,SA,Timothy Thompson,Jan Gerber,-0.988,-10.269,618.762,629.031
2023-10-06,2023 National Championship,SA,Timothy Thompson,Robert Seelig,-1.557,-16.269,618.762,635.031
2023-10-06,2023 National Championship,SA,Timothy Thompson,Zachary Smith,-2.569,-27.077,618.762,645.839
2023-10-06,2023 National Championship,SA,Timothy Thompson,Sean Heinrich,-3.126,-33.097,618.762,651.859
2023-10-06,2023 National Championship,SA,Timothy Thompson,Ryan Ruhle,-5.058,-54.458,618.762,673.220
2023-10-06,2023 National Championship,SA,Timothy Thompson,ML Culpepper,-5.134,-55.315,618.762,674.077
2023-10-06,2023 National Championship,SA,Timothy Thompson,Mason Smith,-5.166,-55.675,618.762,674.437
2023-10-06,2023 National Championship,SA,Timothy Thompson,Steve Ducharme,-6.624,-72.299,618.762,691.061
2023-10-06,2023 National Championship,SA,Timothy Thompson,Randy Eickhoff,-8.110,-89.698,618.762,708.460
2023-10-06,2023 National Championship,SA,Timothy Thompson,Rick Myers,-12.585,-144.988,618.762,763.750
2024-10-18,2024 National Championships,SA,Timothy Thompson,Shelton Wright,0.498,5.657,684.592,678.935
2024-10-18,2024 National Championships,SA,Timothy Thompson,Jan Gerber,-0.182,-2.081,684.592,686.673
2024-10-18,2024 National Championships,SA,Timothy Thompson,Charles Wright,-0.540,-6.186,684.592,690.778
2024-10-18,2024 National Championships,SA,Timothy Thompson,Robert Seelig,-1.658,-19.188,684.592,703.780
2024-10-18,2024 National Championships,SA,Timothy Thompson,Ryan Finch,-3.407,-40.008,684.592,724.600
2024-10-18,2024 National Championships,SA,Timothy Thompson,Charles Krampert,-5.040,-60.029,684.592,744.621
2024-10-18,2024 National Championships,SA,Timothy Thompson,Steve Ducharme,-6.346,-76.444,684.592,761.036
2021-10-15,2021 National Championship,SA,Trenton Von Holten,Brad Legris,2.024,22.604,681.484,658.880
2021-10-15,2021 National Championship,SA,Trenton Von Holten,Noah Quick,0.263,2.985,681.484,678.499
2021-10-15,2021 National Championship,SA,Trenton Von Holten,Jan Gerber,0.022,0.255,681.484,681.229
2021-10-15,2021 National Championship,SA,Trenton Von Holten,Sean Heinrich,0.422,4.771,681.484,676.713
2021-10-15,2021 National Championship,SA,Trenton Von Holten,Timothy Thompson,0.065,0.736,681.484,680.748
2021-10-15,2021 National Championship,SA,Trenton Von Holten,Jim Golden,-0.154,-1.756,681.484,683.240
2021-10-15,2021 National Championship,SA,Trenton Von Holten,Steve Ducharme,-1.164,-13.355,681.484,694.839
2021-10-15,2021 National Championship,SA,Trenton Von Holten,Alex Pankiw,-2.376,-27.531,681.484,709.015
2021-10-15,2021 National Championship,SA,Trenton Von Holten,David Piccioli,-4.299,-50.646,681.484,732.130
2021-10-15,2021 National Championship,SA,Trenton Von Holten,Ashley Piccioli,-6.192,-74.151,681.484,755.635
2021-10-15,2021 National Championship,SA,Trenton Von Holten,Geoffrey Wolpert,-0.798,-9.129,681.484,690.613
2021-10-15,2021 National Championship,SA,Trenton Von Holten,Tyler Powers,-1.828,-21.078,681.484,702.562
2021-10-15,2021 National Championship,SA,Trenton Von Holten,Colin Sheidler,-2.391,-27.708,681.484,709.192
2021-10-15,2021 National Championship,SA,Trenton Von Holten,Scott Johnson,-4.639,-54.809,681.484,736.293
2021-10-15,2021 National Championship,SA,Trenton Von Holten,Aaron Linke,-10.334,-128.428,681.484,809.912
2021-10-15,2021 National Championship,SA,Jim Golden,Brad Legris,2.178,24.360,683.240,658.880
2021-10-15,2021 National Championship,SA,Jim Golden,Noah Quick,0.418,4.741,683.240,678.499
2021-10-15,2021 National Championship,SA,Jim Golden,Jan Gerber,0.177,2.011,683.240,681.229
2021-10-15,2021 National Championship,SA,Jim Golden,Sean Heinrich,0.576,6.527,683.240,676.713
2021-10-15,2021 National Championship,SA,Jim Golden,Timothy Thompson,0.219,2.492,683.240,680.748
2021-10-15,2021 National Championship,SA,Jim Golden,Trenton Von Holten,0.154,1.756,683.240,681.484
2021-10-15,2021 National Championship,SA,Jim Golden,Steve Ducharme,-1.010,-11.599,683.240,694.839
2021-10-15,2021 National Championship,SA,Jim Golden,Alex Pankiw,-2.222,-25.775,683.240,709.015
2021-10-15,2021 National Championship,SA,Jim Golden,David Piccioli,-4.145,-48.890,683.240,732.130
2021-10-15,2021 National Championship,SA,Jim Golden,Ashley Piccioli,-6.038,-72.395,683.240,755.635
2021-10-15,2021 National Championship,SA,Jim Golden,Geoffrey Wolpert,-0.644,-7.373,683.240,690.613
2021-10-15,2021 National Championship,SA,Jim Golden,Tyler Powers,-1.673,-19.322,683.240,702.562
2021-10-15,2021 National Championship,SA,Jim Golden,Colin Sheidler,-2.237,-25.952,683.240,709.192
2021-10-15,2021 National Championship,SA,Jim Golden,Scott Johnson,-4.485,-53.053,683.240,736.293
2021-10-15,2021 National Championship,SA,Jim Golden,Aaron Linke,-10.180,-126.672,683.240,809.912
2021-10-15,2021 National Championship,SA,Steve Ducharme,Brad Legris,3.188,35.959,694.839,658.880
2021-10-15,2021 National Championship,SA,Steve Ducharme,Noah Quick,1.428,16.340,694.839,678.499
2021-10-15,2021 National Championship,SA,Steve Ducharme,Jan Gerber,1.187,13.610,694.839,681.229
2021-10-15,2021 National Championship,SA,Steve Ducharme,Sean Heinrich,1.586,18.126,694.839,676.713
2021-10-15,2021 National Championship,SA,Steve Ducharme,Timothy Thompson,1.229,14.091,694.839,680.748
2021-10-15,2021 National Championship,SA,Steve Ducharme,Trenton Von Holten,1.164,13.355,694.839,681.484
2021-10-15,2021 National Championship,SA,Steve Ducharme,Jim Golden,1.010,11.599,694.839,683.240
2021-10-15,2021 National Championship,SA,Steve Ducharme,Alex Pankiw,-1.212,-14.176,694.839,709.015
2021-10-15,2021 National Championship,SA,Steve Ducharme,David Piccioli,-3.136,-37.291,694.839,732.130
2021-10-15,2021 National Championship,SA,Steve Ducharme,Ashley Piccioli,-5.030,-60.796,694.839,755.635
2021-10-15,2021 National Championship,SA,Steve Ducharme,Geoffrey Wolpert,0.366,4.226,694.839,690.613
2021-10-15,2021 National Championship,SA,Steve Ducharme,Tyler Powers,-0.663,-7.723,694.839,702.562
2021-10-15,2021 National Championship,SA,Steve Ducharme,Colin Sheidler,-1.227,-14.353,694.839,709.192
2021-10-15,2021 National Championship,SA,Steve Ducharme,Scott Johnson,-3.476,-41.454,694.839,736.293
2021-10-15,2021 National Championship,SA,Steve Ducharme,Aaron Linke,-9.177,-115.073,694.839,809.912
2020-08-15,2020 DirtFish National Championship,SA,Steve Ducharme,Josh Armantrout,2.441,20.464,513.337,492.873
2020-08-15,2020 DirtFish National Championship,SA,Steve Ducharme,Jan Gerber,2.185,18.357,513.337,494.980
2020-08-15,2020 DirtFish National Championship,SA,Steve Ducharme,Timothy Thompson,1.591,13.431,513.337,499.906
2020-08-15,2020 DirtFish National Championship,SA,Steve Ducharme,Chris Endres,0.320,2.731,513.337,510.606
2020-08-15,2020 DirtFish National Championship,SA,Steve Ducharme,Noah Quick,-0.612,-5.262,513.337,518.599
2020-08-15,2020 DirtFish National Championship,SA,Steve Ducharme,Jorge Gonzalez,-1.054,-9.096,513.337,522.433
2020-08-15,2020 DirtFish National Championship,SA,Steve Ducharme,Toby Harris,-1.476,-12.789,513.337,526.126
2020-08-15,2020 DirtFish National Championship,SA,Steve Ducharme,Sean Heinrich,-1.819,-15.800,513.337,529.137
2020-08-15,2020 DirtFish National Championship,SA,Steve Ducharme,Rupert Berrington,-3.171,-27.864,513.337,541.201
2020-08-15,2020 DirtFish National Championship,SA,Steve Ducharme,Jared Carpenter,-3.274,-28.800,513.337,542.137
2020-08-15,2020 DirtFish National Championship,SA,Steve Ducharme,Cassandra Cedeno,-3.933,-34.792,513.337,548.129
2020-08-15,2020 DirtFish National Championship,SA,Steve Ducharme,Andrew Wilharm,-6.946,-63.080,513.337,576.417
2020-08-15,2020 DirtFish National Championship,SA,Steve Ducharme,Crisanne Thompson,-9.828,-91.584,513.337,604.921
2025-10-17,2025 National Championship,SA,Steve Ducharme,Timothy Thompson,10.076,131.722,850.206,718.484
2025-10-17,2025 National Championship,SA,Steve Ducharme,Robert Seelig,8.733,115.347,850.206,734.859
2025-10-17,2025 National Championship,SA,Steve Ducharme,Charles Wright,8.378,110.975,850.206,739.231
2025-10-17,2025 National Championship,SA,Steve Ducharme,Jan Gerber,7.938,105.507,850.206,744.699
2025-10-17,2025 National Championship,SA,Steve Ducharme,Shelton Wright,4.703,64.134,850.206,786.072
2025-10-17,2025 National Championship,SA,Steve Ducharme,Jesse Thompson,2.709,37.533,850.206,812.673
2022-09-23,2022 National Championships,SA,Steve Ducharme,Timothy Thompson,3.384,30.068,548.134,518.066
2022-09-23,2022 National Championships,SA,Steve Ducharme,Jan Gerber,3.231,28.744,548.134,519.390
2022-09-23,2022 National Championships,SA,Steve Ducharme,Brian Tefft Jr.,2.442,21.861,548.134,526.273
2022-09-23,2022 National Championships,SA,Steve Ducharme,Sean Heinrich,1.603,14.447,548.134,533.687
2022-09-23,2022 National Championships,SA,Steve Ducharme,Zachary Smith,-0.278,-2.548,548.134,550.682
2022-09-23,2022 National Championships,SA,Steve Ducharme,Ryan Ruhle,-1.668,-15.452,548.134,563.586
2022-09-23,2022 National Championships,SA,Steve Ducharme,Rupert Berrington,-1.978,-18.374,548.134,566.508
2022-09-23,2022 National Championships,SA,Steve Ducharme,David Durney,-4.014,-37.935,548.134,586.069
2023-10-06,2023 National Championship,SA,Steve Ducharme,Timothy Thompson,6.624,72.299,691.061,618.762
2023-10-06,2023 National Championship,SA,Steve Ducharme,Jan Gerber,5.639,62.030,691.061,629.031
2023-10-06,2023 National Championship,SA,Steve Ducharme,Robert Seelig,5.070,56.030,691.061,635.031
2023-10-06,2023 National Championship,SA,Steve Ducharme,Zachary Smith,4.059,45.222,691.061,645.839
2023-10-06,2023 National Championship,SA,Steve Ducharme,Sean Heinrich,3.503,39.202,691.061,651.859
2023-10-06,2023 National Championship,SA,Steve Ducharme,Ryan Ruhle,1.569,17.841,691.061,673.220
2023-10-06,2023 National Championship,SA,Steve Ducharme,ML Culpepper,1.493,16.984,691.061,674.077
2023-10-06,2023 National Championship,SA,Steve Ducharme,Mason Smith,1.461,16.624,691.061,674.437
2023-10-06,2023 National Championship,SA,Steve Ducharme,Randy Eickhoff,-1.492,-17.399,691.061,708.460
2023-10-06,2023 National Championship,SA,Steve Ducharme,Rick Myers,-5.996,-72.689,691.061,763.750
2024-10-18,2024 National Championships,SA,Steve Ducharme,Shelton Wright,6.842,82.101,761.036,678.935
2024-10-18,2024 National Championships,SA,Steve Ducharme,Timothy Thompson,6.346,76.444,761.036,684.592
2024-10-18,2024 National Championships,SA,Steve Ducharme,Jan Gerber,6.164,74.363,761.036,686.673
2024-10-18,2024 National Championships,SA,Steve Ducharme,Charles Wright,5.807,70.258,761.036,690.778
2024-10-18,2024 National Championships,SA,Steve Ducharme,Robert Seelig,4.691,57.256,761.036,703.780
2024-10-18,2024 National Championships,SA,Steve Ducharme,Ryan Finch,2.943,36.436,761.036,724.600
2024-10-18,2024 National Championships,SA,Steve Ducharme,Charles Krampert,1.308,16.415,761.036,744.621
2021-10-15,2021 National Championship,SA,Alex Pankiw,Brad Legris,4.398,50.135,709.015,658.880
2021-10-15,2021 National Championship,SA,Alex Pankiw,Noah Quick,2.639,30.516,709.015,678.499
2021-10-15,2021 National Championship,SA,Alex Pankiw,Jan Gerber,2.398,27.786,709.015,681.229
2021-10-15,2021 National Championship,SA,Alex Pankiw,Sean Heinrich,2.797,32.302,709.015,676.713
2021-10-15,2021 National Championship,SA,Alex Pankiw,Timothy Thompson,2.441,28.267,709.015,680.748
2021-10-15,2021 National Championship,SA,Alex Pankiw,Trenton Von Holten,2.376,27.531,709.015,681.484
2021-10-15,2021 National Championship,SA,Alex Pankiw,Jim Golden,2.222,25.775,709.015,683.240
2021-10-15,2021 National Championship,SA,Alex Pankiw,Steve Ducharme,1.212,14.176,709.015,694.839
2021-10-15,2021 National Championship,SA,Alex Pankiw,David Piccioli,-1.925,-23.115,709.015,732.130
2021-10-15,2021 National Championship,SA,Alex Pankiw,Ashley Piccioli,-3.820,-46.620,709.015,755.635
2021-10-15,2021 National Championship,SA,Alex Pankiw,Geoffrey Wolpert,1.578,18.402,709.015,690.613
2021-10-15,2021 National Championship,SA,Alex Pankiw,Tyler Powers,0.549,6.453,709.015,702.562
2021-10-15,2021 National Championship,SA,Alex Pankiw,Colin Sheidler,-0.015,-0.177,709.015,709.192
2021-10-15,2021 National Championship,SA,Alex Pankiw,Scott Johnson,-2.265,-27.278,709.015,736.293
2021-10-15,2021 National Championship,SA,Alex Pankiw,Aaron Linke,-7.971,-100.897,709.015,809.912
2021-10-15,2021 National Championship,SA,David Piccioli,Brad Legris,6.319,73.250,732.130,658.880
2021-10-15,2021 National Championship,SA,David Piccioli,Noah Quick,4.562,53.631,732.130,678.499
2021-10-15,2021 National Championship,SA,David Piccioli,Jan Gerber,4.322,50.901,732.130,681.229
2021-10-15,2021 National Championship,SA,David Piccioli,Sean Heinrich,4.720,55.417,732.130,676.713
2021-10-15,2021 National Championship,SA,David Piccioli,Timothy Thompson,4.364,51.382,732.130,680.748
2021-10-15,2021 National Championship,SA,David Piccioli,Trenton Von Holten,4.299,50.646,732.130,681.484
2021-10-15,2021 National Championship,SA,David Piccioli,Jim Golden,4.145,48.890,732.130,683.240
2021-10-15,2021 National Championship,SA,David Piccioli,Steve Ducharme,3.136,37.291,732.130,694.839
2021-10-15,2021 National Championship,SA,David Piccioli,Alex Pankiw,1.925,23.115,732.130,709.015
2021-10-15,2021 National Championship,SA,David Piccioli,Ashley Piccioli,-1.896,-23.505,732.130,755.635
2021-10-15,2021 National Championship,SA,David Piccioli,Geoffrey Wolpert,3.502,41.517,732.130,690.613
2021-10-15,2021 National Championship,SA,David Piccioli,Tyler Powers,2.473,29.568,732.130,702.562
2021-10-15,2021 National Championship,SA,David Piccioli,Colin Sheidler,1.910,22.938,732.130,709.192
2021-10-15,2021 National Championship,SA,David Piccioli,Scott Johnson,-0.340,-4.163,732.130,736.293
2021-10-15,2021 National Championship,SA,David Piccioli,Aaron Linke,-6.053,-77.782,732.130,809.912
2021-10-15,2021 National Championship,SA,Ashley Piccioli,Brad Legris,8.208,96.755,755.635,658.880
2021-10-15,2021 National Championship,SA,Ashley Piccioli,Noah Quick,6.454,77.136,755.635,678.499
2021-10-15,2021 National Championship,SA,Ashley Piccioli,Jan Gerber,6.214,74.406,755.635,681.229
2021-10-15,2021 National Championship,SA,Ashley Piccioli,Sean Heinrich,6.612,78.922,755.635,676.713
2021-10-15,2021 National Championship,SA,Ashley Piccioli,Timothy Thompson,6.256,74.887,755.635,680.748
2021-10-15,2021 National Championship,SA,Ashley Piccioli,Trenton Von Holten,6.192,74.151,755.635,681.484
2021-10-15,2021 National Championship,SA,Ashley Piccioli,Jim Golden,6.038,72.395,755.635,683.240
2021-10-15,2021 National Championship,SA,Ashley Piccioli,Steve Ducharme,5.030,60.796,755.635,694.839
2021-10-15,2021 National Championship,SA,Ashley Piccioli,Alex Pankiw,3.820,46.620,755.635,709.015
2021-10-15,2021 National Championship,SA,Ashley Piccioli,David Piccioli,1.896,23.505,755.635,732.130
2021-10-15,2021 National Championship,SA,Ashley Piccioli,Geoffrey Wolpert,5.395,65.022,755.635,690.613
2021-10-15,2021 National Championship,SA,Ashley Piccioli,Tyler Powers,4.368,53.073,755.635,702.562
2021-10-15,2021 National Championship,SA,Ashley Piccioli,Colin Sheidler,3.805,46.443,755.635,709.192
2021-10-15,2021 National Championship,SA,Ashley Piccioli,Scott Johnson,1.556,19.342,755.635,736.293
2021-10-15,2021 National Championship,SA,Ashley Piccioli,Aaron Linke,-4.160,-54.277,755.635,809.912
2021-10-15,2021 National Championship,SA,Geoffrey Wolpert,Brad Legris,2.822,31.733,690.613,658.880
2021-10-15,2021 National Championship,SA,Geoffrey Wolpert,Noah Quick,1.062,12.114,690.613,678.499
2021-10-15,2021 National Championship,SA,Geoffrey Wolpert,Jan Gerber,0.821,9.384,690.613,681.229
2021-10-15,2021 National Championship,SA,Geoffrey Wolpert,Sean Heinrich,1.220,13.900,690.613,676.713
2021-10-15,2021 National Championship,SA,Geoffrey Wolpert,Timothy Thompson,0.863,9.865,690.613,680.748
2021-10-15,2021 National Championship,SA,Geoffrey Wolpert,Trenton Von Holten,0.798,9.129,690.613,681.484
2021-10-15,2021 National Championship,SA,Geoffrey Wolpert,Jim Golden,0.644,7.373,690.613,683.240
2021-10-15,2021 National Championship,SA,Geoffrey Wolpert,Steve Ducharme,-0.366,-4.226,690.613,694.839
2021-10-15,2021 National Championship,SA,Geoffrey Wolpert,Alex Pankiw,-1.578,-18.402,690.613,709.015
2021-10-15,2021 National Championship,SA,Geoffrey Wolpert,David Piccioli,-3.502,-41.517,690.613,732.130
2021-10-15,2021 National Championship,SA,Geoffrey Wolpert,Ashley Piccioli,-5.395,-65.022,690.613,755.635
2021-10-15,2021 National Championship,SA,Geoffrey Wolpert,Tyler Powers,-1.029,-11.949,690.613,702.562
2021-10-15,2021 National Championship,SA,Geoffrey Wolpert,Colin Sheidler,-1.593,-18.579,690.613,709.192
2021-10-15,2021 National Championship,SA,Geoffrey Wolpert,Scott Johnson,-3.842,-45.680,690.613,736.293
2021-10-15,2021 National Championship,SA,Geoffrey Wolpert,Aaron Linke,-9.541,-119.299,690.613,809.912
2021-10-15,2021 National Championship,SA,Tyler Powers,Brad Legris,3.850,43.682,702.562,658.880
2021-10-15,2021 National Championship,SA,Tyler Powers,Noah Quick,2.091,24.063,702.562,678.499
2021-10-15,2021 National Championship,SA,Tyler Powers,Jan Gerber,1.850,21.333,702.562,681.229
2021-10-15,2021 National Championship,SA,Tyler Powers,Sean Heinrich,2.249,25.849,702.562,676.713
2021-10-15,2021 National Championship,SA,Tyler Powers,Timothy Thompson,1.892,21.814,702.562,680.748
2021-10-15,2021 National Championship,SA,Tyler Powers,Trenton Von Holten,1.828,21.078,702.562,681.484
2021-10-15,2021 National Championship,SA,Tyler Powers,Jim Golden,1.673,19.322,702.562,683.240
2021-10-15,2021 National Championship,SA,Tyler Powers,Steve Ducharme,0.663,7.723,702.562,694.839
2021-10-15,2021 National Championship,SA,Tyler Powers,Alex Pankiw,-0.549,-6.453,702.562,709.015
2021-10-15,2021 National Championship,SA,Tyler Powers,David Piccioli,-2.473,-29.568,702.562,732.130
2021-10-15,2021 National Championship,SA,Tyler Powers,Ashley Piccioli,-4.368,-53.073,702.562,755.635
2021-10-15,2021 National Championship,SA,Tyler Powers,Geoffrey Wolpert,1.029,11.949,702.562,690.613
2021-10-15,2021 National Championship,SA,Tyler Powers,Colin Sheidler,-0.564,-6.630,702.562,709.192
2021-10-15,2021 National Championship,SA,Tyler Powers,Scott Johnson,-2.813,-33.731,702.562,736.293
2021-10-15,2021 National Championship,SA,Tyler Powers,Aaron Linke,-8.517,-107.350,702.562,809.912
2021-10-15,2021 National Championship,SA,Colin Sheidler,Brad Legris,4.413,50.312,709.192,658.880
2021-10-15,2021 National Championship,SA,Colin Sheidler,Noah Quick,2.654,30.693,709.192,678.499
2021-10-15,2021 National Championship,SA,Colin Sheidler,Jan Gerber,2.413,27.963,709.192,681.229
2021-10-15,2021 National Championship,SA,Colin Sheidler,Sean Heinrich,2.812,32.479,709.192,676.713
2021-10-15,2021 National Championship,SA,Colin Sheidler,Timothy Thompson,2.456,28.444,709.192,680.748
2021-10-15,2021 National Championship,SA,Colin Sheidler,Trenton Von Holten,2.391,27.708,709.192,681.484
2021-10-15,2021 National Championship,SA,Colin Sheidler,Jim Golden,2.237,25.952,709.192,683.240
2021-10-15,2021 National Championship,SA,Colin Sheidler,Steve Ducharme,1.227,14.353,709.192,694.839
2021-10-15,2021 National Championship,SA,Colin Sheidler,Alex Pankiw,0.015,0.177,709.192,709.015
2021-10-15,2021 National Championship,SA,Colin Sheidler,David Piccioli,-1.910,-22.938,709.192,732.130
2021-10-15,2021 National Championship,SA,Colin Sheidler,Ashley Piccioli,-3.805,-46.443,709.192,755.635
2021-10-15,2021 National Championship,SA,Colin Sheidler,Geoffrey Wolpert,1.593,18.579,709.192,690.613
2021-10-15,2021 National Championship,SA,Colin Sheidler,Tyler Powers,0.564,6.630,709.192,702.562
2021-10-15,2021 National Championship,SA,Colin Sheidler,Scott Johnson,-2.250,-27.101,709.192,736.293
2021-10-15,2021 National Championship,SA,Colin Sheidler,Aaron Linke,-7.956,-100.720,709.192,809.912
2021-10-15,2021 National Championship,SA,Scott Johnson,Brad Legris,6.658,77.413,736.293,658.880
2021-10-15,2021 National Championship,SA,Scott Johnson,Noah Quick,4.902,57.794,736.293,678.499
2021-10-15,2021 National Championship,SA,Scott Johnson,Jan Gerber,4.661,55.064,736.293,681.229
2021-10-15,2021 National Championship,SA,Scott Johnson,Sean Heinrich,5.060,59.580,736.293,676.713
2021-10-15,2021 National Championship,SA,Scott Johnson,Timothy Thompson,4.704,55.545,736.293,680.748
2021-10-15,2021 National Championship,SA,Scott Johnson,Trenton Von Holten,4.639,54.809,736.293,681.484
2021-10-15,2021 National Championship,SA,Scott Johnson,Jim Golden,4.485,53.053,736.293,683.240
2021-10-15,2021 National Championship,SA,Scott Johnson,Steve Ducharme,3.476,41.454,736.293,694.839
2021-10-15,2021 National Championship,SA,Scott Johnson,Alex Pankiw,2.265,27.278,736.293,709.015
2021-10-15,2021 National Championship,SA,Scott Johnson,David Piccioli,0.340,4.163,736.293,732.130
2021-10-15,2021 National Championship,SA,Scott Johnson,Ashley Piccioli,-1.556,-19.342,736.293,755.635
2021-10-15,2021 National Championship,SA,Scott Johnson,Geoffrey Wolpert,3.842,45.680,736.293,690.613
2021-10-15,2021 National Championship,SA,Scott Johnson,Tyler Powers,2.813,33.731,736.293,702.562
2021-10-15,2021 National Championship,SA,Scott Johnson,Colin Sheidler,2.250,27.101,736.293,709.192
2021-10-15,2021 National Championship,SA,Scott Johnson,Aaron Linke,-5.714,-73.619,736.293,809.912
2021-10-15,2021 National Championship,SA,Aaron Linke,Brad Legris,12.339,151.032,809.912,658.880
2021-10-15,2021 National Championship,SA,Aaron Linke,Noah Quick,10.595,131.413,809.912,678.499
2021-10-15,2021 National Championship,SA,Aaron Linke,Jan Gerber,10.356,128.683,809.912,681.229
2021-10-15,2021 National Championship,SA,Aaron Linke,Sean Heinrich,10.752,133.199,809.912,676.713
2021-10-15,2021 National Championship,SA,Aaron Linke,Timothy Thompson,10.398,129.164,809.912,680.748
2021-10-15,2021 National Championship,SA,Aaron Linke,Trenton Von Holten,10.334,128.428,809.912,681.484
2021-10-15,2021 National Championship,SA,Aaron Linke,Jim Golden,10.180,126.672,809.912,683.240
2021-10-15,2021 National Championship,SA,Aaron Linke,Steve Ducharme,9.177,115.073,809.912,694.839
2021-10-15,2021 National Championship,SA,Aaron Linke,Alex Pankiw,7.971,100.897,809.912,709.015
2021-10-15,2021 National Championship,SA,Aaron Linke,David Piccioli,6.053,77.782,809.912,732.130
2021-10-15,2021 National Championship,SA,Aaron Linke,Ashley Piccioli,4.160,54.277,809.912,755.635
2021-10-15,2021 National Championship,SA,Aaron Linke,Geoffrey Wolpert,9.541,119.299,809.912,690.613
2021-10-15,2021 National Championship,SA,Aaron Linke,Tyler Powers,8.517,107.350,809.912,702.562
2021-10-15,2021 National Championship,SA,Aaron Linke,Colin Sheidler,7.956,100.720,809.912,709.192
2021-10-15,2021 National Championship,SA,Aaron Linke,Scott Johnson,5.714,73.619,809.912,736.293
2021-10-15,2021 National Championship,PF,Leon Drake,Christian Retterer,-0.321,-3.184,592.726,595.910
2021-10-15,2021 National Championship,PF,Leon Drake,Josh Remmetter,-1.034,-10.301,592.726,603.027
2021-10-15,2021 National Championship,PF,Leon Drake,Donald Carl,-1.714,-17.177,592.726,609.903
2021-10-15,2021 National Championship,PF,Leon Drake,Alex Ashbaugh,-3.609,-36.762,592.726,629.488
2021-10-15,2021 National Championship,PF,Leon Drake,Chris Murphy,-4.514,-46.338,592.726,639.064
2021-10-15,2021 National Championship,PF,Leon Drake,Jake Bucknam,-0.135,-1.339,592.726,594.065
2021-10-15,2021 National Championship,PF,Leon Drake,Jim Rowland,-0.591,-5.863,592.726,598.589
2021-10-15,2021 National Championship,PF,Leon Drake,Matt Wolfe,-1.706,-17.092,592.726,609.818
2021-10-15,2021 National Championship,PF,Leon Drake,Jacob Kennedy,-1.900,-19.071,592.726,611.797
2021-10-15,2021 National Championship,PF,Leon Drake,Andrea Wolfe,-3.795,-38.712,592.726,631.438
2021-10-15,2021 National Championship,PF,Leon Drake,Samantha Steelman,-6.402,-66.809,592.726,659.535
2021-10-15,2021 National Championship,PF,Leon Drake,Sidney Scott,-15.289,-173.093,592.726,765.819
2021-10-15,2021 National Championship,PF,Leon Drake,James Smith,-6.389,-66.670,592.726,659.396
2021-10-15,2021 National Championship,PF,Leon Drake,Thomas Hoster,-7.243,-76.146,592.726,668.872
2021-10-15,2021 National Championship,PF,Josh Remmetter,Leon Drake,1.034,10.301,603.027,592.726
2021-10-15,2021 National Championship,PF,Josh Remmetter,Christian Retterer,0.712,7.117,603.027,595.910
2021-10-15,2021 National Championship,PF,Josh Remmetter,Donald Carl,-0.680,-6.876,603.027,609.903
2021-10-15,2021 National Championship,PF,Josh Remmetter,Alex Ashbaugh,-2.576,-26.461,603.027,629.488
2021-10-15,2021 National Championship,PF,Josh Remmetter,Chris Murphy,-3.482,-36.037,603.027,639.064
2021-10-15,2021 National Championship,PF,Josh Remmetter,Jake Bucknam,0.898,8.962,603.027,594.065
2021-10-15,2021 National Championship,PF,Josh Remmetter,Jim Rowland,0.443,4.438,603.027,598.589
2021-10-15,2021 National Championship,PF,Josh Remmetter,Matt Wolfe,-0.672,-6.791,603.027,609.818
2021-10-15,2021 National Championship,PF,Josh Remmetter,Jacob Kennedy,-0.866,-8.770,603.027,611.797
2021-10-15,2021 National Championship,PF,Josh Remmetter,Andrea Wolfe,-2.762,-28.411,603.027,631.438
2021-10-15,2021 National Championship,PF,Josh Remmetter,Samantha Steelman,-5.371,-56.508,603.027,659.535
2021-10-15,2021 National Championship,PF,Josh Remmetter,Sidney Scott,-14.271,-162.792,603.027,765.819
2021-10-15,2021 National Championship,PF,Josh Remmetter,James Smith,-5.358,-56.369,603.027,659.396
2021-10-15,2021 National Championship,PF,Josh Remmetter,Thomas Hoster,-6.212,-65.845,603.027,668.872
2021-10-15,2021 National Championship,PF,Donald Carl,Leon Drake,1.714,17.177,609.903,592.726
2021-10-15,2021 National Championship,PF,Donald Carl,Christian Retterer,1.393,13.993,609.903,595.910
2021-10-15,2021 National Championship,PF,Donald Carl,Josh Remmetter,0.680,6.876,609.903,603.027
2021-10-15,2021 National Championship,PF,Donald Carl,Alex Ashbaugh,-1.896,-19.585,609.903,629.488
2021-10-15,2021 National Championship,PF,Donald Carl,Chris Murphy,-2.802,-29.161,609.903,639.064
2021-10-15,2021 National Championship,PF,Donald Carl,Jake Bucknam,1.579,15.838,609.903,594.065
2021-10-15,2021 National Championship,PF,Donald Carl,Jim Rowland,1.123,11.314,609.903,598.589
2021-10-15,2021 National Championship,PF,Donald Carl,Matt Wolfe,0.008,0.085,609.903,609.818
2021-10-15,2021 National Championship,PF,Donald Carl,Jacob Kennedy,-0.186,-1.894,609.903,611.797
2021-10-15,2021 National Championship,PF,Donald Carl,Andrea Wolfe,-2.082,-21.535,609.903,631.438
2021-10-15,2021 National Championship,PF,Donald Carl,Samantha Steelman,-4.692,-49.632,609.903,659.535
2021-10-15,2021 National Championship,PF,Donald Carl,Sidney Scott,-13.600,-155.916,609.903,765.819
2021-10-15,2021 National Championship,PF,Donald Carl,James Smith,-4.679,-49.493,609.903,659.396
2021-10-15,2021 National Championship,PF,Donald Carl,Thomas Hoster,-5.534,-58.969,609.903,668.872
2020-08-15,2020 DirtFish National Championship,PF,Donald Carl,Robert Seelig,0.454,3.696,490.140,486.444
2020-08-15,2020 DirtFish National Championship,PF,Donald Carl,Edwin Cunill,0.243,1.983,490.140,488.157
2020-08-15,2020 DirtFish National Championship,PF,Donald Carl,Matt Wolfe,-0.187,-1.529,490.140,491.669
2020-08-15,2020 DirtFish National Championship,PF,Donald Carl,Jim Rowland,-0.593,-4.871,490.140,495.011
2020-08-15,2020 DirtFish National Championship,PF,Donald Carl,Christian Retterer,-0.979,-8.062,490.140,498.202
2020-08-15,2020 DirtFish National Championship,PF,Donald Carl,John England,-1.962,-16.290,490.140,506.430
2020-08-15,2020 DirtFish National Championship,PF,Donald Carl,Greg Cheney,-2.527,-21.091,490.140,511.231
2020-08-15,2020 DirtFish National Championship,PF,Donald Carl,Sidney Scott,-2.532,-21.129,490.140,511.269
2020-08-15,2020 DirtFish National Championship,PF,Donald Carl,Cole Fincham,-3.032,-25.414,490.140,515.554
2020-08-15,2020 DirtFish National Championship,PF,Donald Carl,Andrea Wolfe,-3.228,-27.100,490.140,517.240
2020-08-15,2020 DirtFish National Championship,PF,Donald Carl,Elmer Wilson,-3.433,-28.873,490.140,519.013
2020-08-15,2020 DirtFish National Championship,PF,Donald Carl,Scott Schmidt,-4.170,-35.288,490.140,525.428
2020-08-15,2020 DirtFish National Championship,PF,Donald Carl,Ian Jennings,-5.171,-44.148,490.140,534.288
2020-08-15,2020 DirtFish National Championship,PF,Donald Carl,Ron Foley,-6.897,-59.773,490.140,549.913
2020-08-15,2020 DirtFish National Championship,PF,Donald Carl,Mark Williams,-12.889,-117.956,490.140,608.096
2020-08-15,2020 DirtFish National Championship,PF,Donald Carl,Warren Elliott,-21.633,-215.586,490.140,705.726
2022-09-23,2022 National Championships,PF,Donald Carl,Jim Rowland,0.076,0.660,524.751,524.091
2022-09-23,2022 National Championships,PF,Donald Carl,Christian Retterer,-0.003,-0.024,524.751,524.775
2022-09-23,2022 National Championships,PF,Donald Carl,Jacob Light,-0.679,-5.970,524.751,530.721
2022-09-23,2022 National Championships,PF,Donald Carl,David Capesius,-1.524,-13.500,524.751,538.251
2022-09-23,2022 National Championships,PF,Donald Carl,Chris O Driscoll,-1.621,-14.375,524.751,539.126
2022-09-23,2022 National Championships,PF,Donald Carl,John Black,-2.329,-20.775,524.751,545.526
2022-09-23,2022 National Championships,PF,Donald Carl,Cameron Gransee,-3.121,-28.022,524.751,552.773
2022-09-23,2022 National Championships,PF,Donald Carl,Jacob Hickman,-3.512,-31.641,524.751,556.392
2022-09-23,2022 National Championships,PF,Donald Carl,Ed Trudeau,-4.322,-39.215,524.751,563.966
2022-09-23,2022 National Championships,PF,Donald Carl,Meredith Campbell,-7.629,-71.250,524.751,596.001
2021-10-15,2021 National Championship,PF,Alex Ashbaugh,Leon Drake,3.609,36.762,629.488,592.726
2021-10-15,2021 National Championship,PF,Alex Ashbaugh,Christian Retterer,3.288,33.578,629.488,595.910
2021-10-15,2021 National Championship,PF,Alex Ashbaugh,Josh Remmetter,2.576,26.461,629.488,603.027
2021-10-15,2021 National Championship,PF,Alex Ashbaugh,Donald Carl,1.896,19.585,629.488,609.903
2021-10-15,2021 National Championship,PF,Alex Ashbaugh,Chris Murphy,-0.906,-9.576,629.488,639.064
2021-10-15,2021 National Championship,PF,Alex Ashbaugh,Jake Bucknam,3.474,35.423,629.488,594.065
2021-10-15,2021 National Championship,PF,Alex Ashbaugh,Jim Rowland,3.019,30.899,629.488,598.589
2021-10-15,2021 National Championship,PF,Alex Ashbaugh,Matt Wolfe,1.905,19.670,629.488,609.818
2021-10-15,2021 National Championship,PF,Alex Ashbaugh,Jacob Kennedy,1.710,17.691,629.488,611.797
2021-10-15,2021 National Championship,PF,Alex Ashbaugh,Andrea Wolfe,-0.186,-1.950,629.488,631.438
2021-10-15,2021 National Championship,PF,Alex Ashbaugh,Samantha Steelman,-2.797,-30.047,629.488,659.535
2021-10-15,2021 National Championship,PF,Alex Ashbaugh,Sidney Scott,-11.725,-136.331,629.488,765.819
2021-10-15,2021 National Championship,PF,Alex Ashbaugh,James Smith,-2.785,-29.908,629.488,659.396
2021-10-15,2021 National Championship,PF,Alex Ashbaugh,Thomas Hoster,-3.640,-39.384,629.488,668.872
2024-08-31,2024 Great Lakes Divisional,PF,Alex Ashbaugh,Sidney Scott,0.685,6.917,609.177,602.260
2024-08-31,2024 Great Lakes Divisional,PF,Alex Ashbaugh,John England,-0.973,-9.960,609.177,619.137
2021-10-15,2021 National Championship,PF,Chris Murphy,Leon Drake,4.514,46.338,639.064,592.726
2021-10-15,2021 National Championship,PF,Chris Murphy,Christian Retterer,4.193,43.154,639.064,595.910
2021-10-15,2021 National Championship,PF,Chris Murphy,Josh Remmetter,3.482,36.037,639.064,603.027
2021-10-15,2021 National Championship,PF,Chris Murphy,Donald Carl,2.802,29.161,639.064,609.903
2021-10-15,2021 National Championship,PF,Chris Murphy,Alex Ashbaugh,0.906,9.576,639.064,629.488
2021-10-15,2021 National Championship,PF,Chris Murphy,Jake Bucknam,4.379,44.999,639.064,594.065
2021-10-15,2021 National Championship,PF,Chris Murphy,Jim Rowland,3.924,40.475,639.064,598.589
2021-10-15,2021 National Championship,PF,Chris Murphy,Matt Wolfe,2.810,29.246,639.064,609.818
2021-10-15,2021 National Championship,PF,Chris Murphy,Jacob Kennedy,2.616,27.267,639.064,611.797
2021-10-15,2021 National Championship,PF,Chris Murphy,Andrea Wolfe,0.720,7.626,639.064,631.438
2021-10-15,2021 National Championship,PF,Chris Murphy,Samantha Steelman,-1.892,-20.471,639.064,659.535
2021-10-15,2021 National Championship,PF,Chris Murphy,Sidney Scott,-10.827,-126.755,639.064,765.819
2021-10-15,2021 National Championship,PF,Chris Murphy,James Smith,-1.879,-20.332,639.064,659.396
2021-10-15,2021 National Championship,PF,Chris Murphy,Thomas Hoster,-2.735,-29.808,639.064,668.872
2021-10-15,2021 National Championship,PF,Jake Bucknam,Leon Drake,0.135,1.339,594.065,592.726
2021-10-15,2021 National Championship,PF,Jake Bucknam,Christian Retterer,-0.186,-1.845,594.065,595.910
2021-10-15,2021 National Championship,PF,Jake Bucknam,Josh Remmetter,-0.898,-8.962,594.065,603.027
2021-10-15,2021 National Championship,PF,Jake Bucknam,Donald Carl,-1.579,-15.838,594.065,609.903
2021-10-15,2021 National Championship,PF,Jake Bucknam,Alex Ashbaugh,-3.474,-35.423,594.065,629.488
2021-10-15,2021 National Championship,PF,Jake Bucknam,Chris Murphy,-4.379,-44.999,594.065,639.064
2021-10-15,2021 National Championship,PF,Jake Bucknam,Jim Rowland,-0.455,-4.524,594.065,598.589
2021-10-15,2021 National Championship,PF,Jake Bucknam,Matt Wolfe,-1.570,-15.753,594.065,609.818
2021-10-15,2021 National Championship,PF,Jake Bucknam,Jacob Kennedy,-1.765,-17.732,594.065,611.797
2021-10-15,2021 National Championship,PF,Jake Bucknam,Andrea Wolfe,-3.660,-37.373,594.065,631.438
2021-10-15,2021 National Championship,PF,Jake Bucknam,Samantha Steelman,-6.267,-65.470,594.065,659.535
2021-10-15,2021 National Championship,PF,Jake Bucknam,Sidney Scott,-15.156,-171.754,594.065,765.819
2021-10-15,2021 National Championship,PF,Jake Bucknam,James Smith,-6.254,-65.331,594.065,659.396
2021-10-15,2021 National Championship,PF,Jake Bucknam,Thomas Hoster,-7.108,-74.807,594.065,668.872
2021-10-15,2021 National Championship,PF,Jim Rowland,Leon Drake,0.591,5.863,598.589,592.726
2021-10-15,2021 National Championship,PF,Jim Rowland,Christian Retterer,0.269,2.679,598.589,595.910
2021-10-15,2021 National Championship,PF,Jim Rowland,Josh Remmetter,-0.443,-4.438,598.589,603.027
2021-10-15,2021 National Championship,PF,Jim Rowland,Donald Carl,-1.123,-11.314,598.589,609.903
2021-10-15,2021 National Championship,PF,Jim Rowland,Alex Ashbaugh,-3.019,-30.899,598.589,629.488
2021-10-15,2021 National Championship,PF,Jim Rowland,Chris Murphy,-3.924,-40.475,598.589,639.064
2021-10-15,2021 National Championship,PF,Jim Rowland,Jake Bucknam,0.455,4.524,598.589,594.065
2021-10-15,2021 National Championship,PF,Jim Rowland,Matt Wolfe,-1.115,-11.229,598.589,609.818
2021-10-15,2021 National Championship,PF,Jim Rowland,Jacob Kennedy,-1.309,-13.208,598.589,611.797
2021-10-15,2021 National Championship,PF,Jim Rowland,Andrea Wolfe,-3.205,-32.849,598.589,631.438
2021-10-15,2021 National Championship,PF,Jim Rowland,Samantha Steelman,-5.813,-60.946,598.589,659.535
2021-10-15,2021 National Championship,PF,Jim Rowland,Sidney Scott,-14.708,-167.230,598.589,765.819
2021-10-15,2021 National Championship,PF,Jim Rowland,James Smith,-5.800,-60.807,598.589,659.396
2021-10-15,2021 National Championship,PF,Jim Rowland,Thomas Hoster,-6.654,-70.283,598.589,668.872
2020-08-15,2020 DirtFish National Championship,PF,Jim Rowland,Robert Seelig,1.047,8.567,495.011,486.444
2020-08-15,2020 DirtFish National Championship,PF,Jim Rowland,Edwin Cunill,0.837,6.854,495.011,488.157
2020-08-15,2020 DirtFish National Championship,PF,Jim Rowland,Donald Carl,0.593,4.871,495.011,490.140
2020-08-15,2020 DirtFish National Championship,PF,Jim Rowland,Matt Wolfe,0.406,3.342,495.011,491.669
2020-08-15,2020 DirtFish National Championship,PF,Jim Rowland,Christian Retterer,-0.386,-3.191,495.011,498.202
2020-08-15,2020 DirtFish National Championship,PF,Jim Rowland,John England,-1.368,-11.419,495.011,506.430
2020-08-15,2020 DirtFish National Championship,PF,Jim Rowland,Greg Cheney,-1.934,-16.220,495.011,511.231
2020-08-15,2020 DirtFish National Championship,PF,Jim Rowland,Sidney Scott,-1.939,-16.258,495.011,511.269
2020-08-15,2020 DirtFish National Championship,PF,Jim Rowland,Cole Fincham,-2.439,-20.543,495.011,515.554
2020-08-15,2020 DirtFish National Championship,PF,Jim Rowland,Andrea Wolfe,-2.635,-22.229,495.011,517.240
2020-08-15,2020 DirtFish National Championship,PF,Jim Rowland,Elmer Wilson,-2.840,-24.002,495.011,519.013
2020-08-15,2020 DirtFish National Championship,PF,Jim Rowland,Scott Schmidt,-3.577,-30.417,495.011,525.428
2020-08-15,2020 DirtFish National Championship,PF,Jim Rowland,Ian Jennings,-4.579,-39.277,495.011,534.288
2020-08-15,2020 DirtFish National Championship,PF,Jim Rowland,Ron Foley,-6.305,-54.902,495.011,549.913
2020-08-15,2020 DirtFish National Championship,PF,Jim Rowland,Mark Williams,-12.302,-113.085,495.011,608.096
2020-08-15,2020 DirtFish National Championship,PF,Jim Rowland,Warren Elliott,-21.059,-210.715,495.011,705.726
2025-10-17,2025 National Championship,PF,Jim Rowland,Christian Retterer,1.522,17.357,692.703,675.346
2025-10-17,2025 National Championship,PF,Jim Rowland,Matthew Thompson,1.368,15.616,692.703,677.087
2025-10-17,2025 National Championship,PF,Jim Rowland,David Capesius,0.861,9.873,692.703,682.830
2025-10-17,2025 National Championship,PF,Jim Rowland,Edwin Cunill,-1.988,-23.333,692.703,716.036
2025-10-17,2025 National Championship,PF,Jim Rowland,Bartek Borowski,-3.337,-39.627,692.703,732.330
2025-10-17,2025 National Championship,PF,Jim Rowland,Dan Sanford,-3.346,-39.740,692.703,732.443
2025-10-17,2025 National Championship,PF,Jim Rowland,Bradley Kropp,-7.860,-97.104,692.703,789.807
2025-10-17,2025 National Championship,PF,Jim Rowland,Warren Elliott,-8.070,-99.884,692.703,792.587
2025-10-17,2025 National Championship,PF,Jim Rowland,Devin Palmer,-8.109,-100.397,692.703,793.100
2025-10-17,2025 National Championship,PF,Jim Rowland,Charles Palmer,-8.687,-108.117,692.703,800.820
2024-06-14,2024 Central Divisional,PF,Jim Rowland,Bradley Kropp,-2.628,-48.683,1087.169,1135.852
2024-06-14,2024 Central Divisional,PF,Jim Rowland,Broxlin Pace,-7.916,-153.571,1087.169,1240.740
2022-09-23,2022 National Championships,PF,Jim Rowland,Donald Carl,-0.076,-0.660,524.091,524.751
2022-09-23,2022 National Championships,PF,Jim Rowland,Christian Retterer,-0.078,-0.684,524.091,524.775
2022-09-23,2022 National Championships,PF,Jim Rowland,Jacob Light,-0.754,-6.630,524.091,530.721
2022-09-23,2022 National Championships,PF,Jim Rowland,David Capesius,-1.599,-14.160,524.091,538.251
2022-09-23,2022 National Championships,PF,Jim Rowland,Chris O Driscoll,-1.697,-15.035,524.091,539.126
2022-09-23,2022 National Championships,PF,Jim Rowland,John Black,-2.405,-21.435,524.091,545.526
2022-09-23,2022 National Championships,PF,Jim Rowland,Cameron Gransee,-3.196,-28.682,524.091,552.773
2022-09-23,2022 National Championships,PF,Jim Rowland,Jacob Hickman,-3.587,-32.301,524.091,556.392
2022-09-23,2022 National Championships,PF,Jim Rowland,Ed Trudeau,-4.398,-39.875,524.091,563.966
2022-09-23,2022 National Championships,PF,Jim Rowland,Meredith Campbell,-7.704,-71.910,524.091,596.001
2023-10-06,2023 National Championship,PF,Jim Rowland,Christian Retterer,-0.032,-0.346,646.334,646.680
2023-10-06,2023 National Championship,PF,Jim Rowland,David Capesius,-0.236,-2.551,646.334,648.885
2023-10-06,2023 National Championship,PF,Jim Rowland,Greg Cheney,-3.165,-35.021,646.334,681.355
2023-10-06,2023 National Championship,PF,Jim Rowland,Warren Elliott,-6.977,-79.794,646.334,726.128
2021-10-15,2021 National Championship,PF,Matt Wolfe,Leon Drake,1.706,17.092,609.818,592.726
2021-10-15,2021 National Championship,PF,Matt Wolfe,Christian Retterer,1.384,13.908,609.818,595.910
2021-10-15,2021 National Championship,PF,Matt Wolfe,Josh Remmetter,0.672,6.791,609.818,603.027
2021-10-15,2021 National Championship,PF,Matt Wolfe,Donald Carl,-0.008,-0.085,609.818,609.903
2021-10-15,2021 National Championship,PF,Matt Wolfe,Alex Ashbaugh,-1.905,-19.670,609.818,629.488
2021-10-15,2021 National Championship,PF,Matt Wolfe,Chris Murphy,-2.810,-29.246,609.818,639.064
2021-10-15,2021 National Championship,PF,Matt Wolfe,Jake Bucknam,1.570,15.753,609.818,594.065
2021-10-15,2021 National Championship,PF,Matt Wolfe,Jim Rowland,1.115,11.229,609.818,598.589
2021-10-15,2021 National Championship,PF,Matt Wolfe,Jacob Kennedy,-0.194,-1.979,609.818,611.797
2021-10-15,2021 National Championship,PF,Matt Wolfe,Andrea Wolfe,-2.090,-21.620,609.818,631.438
2021-10-15,2021 National Championship,PF,Matt Wolfe,Samantha Steelman,-4.700,-49.717,609.818,659.535
2021-10-15,2021 National Championship,PF,Matt Wolfe,Sidney Scott,-13.608,-156.001,609.818,765.819
2021-10-15,2021 National Championship,PF,Matt Wolfe,James Smith,-4.687,-49.578,609.818,659.396
2021-10-15,2021 National Championship,PF,Matt Wolfe,Thomas Hoster,-5.542,-59.054,609.818,668.872
2020-08-15,2020 DirtFish National Championship,PF,Matt Wolfe,Robert Seelig,0.641,5.225,491.669,486.444
2020-08-15,2020 DirtFish National Championship,PF,Matt Wolfe,Edwin Cunill,0.430,3.512,491.669,488.157
2020-08-15,2020 DirtFish National Championship,PF,Matt Wolfe,Donald Carl,0.187,1.529,491.669,490.140
2020-08-15,2020 DirtFish National Championship,PF,Matt Wolfe,Jim Rowland,-0.406,-3.342,491.669,495.011
2020-08-15,2020 DirtFish National Championship,PF,Matt Wolfe,Christian Retterer,-0.792,-6.533,491.669,498.202
2020-08-15,2020 DirtFish National Championship,PF,Matt Wolfe,John England,-1.775,-14.761,491.669,506.430
2020-08-15,2020 DirtFish National Championship,PF,Matt Wolfe,Greg Cheney,-2.341,-19.562,491.669,511.231
2020-08-15,2020 DirtFish National Championship,PF,Matt Wolfe,Sidney Scott,-2.345,-19.600,491.669,511.269
2020-08-15,2020 DirtFish National Championship,PF,Matt Wolfe,Cole Fincham,-2.846,-23.885,491.669,515.554
2020-08-15,2020 DirtFish National Championship,PF,Matt Wolfe,Andrea Wolfe,-3.041,-25.571,491.669,517.240
2020-08-15,2020 DirtFish National Championship,PF,Matt Wolfe,Elmer Wilson,-3.247,-27.344,491.669,519.013
2020-08-15,2020 DirtFish National Championship,PF,Matt Wolfe,Scott Schmidt,-3.983,-33.759,491.669,525.428
2020-08-15,2020 DirtFish National Championship,PF,Matt Wolfe,Ian Jennings,-4.985,-42.619,491.669,534.288
2020-08-15,2020 DirtFish National Championship,PF,Matt Wolfe,Ron Foley,-6.710,-58.244,491.669,549.913
2020-08-15,2020 DirtFish National Championship,PF,Matt Wolfe,Mark Williams,-12.704,-116.427,491.669,608.096
2021-10-15,2021 National Championship,PF,Jacob Kennedy,Leon Drake,1.900,19.071,611.797,592.726
2021-10-15,2021 National Championship,PF,Jacob Kennedy,Christian Retterer,1.579,15.887,611.797,595.910
2021-10-15,2021 National Championship,PF,Jacob Kennedy,Josh Remmetter,0.866,8.770,611.797,603.027
2021-10-15,2021 National Championship,PF,Jacob Kennedy,Donald Carl,0.186,1.894,611.797,609.903
2021-10-15,2021 National Championship,PF,Jacob Kennedy,Alex Ashbaugh,-1.710,-17.691,611.797,629.488
2021-10-15,2021 National Championship,PF,Jacob Kennedy,Chris Murphy,-2.616,-27.267,611.797,639.064
2021-10-15,2021 National Championship,PF,Jacob Kennedy,Jake Bucknam,1.765,17.732,611.797,594.065
2021-10-15,2021 National Championship,PF,Jacob Kennedy,Jim Rowland,1.309,13.208,611.797,598.589
2021-10-15,2021 National Championship,PF,Jacob Kennedy,Matt Wolfe,0.194,1.979,611.797,609.818
2021-10-15,2021 National Championship,PF,Jacob Kennedy,Andrea Wolfe,-1.896,-19.641,611.797,631.438
2021-10-15,2021 National Championship,PF,Jacob Kennedy,Samantha Steelman,-4.506,-47.738,611.797,659.535
2021-10-15,2021 National Championship,PF,Jacob Kennedy,Sidney Scott,-13.416,-154.022,611.797,765.819
2021-10-15,2021 National Championship,PF,Jacob Kennedy,James Smith,-4.493,-47.599,611.797,659.396
2021-10-15,2021 National Championship,PF,Jacob Kennedy,Thomas Hoster,-5.348,-57.075,611.797,668.872
2021-10-15,2021 National Championship,PF,Andrea Wolfe,Leon Drake,3.795,38.712,631.438,592.726
2021-10-15,2021 National Championship,PF,Andrea Wolfe,Christian Retterer,3.474,35.528,631.438,595.910
2021-10-15,2021 National Championship,PF,Andrea Wolfe,Josh Remmetter,2.762,28.411,631.438,603.027
2021-10-15,2021 National Championship,PF,Andrea Wolfe,Donald Carl,2.082,21.535,631.438,609.903
2021-10-15,2021 National Championship,PF,Andrea Wolfe,Alex Ashbaugh,0.186,1.950,631.438,629.488
2021-10-15,2021 National Championship,PF,Andrea Wolfe,Chris Murphy,-0.720,-7.626,631.438,639.064
2021-10-15,2021 National Championship,PF,Andrea Wolfe,Jake Bucknam,3.660,37.373,631.438,594.065
2021-10-15,2021 National Championship,PF,Andrea Wolfe,Jim Rowland,3.205,32.849,631.438,598.589
2021-10-15,2021 National Championship,PF,Andrea Wolfe,Matt Wolfe,2.090,21.620,631.438,609.818
2021-10-15,2021 National Championship,PF,Andrea Wolfe,Jacob Kennedy,1.896,19.641,631.438,611.797
2021-10-15,2021 National Championship,PF,Andrea Wolfe,Samantha Steelman,-2.612,-28.097,631.438,659.535
2021-10-15,2021 National Championship,PF,Andrea Wolfe,Sidney Scott,-11.541,-134.381,631.438,765.819
2021-10-15,2021 National Championship,PF,Andrea Wolfe,James Smith,-2.599,-27.958,631.438,659.396
2021-10-15,2021 National Championship,PF,Andrea Wolfe,Thomas Hoster,-3.455,-37.434,631.438,668.872
2020-08-15,2020 DirtFish National Championship,PF,Andrea Wolfe,Robert Seelig,3.682,30.796,517.240,486.444
2020-08-15,2020 DirtFish National Championship,PF,Andrea Wolfe,Edwin Cunill,3.471,29.083,517.240,488.157
2020-08-15,2020 DirtFish National Championship,PF,Andrea Wolfe,Donald Carl,3.228,27.100,517.240,490.140
2020-08-15,2020 DirtFish National Championship,PF,Andrea Wolfe,Matt Wolfe,3.041,25.571,517.240,491.669
2020-08-15,2020 DirtFish National Championship,PF,Andrea Wolfe,Jim Rowland,2.635,22.229,517.240,495.011
2020-08-15,2020 DirtFish National Championship,PF,Andrea Wolfe,Christian Retterer,2.250,19.038,517.240,498.202
2020-08-15,2020 DirtFish National Championship,PF,Andrea Wolfe,John England,1.267,10.810,517.240,506.430
2020-08-15,2020 DirtFish National Championship,PF,Andrea Wolfe,Greg Cheney,0.701,6.009,517.240,511.231
2020-08-15,2020 DirtFish National Championship,PF,Andrea Wolfe,Sidney Scott,0.697,5.971,517.240,511.269
2020-08-15,2020 DirtFish National Championship,PF,Andrea Wolfe,Cole Fincham,0.196,1.686,517.240,515.554
2020-08-15,2020 DirtFish National Championship,PF,Andrea Wolfe,Elmer Wilson,-0.205,-1.773,517.240,519.013
2020-08-15,2020 DirtFish National Championship,PF,Andrea Wolfe,Scott Schmidt,-0.942,-8.188,517.240,525.428
2020-08-15,2020 DirtFish National Championship,PF,Andrea Wolfe,Ian Jennings,-1.946,-17.048,517.240,534.288
2020-08-15,2020 DirtFish National Championship,PF,Andrea Wolfe,Ron Foley,-3.674,-32.673,517.240,549.913
2020-08-15,2020 DirtFish National Championship,PF,Andrea Wolfe,Mark Williams,-9.688,-90.856,517.240,608.096
2020-08-15,2020 DirtFish National Championship,PF,Andrea Wolfe,Warren Elliott,-18.495,-188.486,517.240,705.726
2021-10-15,2021 National Championship,PF,Samantha Steelman,Leon Drake,6.402,66.809,659.535,592.726
2021-10-15,2021 National Championship,PF,Samantha Steelman,Christian Retterer,6.082,63.625,659.535,595.910
2021-10-15,2021 National Championship,PF,Samantha Steelman,Josh Remmetter,5.371,56.508,659.535,603.027
2021-10-15,2021 National Championship,PF,Samantha Steelman,Donald Carl,4.692,49.632,659.535,609.903
2021-10-15,2021 National Championship,PF,Samantha Steelman,Alex Ashbaugh,2.797,30.047,659.535,629.488
2021-10-15,2021 National Championship,PF,Samantha Steelman,Chris Murphy,1.892,20.471,659.535,639.064
2021-10-15,2021 National Championship,PF,Samantha Steelman,Jake Bucknam,6.267,65.470,659.535,594.065
2021-10-15,2021 National Championship,PF,Samantha Steelman,Jim Rowland,5.813,60.946,659.535,598.589
2021-10-15,2021 National Championship,PF,Samantha Steelman,Matt Wolfe,4.700,49.717,659.535,609.818
2021-10-15,2021 National Championship,PF,Samantha Steelman,Jacob Kennedy,4.506,47.738,659.535,611.797
2021-10-15,2021 National Championship,PF,Samantha Steelman,Andrea Wolfe,2.612,28.097,659.535,631.438
2021-10-15,2021 National Championship,PF,Samantha Steelman,Sidney Scott,-8.948,-106.284,659.535,765.819
2021-10-15,2021 National Championship,PF,Samantha Steelman,James Smith,0.013,0.139,659.535,659.396
2021-10-15,2021 National Championship,PF,Samantha Steelman,Thomas Hoster,-0.843,-9.337,659.535,668.872
2021-10-15,2021 National Championship,PF,Sidney Scott,Leon Drake,15.289,173.093,765.819,592.726
2021-10-15,2021 National Championship,PF,Sidney Scott,Christian Retterer,14.973,169.909,765.819,595.910
2021-10-15,2021 National Championship,PF,Sidney Scott,Josh Remmetter,14.271,162.792,765.819,603.027
2021-10-15,2021 National Championship,PF,Sidney Scott,Donald Carl,13.600,155.916,765.819,609.903
2021-10-15,2021 National Championship,PF,Sidney Scott,Alex Ashbaugh,11.725,136.331,765.819,629.488
2021-10-15,2021 National Championship,PF,Sidney Scott,Chris Murphy,10.827,126.755,765.819,639.064
2021-10-15,2021 National Championship,PF,Sidney Scott,Jake Bucknam,15.156,171.754,765.819,594.065
2021-10-15,2021 National Championship,PF,Sidney Scott,Jim Rowland,14.708,167.230,765.819,598.589
2021-10-15,2021 National Championship,PF,Sidney Scott,Matt Wolfe,13.608,156.001,765.819,609.818
2021-10-15,2021 National Championship,PF,Sidney Scott,Jacob Kennedy,13.416,154.022,765.819,611.797
2021-10-15,2021 National Championship,PF,Sidney Scott,Andrea Wolfe,11.541,134.381,765.819,631.438
2021-10-15,2021 National Championship,PF,Sidney Scott,Samantha Steelman,8.948,106.284,765.819,659.535
2021-10-15,2021 National Championship,PF,Sidney Scott,James Smith,8.961,106.423,765.819,659.396
2021-10-15,2021 National Championship,PF,Sidney Scott,Thomas Hoster,8.109,96.947,765.819,668.872
2020-08-15,2020 DirtFish National Championship,PF,Sidney Scott,Robert Seelig,2.986,24.825,511.269,486.444
2020-08-15,2020 DirtFish National Championship,PF,Sidney Scott,Edwin Cunill,2.775,23.112,511.269,488.157
2020-08-15,2020 DirtFish National Championship,PF,Sidney Scott,Donald Carl,2.532,21.129,511.269,490.140
2020-08-15,2020 DirtFish National Championship,PF,Sidney Scott,Matt Wolfe,2.345,19.600,511.269,491.669
2020-08-15,2020 DirtFish National Championship,PF,Sidney Scott,Jim Rowland,1.939,16.258,511.269,495.011
2020-08-15,2020 DirtFish National Championship,PF,Sidney Scott,Christian Retterer,1.553,13.067,511.269,498.202
2020-08-15,2020 DirtFish National Championship,PF,Sidney Scott,John England,0.571,4.839,511.269,506.430
2020-08-15,2020 DirtFish National Championship,PF,Sidney Scott,Greg Cheney,0.004,0.038,511.269,511.231
2020-08-15,2020 DirtFish National Championship,PF,Sidney Scott,Cole Fincham,-0.501,-4.285,511.269,515.554
2020-08-15,2020 DirtFish National Championship,PF,Sidney Scott,Andrea Wolfe,-0.697,-5.971,511.269,517.240
2020-08-15,2020 DirtFish National Championship,PF,Sidney Scott,Elmer Wilson,-0.902,-7.744,511.269,519.013
2020-08-15,2020 DirtFish National Championship,PF,Sidney Scott,Scott Schmidt,-1.639,-14.159,511.269,525.428
2020-08-15,2020 DirtFish National Championship,PF,Sidney Scott,Ian Jennings,-2.642,-23.019,511.269,534.288
2020-08-15,2020 DirtFish National Championship,PF,Sidney Scott,Ron Foley,-4.370,-38.644,511.269,549.913
2020-08-15,2020 DirtFish National Championship,PF,Sidney Scott,Mark Williams,-10.380,-96.827,511.269,608.096
2020-08-15,2020 DirtFish National Championship,PF,Sidney Scott,Warren Elliott,-19.174,-194.457,511.269,705.726
2024-08-31,2024 Great Lakes Divisional,PF,Sidney Scott,Alex Ashbaugh,-0.685,-6.917,602.260,609.177
2024-08-31,2024 Great Lakes Divisional,PF,Sidney Scott,John England,-1.658,-16.877,602.260,619.137
2021-10-15,2021 National Championship,PF,James Smith,Leon Drake,6.389,66.670,659.396,592.726
2021-10-15,2021 National Championship,PF,James Smith,Christian Retterer,6.069,63.486,659.396,595.910
2021-10-15,2021 National Championship,PF,James Smith,Josh Remmetter,5.358,56.369,659.396,603.027
2021-10-15,2021 National Championship,PF,James Smith,Donald Carl,4.679,49.493,659.396,609.903
2021-10-15,2021 National Championship,PF,James Smith,Alex Ashbaugh,2.785,29.908,659.396,629.488
2021-10-15,2021 National Championship,PF,James Smith,Chris Murphy,1.879,20.332,659.396,639.064
2021-10-15,2021 National Championship,PF,James Smith,Jake Bucknam,6.254,65.331,659.396,594.065
2021-10-15,2021 National Championship,PF,James Smith,Jim Rowland,5.800,60.807,659.396,598.589
2021-10-15,2021 National Championship,PF,James Smith,Matt Wolfe,4.687,49.578,659.396,609.818
2021-10-15,2021 National Championship,PF,James Smith,Jacob Kennedy,4.493,47.599,659.396,611.797
2021-10-15,2021 National Championship,PF,James Smith,Andrea Wolfe,2.599,27.958,659.396,631.438
2021-10-15,2021 National Championship,PF,James Smith,Samantha Steelman,-0.013,-0.139,659.396,659.535
2021-10-15,2021 National Championship,PF,James Smith,Sidney Scott,-8.961,-106.423,659.396,765.819
2021-10-15,2021 National Championship,PF,James Smith,Thomas Hoster,-0.856,-9.476,659.396,668.872
2021-10-15,2021 National Championship,PF,Thomas Hoster,Leon Drake,7.243,76.146,668.872,592.726
2021-10-15,2021 National Championship,PF,Thomas Hoster,Christian Retterer,6.922,72.962,668.872,595.910
2021-10-15,2021 National Championship,PF,Thomas Hoster,Josh Remmetter,6.212,65.845,668.872,603.027
2021-10-15,2021 National Championship,PF,Thomas Hoster,Donald Carl,5.534,58.969,668.872,609.903
2021-10-15,2021 National Championship,PF,Thomas Hoster,Alex Ashbaugh,3.640,39.384,668.872,629.488
2021-10-15,2021 National Championship,PF,Thomas Hoster,Chris Murphy,2.735,29.808,668.872,639.064
2021-10-15,2021 National Championship,PF,Thomas Hoster,Jake Bucknam,7.108,74.807,668.872,594.065
2021-10-15,2021 National Championship,PF,Thomas Hoster,Jim Rowland,6.654,70.283,668.872,598.589
2021-10-15,2021 National Championship,PF,Thomas Hoster,Matt Wolfe,5.542,59.054,668.872,609.818
2021-10-15,2021 National Championship,PF,Thomas Hoster,Jacob Kennedy,5.348,57.075,668.872,611.797
2021-10-15,2021 National Championship,PF,Thomas Hoster,Andrea Wolfe,3.455,37.434,668.872,631.438
2021-10-15,2021 National Championship,PF,Thomas Hoster,Samantha Steelman,0.843,9.337,668.872,659.535
2021-10-15,2021 National Championship,PF,Thomas Hoster,Sidney Scott,-8.109,-96.947,668.872,765.819
2021-10-15,2021 National Championship,PF,Thomas Hoster,James Smith,0.856,9.476,668.872,659.396
2021-10-15,2021 National Championship,PR,Gonzalo San Miguel,Shawn Roberts,0.412,4.021,587.960,583.939
2021-10-15,2021 National Championship,PR,Gonzalo San Miguel,Lothrop Withington IV,-0.179,-1.756,587.960,589.716
2021-10-15,2021 National Championship,PR,Gonzalo San Miguel,Keith Lightfoot,-2.274,-22.719,587.960,610.679
2021-10-15,2021 National Championship,PR,Lothrop Withington IV,Shawn Roberts,0.591,5.777,589.716,583.939
2021-10-15,2021 National Championship,PR,Lothrop Withington IV,Gonzalo San Miguel,0.179,1.756,589.716,587.960
2021-10-15,2021 National Championship,PR,Lothrop Withington IV,Keith Lightfoot,-2.096,-20.963,589.716,610.679
2021-10-15,2021 National Championship,PR,Keith Lightfoot,Shawn Roberts,2.686,26.740,610.679,583.939
2021-10-15,2021 National Championship,PR,Keith Lightfoot,Gonzalo San Miguel,2.274,22.719,610.679,587.960
2021-10-15,2021 National Championship,PR,Keith Lightfoot,Lothrop Withington IV,2.096,20.963,610.679,589.716
2022-09-23,2022 National Championships,PR,Keith Lightfoot,Lothrop Withington IV,3.850,36.151,581.456,545.305
2022-09-23,2022 National Championships,PR,Keith Lightfoot,Niles Davis,2.657,25.187,581.456,556.269
2022-09-23,2022 National Championships,PR,Keith Lightfoot,Gonzalo San Miguel,2.234,21.252,581.456,560.204
2022-09-23,2022 National Championships,PR,Keith Lightfoot,Tyler York,1.037,9.968,581.456,571.488
2022-09-23,2022 National Championships,PR,Keith Lightfoot,Harrison Loomis,0.437,4.218,581.456,577.238
2022-09-23,2022 National Championships,PR,Keith Lightfoot,Eric Adams,0.236,2.284,581.456,579.172
2022-09-23,2022 National Championships,PR,Keith Lightfoot,Max Bear,-1.674,-16.452,581.456,597.908
2021-10-15,2021 National Championship,PA,Mark Hill,Thomas Klonowski,-8.733,-90.316,575.391,665.707
2021-10-15,2021 National Championship,PA,Mark Hill,Tiernan Eiberger,-10.196,-106.859,575.391,682.250
2021-10-15,2021 National Championship,PA,Mark Hill,Mario Sanchez-Armas-Vel,-16.016,-177.243,575.391,752.634
2021-10-15,2021 National Championship,PA,Mark Hill,Clifton Kangas,-3.877,-38.417,575.391,613.808
2021-10-15,2021 National Championship,PA,Mark Hill,Patrick Burke,-9.773,-102.027,575.391,677.418
2021-10-15,2021 National Championship,PA,Mark Hill,Tyler Moser,-11.925,-126.979,575.391,702.370
2025-10-17,2025 National Championship,PA,Mark Hill,Jason Fuller,-2.685,-30.737,671.531,702.268
2025-10-17,2025 National Championship,PA,Mark Hill,Casey Hamm,-9.298,-112.805,671.531,784.336
2025-10-17,2025 National Championship,PA,Mark Hill,Zachary O'Hare,-10.302,-126.128,671.531,797.659
2025-10-17,2025 National Championship,PA,Mark Hill,Patrick Marcum,-10.569,-129.711,671.531,801.242
2025-10-17,2025 National Championship,PA,Mark Hill,Jennifer Samardak,-10.588,-129.967,671.531,801.498
2025-10-17,2025 National Championship,PA,Mark Hill,Scott Francis,-11.773,-146.099,671.531,817.630
2025-10-17,2025 National Championship,PA,Mark Hill,Lucas Laeser,-14.211,-180.411,671.531,851.942
2025-10-17,2025 National Championship,PA,Mark Hill,Thomas Morris,-15.475,-198.838,671.531,870.369
2024-06-14,2024 Central Divisional,PA,Mark Hill,Jeff Maize,-0.023,-0.408,1081.196,1081.604
2024-06-14,2024 Central Divisional,PA,Mark Hill,Amanda Maize,-9.733,-190.860,1081.196,1272.056
2022-09-23,2022 National Championships,PA,Mark Hill,Warren Elliott,0.513,4.350,510.733,506.383
2022-09-23,2022 National Championships,PA,Mark Hill,Max Johnson,-1.079,-9.264,510.733,519.997
2022-09-23,2022 National Championships,PA,Mark Hill,Wade Eldridge,-1.478,-12.740,510.733,523.473
2022-09-23,2022 National Championships,PA,Mark Hill,Brian Ogara,-3.402,-29.799,510.733,540.532
2022-09-23,2022 National Championships,PA,Mark Hill,Jamison Whisenhunt,-5.765,-51.553,510.733,562.286
2023-10-06,2023 National Championship,PA,Mark Hill,Edwin Cunill,-0.362,-3.678,608.096,611.774
2023-10-06,2023 National Championship,PA,Mark Hill,Jamison Whisenhunt,-4.416,-46.468,608.096,654.564
2023-10-06,2023 National Championship,PA,Mark Hill,Joe Lavelle,-4.964,-52.477,608.096,660.573
2024-10-18,2024 National Championships,PA,Mark Hill,Casey Hamm,-2.758,-32.450,689.703,722.153
2024-10-18,2024 National Championships,PA,Mark Hill,John Joyce,-2.963,-34.919,689.703,724.622
2024-10-18,2024 National Championships,PA,Mark Hill,Harold Denham,-3.211,-37.931,689.703,727.634
2024-10-18,2024 National Championships,PA,Mark Hill,Patrick Marcum,-3.885,-46.157,689.703,735.860
2024-10-18,2024 National Championships,PA,Mark Hill,Tristan Washburn,-6.332,-76.847,689.703,766.550
2021-10-15,2021 National Championship,PA,Thomas Klonowski,Mark Hill,8.733,90.316,665.707,575.391
2021-10-15,2021 National Championship,PA,Thomas Klonowski,Tiernan Eiberger,-1.473,-16.543,665.707,682.250
2021-10-15,2021 National Championship,PA,Thomas Klonowski,Mario Sanchez-Armas-Vel,-7.355,-86.927,665.707,752.634
2021-10-15,2021 National Championship,PA,Thomas Klonowski,Clifton Kangas,4.867,51.899,665.707,613.808
2021-10-15,2021 National Championship,PA,Thomas Klonowski,Patrick Burke,-1.046,-11.711,665.707,677.418
2021-10-15,2021 National Championship,PA,Thomas Klonowski,Tyler Moser,-3.216,-36.663,665.707,702.370
2021-10-15,2021 National Championship,PA,Tiernan Eiberger,Mark Hill,10.196,106.859,682.250,575.391
2021-10-15,2021 National Championship,PA,Tiernan Eiberger,Thomas Klonowski,1.473,16.543,682.250,665.707
2021-10-15,2021 National Championship,PA,Tiernan Eiberger,Mario Sanchez-Armas-Vel,-5.886,-70.384,682.250,752.634
2021-10-15,2021 National Championship,PA,Tiernan Eiberger,Clifton Kangas,6.337,68.442,682.250,613.808
2021-10-15,2021 National Championship,PA,Tiernan Eiberger,Patrick Burke,0.426,4.832,682.250,677.418
2021-10-15,2021 National Championship,PA,Tiernan Eiberger,Tyler Moser,-1.744,-20.120,682.250,702.370
2021-10-15,2021 National Championship,PA,Mario Sanchez-Armas-Vel,Mark Hill,16.016,177.243,752.634,575.391
2021-10-15,2021 National Championship,PA,Mario Sanchez-Armas-Vel,Thomas Klonowski,7.355,86.927,752.634,665.707
2021-10-15,2021 National Championship,PA,Mario Sanchez-Armas-Vel,Tiernan Eiberger,5.886,70.384,752.634,682.250
2021-10-15,2021 National Championship,PA,Mario Sanchez-Armas-Vel,Clifton Kangas,12.192,138.826,752.634,613.808
2021-10-15,2021 National Championship,PA,Mario Sanchez-Armas-Vel,Patrick Burke,6.312,75.216,752.634,677.418
2021-10-15,2021 National Championship,PA,Mario Sanchez-Armas-Vel,Tyler Moser,4.145,50.264,752.634,702.370
2021-10-15,2021 National Championship,PA,Clifton Kangas,Mark Hill,3.877,38.417,613.808,575.391
2021-10-15,2021 National Championship,PA,Clifton Kangas,Thomas Klonowski,-4.867,-51.899,613.808,665.707
2021-10-15,2021 National Championship,PA,Clifton Kangas,Tiernan Eiberger,-6.337,-68.442,613.808,682.250
2021-10-15,2021 National Championship,PA,Clifton Kangas,Mario Sanchez-Armas-Vel,-12.192,-138.826,613.808,752.634
2021-10-15,2021 National Championship,PA,Clifton Kangas,Patrick Burke,-5.912,-63.610,613.808,677.418
2021-10-15,2021 National Championship,PA,Clifton Kangas,Tyler Moser,-8.074,-88.562,613.808,702.370
2020-08-15,2020 DirtFish National Championship,PA,Clifton Kangas,Candyce Smith,1.649,12.969,478.292,465.323
2020-08-15,2020 DirtFish National Championship,PA,Clifton Kangas,Mike Coons,0.360,2.862,478.292,475.430
2020-08-15,2020 DirtFish National Championship,PA,Clifton Kangas,Casey Wise,-0.320,-2.558,478.292,480.850
2020-08-15,2020 DirtFish National Championship,PA,Clifton Kangas,Reuben Samuels,-3.563,-29.270,478.292,507.562
2020-08-15,2020 DirtFish National Championship,PA,Clifton Kangas,Riley Heaton,-11.632,-102.674,478.292,580.966
2021-10-15,2021 National Championship,PA,Patrick Burke,Mark Hill,9.773,102.027,677.418,575.391
2021-10-15,2021 National Championship,PA,Patrick Burke,Thomas Klonowski,1.046,11.711,677.418,665.707
2021-10-15,2021 National Championship,PA,Patrick Burke,Tiernan Eiberger,-0.426,-4.832,677.418,682.250
2021-10-15,2021 National Championship,PA,Patrick Burke,Mario Sanchez-Armas-Vel,-6.312,-75.216,677.418,752.634
2021-10-15,2021 National Championship,PA,Patrick Burke,Clifton Kangas,5.912,63.610,677.418,613.808
2021-10-15,2021 National Championship,PA,Patrick Burke,Tyler Moser,-2.170,-24.952,677.418,702.370
2021-10-15,2021 National Championship,PA,Tyler Moser,Mark Hill,11.925,126.979,702.370,575.391
2021-10-15,2021 National Championship,PA,Tyler Moser,Thomas Klonowski,3.216,36.663,702.370,665.707
2021-10-15,2021 National Championship,PA,Tyler Moser,Tiernan Eiberger,1.744,20.120,702.370,682.250
2021-10-15,2021 National Championship,PA,Tyler Moser,Mario Sanchez-Armas-Vel,-4.145,-50.264,702.370,752.634
2021-10-15,2021 National Championship,PA,Tyler Moser,Clifton Kangas,8.074,88.562,702.370,613.808
2021-10-15,2021 National Championship,PA,Tyler Moser,Patrick Burke,2.170,24.952,702.370,677.418
2021-10-15,2021 National Championship,MF,ZB Lorenc,Jonathan Rogers,-0.873,-8.434,575.391,583.825
2021-10-15,2021 National Championship,MF,ZB Lorenc,Andy Thomas,1.273,12.077,575.391,563.314
2021-10-15,2021 National Championship,MF,ZB Lorenc,Daniel Hutchison,-0.541,-5.213,575.391,580.604
2021-10-15,2021 National Championship,MF,ZB Lorenc,William Ehrman,-1.552,-15.075,575.391,590.466
2021-10-15,2021 National Championship,MF,ZB Lorenc,Randy Tackett,-7.404,-75.674,575.391,651.065
2021-10-15,2021 National Championship,MF,ZB Lorenc,Derek Denti,-1.516,-14.728,575.391,590.119
2021-10-15,2021 National Championship,MF,ZB Lorenc,Matthew Rogers,-2.462,-24.109,575.391,599.500
2021-10-15,2021 National Championship,MF,ZB Lorenc,Pete Bates,-8.327,-85.806,575.391,661.197
2020-08-15,2020 DirtFish National Championship,MF,ZB Lorenc,Greg Mercier,-2.101,-17.254,484.147,501.401
2020-08-15,2020 DirtFish National Championship,MF,ZB Lorenc,Niles Davis,-2.334,-19.204,484.147,503.351
2020-08-15,2020 DirtFish National Championship,MF,ZB Lorenc,Scott Embury,-2.613,-21.553,484.147,505.700
2020-08-15,2020 DirtFish National Championship,MF,ZB Lorenc,Joshua Mefford,-2.761,-22.800,484.147,506.947
2020-08-15,2020 DirtFish National Championship,MF,ZB Lorenc,Jason Lang,-3.370,-27.979,484.147,512.126
2020-08-15,2020 DirtFish National Championship,MF,ZB Lorenc,Pete Bates,-3.458,-28.732,484.147,512.879
2020-08-15,2020 DirtFish National Championship,MF,ZB Lorenc,Tony Koester,-3.941,-32.876,484.147,517.023
2020-08-15,2020 DirtFish National Championship,MF,ZB Lorenc,Christopher Isek,-4.251,-35.563,484.147,519.710
2020-08-15,2020 DirtFish National Championship,MF,ZB Lorenc,Trent McQueen,-4.286,-35.864,484.147,520.011
2020-08-15,2020 DirtFish National Championship,MF,ZB Lorenc,Erik Votipka,-7.594,-65.420,484.147,549.567
2021-10-15,2021 National Championship,MF,Jonathan Rogers,ZB Lorenc,0.873,8.434,583.825,575.391
2021-10-15,2021 National Championship,MF,Jonathan Rogers,Andy Thomas,2.146,20.511,583.825,563.314
2021-10-15,2021 National Championship,MF,Jonathan Rogers,Daniel Hutchison,0.332,3.221,583.825,580.604
2021-10-15,2021 National Championship,MF,Jonathan Rogers,William Ehrman,-0.679,-6.641,583.825,590.466
2021-10-15,2021 National Championship,MF,Jonathan Rogers,Randy Tackett,-6.534,-67.240,583.825,651.065
2021-10-15,2021 National Championship,MF,Jonathan Rogers,Derek Denti,-0.643,-6.294,583.825,590.119
2021-10-15,2021 National Championship,MF,Jonathan Rogers,Matthew Rogers,-1.590,-15.675,583.825,599.500
2021-10-15,2021 National Championship,MF,Jonathan Rogers,Pete Bates,-7.457,-77.372,583.825,661.197
2021-10-15,2021 National Championship,MF,Andy Thomas,ZB Lorenc,-1.273,-12.077,563.314,575.391
2021-10-15,2021 National Championship,MF,Andy Thomas,Jonathan Rogers,-2.146,-20.511,563.314,583.825
2021-10-15,2021 National Championship,MF,Andy Thomas,Daniel Hutchison,-1.814,-17.290,563.314,580.604
2021-10-15,2021 National Championship,MF,Andy Thomas,William Ehrman,-2.824,-27.152,563.314,590.466
2021-10-15,2021 National Championship,MF,Andy Thomas,Randy Tackett,-8.671,-87.751,563.314,651.065
2021-10-15,2021 National Championship,MF,Andy Thomas,Derek Denti,-2.789,-26.805,563.314,590.119
2021-10-15,2021 National Championship,MF,Andy Thomas,Matthew Rogers,-3.734,-36.186,563.314,599.500
2021-10-15,2021 National Championship,MF,Andy Thomas,Pete Bates,-9.592,-97.883,563.314,661.197
2025-08-31,2025 Great Lakes Divisional,MF,Andy Thomas,Zbigniew Lorenc,0.667,9.417,852.304,842.887
2025-08-31,2025 Great Lakes Divisional,MF,Andy Thomas,Mike Chilcote,-1.229,-17.639,852.304,869.943
2025-08-31,2025 Great Lakes Divisional,MF,Andy Thomas,Shawna Bowman,-1.312,-18.844,852.304,871.148
2025-08-31,2025 Great Lakes Divisional,MF,Andy Thomas,David Chilcote,-4.278,-63.020,852.304,915.324
2025-08-31,2025 Great Lakes Divisional,MF,Andy Thomas,Valerie Hansen,-5.280,-78.453,852.304,930.757
2024-08-31,2024 Great Lakes Divisional,MF,Andy Thomas,Zbigniew Lorenc,1.685,15.642,564.934,549.292
2024-08-31,2024 Great Lakes Divisional,MF,Andy Thomas,Ian Glen,-4.879,-47.885,564.934,612.819
2024-08-31,2024 Great Lakes Divisional,MF,Andy Thomas,Valerie Hansen,-16.724,-182.963,564.934,747.897
2025-10-17,2025 National Championship,MF,Andy Thomas,Jarrod Barlow,-3.220,-36.515,662.214,698.729
2025-10-17,2025 National Championship,MF,Andy Thomas,Colin Kilby,-4.352,-49.842,662.214,712.056
2025-10-17,2025 National Championship,MF,Andy Thomas,Justin Harris,-4.552,-52.218,662.214,714.432
2025-10-17,2025 National Championship,MF,Andy Thomas,Brian Peel,-5.002,-57.602,662.214,719.816
2025-10-17,2025 National Championship,MF,Andy Thomas,Donald Carl,-6.663,-77.867,662.214,740.081
2025-10-17,2025 National Championship,MF,Andy Thomas,John Schellenberg,-7.091,-83.176,662.214,745.390
2025-10-17,2025 National Championship,MF,Andy Thomas,Logan Dehne,-7.567,-89.140,662.214,751.354
2025-10-17,2025 National Championship,MF,Andy Thomas,Charles Carl,-9.514,-114.047,662.214,776.261
2025-10-17,2025 National Championship,MF,Andy Thomas,Quinn Harris,-11.143,-135.568,662.214,797.782
2025-10-17,2025 National Championship,MF,Andy Thomas,William Dehne,-11.521,-140.660,662.214,802.874
2025-10-17,2025 National Championship,MF,Andy Thomas,Karissa Peel,-13.904,-173.567,662.214,835.781
2025-10-17,2025 National Championship,MF,Andy Thomas,Nelson Santos,-21.572,-290.275,662.214,952.489
2025-10-17,2025 National Championship,MF,Andy Thomas,James Dale,-21.712,-292.566,662.214,954.780
2025-10-17,2025 National Championship,MF,Andy Thomas,Zbigniew Lorenc,-22.944,-313.093,662.214,975.307
2022-09-23,2022 National Championships,MF,Andy Thomas,Aaron Miller,-0.643,-5.480,508.782,514.262
2022-09-23,2022 National Championships,MF,Andy Thomas,Brian Peel,-2.279,-19.702,508.782,528.484
2022-09-23,2022 National Championships,MF,Andy Thomas,Trent McQueen,-2.304,-19.923,508.782,528.705
2022-09-23,2022 National Championships,MF,Andy Thomas,Jason Lang,-2.583,-22.381,508.782,531.163
2022-09-23,2022 National Championships,MF,Andy Thomas,Morgan Schoepke,-2.822,-24.509,508.782,533.291
2022-09-23,2022 National Championships,MF,Andy Thomas,Bryson Downing,-3.202,-27.893,508.782,536.675
2022-09-23,2022 National Championships,MF,Andy Thomas,Kelly Keefe,-4.511,-39.746,508.782,548.528
2022-09-23,2022 National Championships,MF,Andy Thomas,Mike Snyder,-5.094,-45.110,508.782,553.892
2022-09-23,2022 National Championships,MF,Andy Thomas,Eric Schaub,-6.207,-55.500,508.782,564.282
2022-09-23,2022 National Championships,MF,Andy Thomas,Ryan Haenny,-6.566,-58.896,508.782,567.678
2022-09-23,2022 National Championships,MF,Andy Thomas,Matthew Thompson,-7.004,-63.071,508.782,571.853
2022-09-23,2022 National Championships,MF,Andy Thomas,Brad Turnbull,-7.598,-68.788,508.782,577.570
2022-09-23,2022 National Championships,MF,Andy Thomas,Bret Hunter,-9.846,-90.953,508.782,599.735
2022-09-23,2022 National Championships,MF,Andy Thomas,Josh Karczewski,-12.035,-113.430,508.782,622.212
2022-09-23,2022 National Championships,MF,Andy Thomas,Tiernan Eiberger,-12.123,-114.356,508.782,623.138
2024-10-18,2024 National Championships,MF,Andy Thomas,Zbigniew Lorenc,-0.140,-1.599,683.977,685.576
2024-10-18,2024 National Championships,MF,Andy Thomas,Blanton Payne,-0.349,-3.994,683.977,687.971
2024-10-18,2024 National Championships,MF,Andy Thomas,Jarrod Barlow,-1.473,-17.000,683.977,700.977
2024-10-18,2024 National Championships,MF,Andy Thomas,Colin Kilby,-1.899,-21.991,683.977,705.968
2024-10-18,2024 National Championships,MF,Andy Thomas,Justin Harris,-2.231,-25.918,683.977,709.895
2024-10-18,2024 National Championships,MF,Andy Thomas,Brian Peel,-2.290,-26.617,683.977,710.594
2024-10-18,2024 National Championships,MF,Andy Thomas,Bret Hunter,-2.505,-29.167,683.977,713.144
2024-10-18,2024 National Championships,MF,Andy Thomas,Jim Rowland,-2.584,-30.099,683.977,714.076
2024-10-18,2024 National Championships,MF,Andy Thomas,John Schellenberg,-3.909,-46.063,683.977,730.040
2024-10-18,2024 National Championships,MF,Andy Thomas,Logan Dehne,-3.926,-46.271,683.977,730.248
2024-10-18,2024 National Championships,MF,Andy Thomas,William Dehne,-5.333,-63.622,683.977,747.599
2024-10-18,2024 National Championships,MF,Andy Thomas,Jerry Ashmore,-5.829,-69.842,683.977,753.819
2024-10-18,2024 National Championships,MF,Andy Thomas,Josh Karczewski,-6.355,-76.499,683.977,760.476
2024-10-18,2024 National Championships,MF,Andy Thomas,Pete Bates,-8.885,-109.389,683.977,793.366
2024-10-18,2024 National Championships,MF,Andy Thomas,Alan Hoppe Jr,-12.676,-161.563,683.977,845.540
2024-10-18,2024 National Championships,MF,Andy Thomas,Alan Hoppe,-13.035,-166.700,683.977,850.677
2021-10-15,2021 National Championship,MF,Daniel Hutchison,ZB Lorenc,0.541,5.213,580.604,575.391
2021-10-15,2021 National Championship,MF,Daniel Hutchison,Jonathan Rogers,-0.332,-3.221,580.604,583.825
2021-10-15,2021 National Championship,MF,Daniel Hutchison,Andy Thomas,1.814,17.290,580.604,563.314
2021-10-15,2021 National Championship,MF,Daniel Hutchison,William Ehrman,-1.011,-9.862,580.604,590.466
2021-10-15,2021 National Championship,MF,Daniel Hutchison,Randy Tackett,-6.865,-70.461,580.604,651.065
2021-10-15,2021 National Championship,MF,Daniel Hutchison,Derek Denti,-0.975,-9.515,580.604,590.119
2021-10-15,2021 National Championship,MF,Daniel Hutchison,Matthew Rogers,-1.921,-18.896,580.604,599.500
2021-10-15,2021 National Championship,MF,Daniel Hutchison,Pete Bates,-7.788,-80.593,580.604,661.197
2021-10-15,2021 National Championship,MF,William Ehrman,ZB Lorenc,1.552,15.075,590.466,575.391
2021-10-15,2021 National Championship,MF,William Ehrman,Jonathan Rogers,0.679,6.641,590.466,583.825
2021-10-15,2021 National Championship,MF,William Ehrman,Andy Thomas,2.824,27.152,590.466,563.314
2021-10-15,2021 National Championship,MF,William Ehrman,Daniel Hutchison,1.011,9.862,590.466,580.604
2021-10-15,2021 National Championship,MF,William Ehrman,Randy Tackett,-5.857,-60.599,590.466,651.065
2021-10-15,2021 National Championship,MF,William Ehrman,Derek Denti,0.035,0.347,590.466,590.119
2021-10-15,2021 National Championship,MF,William Ehrman,Matthew Rogers,-0.911,-9.034,590.466,599.500
2021-10-15,2021 National Championship,MF,William Ehrman,Pete Bates,-6.781,-70.731,590.466,661.197
2021-10-15,2021 National Championship,MF,Randy Tackett,ZB Lorenc,7.404,75.674,651.065,575.391
2021-10-15,2021 National Championship,MF,Randy Tackett,Jonathan Rogers,6.534,67.240,651.065,583.825
2021-10-15,2021 National Championship,MF,Randy Tackett,Andy Thomas,8.671,87.751,651.065,563.314
2021-10-15,2021 National Championship,MF,Randy Tackett,Daniel Hutchison,6.865,70.461,651.065,580.604
2021-10-15,2021 National Championship,MF,Randy Tackett,William Ehrman,5.857,60.599,651.065,590.466
2021-10-15,2021 National Championship,MF,Randy Tackett,Derek Denti,5.892,60.946,651.065,590.119
2021-10-15,2021 National Championship,MF,Randy Tackett,Matthew Rogers,4.948,51.565,651.065,599.500
2021-10-15,2021 National Championship,MF,Randy Tackett,Pete Bates,-0.927,-10.132,651.065,661.197
2021-10-15,2021 National Championship,MF,Derek Denti,ZB Lorenc,1.516,14.728,590.119,575.391
2021-10-15,2021 National Championship,MF,Derek Denti,Jonathan Rogers,0.643,6.294,590.119,583.825
2021-10-15,2021 National Championship,MF,Derek Denti,Andy Thomas,2.789,26.805,590.119,563.314
2021-10-15,2021 National Championship,MF,Derek Denti,Daniel Hutchison,0.975,9.515,590.119,580.604
2021-10-15,2021 National Championship,MF,Derek Denti,William Ehrman,-0.035,-0.347,590.119,590.466
2021-10-15,2021 National Championship,MF,Derek Denti,Randy Tackett,-5.892,-60.946,590.119,651.065
2021-10-15,2021 National Championship,MF,Derek Denti,Matthew Rogers,-0.946,-9.381,590.119,599.500
2021-10-15,2021 National Championship,MF,Derek Denti,Pete Bates,-6.816,-71.078,590.119,661.197
2021-10-15,2021 National Championship,MF,Matthew Rogers,ZB Lorenc,2.462,24.109,599.500,575.391
2021-10-15,2021 National Championship,MF,Matthew Rogers,Jonathan Rogers,1.590,15.675,599.500,583.825
2021-10-15,2021 National Championship,MF,Matthew Rogers,Andy Thomas,3.734,36.186,599.500,563.314
2021-10-15,2021 National Championship,MF,Matthew Rogers,Daniel Hutchison,1.921,18.896,599.500,580.604
2021-10-15,2021 National Championship,MF,Matthew Rogers,William Ehrman,0.911,9.034,599.500,590.466
2021-10-15,2021 National Championship,MF,Matthew Rogers,Randy Tackett,-4.948,-51.565,599.500,651.065
2021-10-15,2021 National Championship,MF,Matthew Rogers,Derek Denti,0.946,9.381,599.500,590.119
2021-10-15,2021 National Championship,MF,Matthew Rogers,Pete Bates,-5.873,-61.697,599.500,661.197
2021-10-15,2021 National Championship,MF,Pete Bates,ZB Lorenc,8.327,85.806,661.197,575.391
2021-10-15,2021 National Championship,MF,Pete Bates,Jonathan Rogers,7.457,77.372,661.197,583.825
2021-10-15,2021 National Championship,MF,Pete Bates,Andy Thomas,9.592,97.883,661.197,563.314
2021-10-15,2021 National Championship,MF,Pete Bates,Daniel Hutchison,7.788,80.593,661.197,580.604
2021-10-15,2021 National Championship,MF,Pete Bates,William Ehrman,6.781,70.731,661.197,590.466
2021-10-15,2021 National Championship,MF,Pete Bates,Randy Tackett,0.927,10.132,661.197,651.065
2021-10-15,2021 National Championship,MF,Pete Bates,Derek Denti,6.816,71.078,661.197,590.119
2021-10-15,2021 National Championship,MF,Pete Bates,Matthew Rogers,5.873,61.697,661.197,599.500
2020-08-15,2020 DirtFish National Championship,MF,Pete Bates,ZB Lorenc,3.458,28.732,512.879,484.147
2020-08-15,2020 DirtFish National Championship,MF,Pete Bates,Greg Mercier,1.358,11.478,512.879,501.401
2020-08-15,2020 DirtFish National Championship,MF,Pete Bates,Niles Davis,1.125,9.528,512.879,503.351
2020-08-15,2020 DirtFish National Championship,MF,Pete Bates,Scott Embury,0.846,7.179,512.879,505.700
2020-08-15,2020 DirtFish National Championship,MF,Pete Bates,Joshua Mefford,0.698,5.932,512.879,506.947
2020-08-15,2020 DirtFish National Championship,MF,Pete Bates,Jason Lang,0.088,0.753,512.879,512.126
2020-08-15,2020 DirtFish National Championship,MF,Pete Bates,Tony Koester,-0.483,-4.144,512.879,517.023
2020-08-15,2020 DirtFish National Championship,MF,Pete Bates,Christopher Isek,-0.794,-6.831,512.879,519.710
2020-08-15,2020 DirtFish National Championship,MF,Pete Bates,Trent McQueen,-0.829,-7.132,512.879,520.011
2020-08-15,2020 DirtFish National Championship,MF,Pete Bates,Erik Votipka,-4.144,-36.688,512.879,549.567
2024-10-18,2024 National Championships,MF,Pete Bates,Andy Thomas,8.885,109.389,793.366,683.977
2024-10-18,2024 National Championships,MF,Pete Bates,Zbigniew Lorenc,8.746,107.790,793.366,685.576
2024-10-18,2024 National Championships,MF,Pete Bates,Blanton Payne,8.538,105.395,793.366,687.971
2024-10-18,2024 National Championships,MF,Pete Bates,Jarrod Barlow,7.419,92.389,793.366,700.977
2024-10-18,2024 National Championships,MF,Pete Bates,Colin Kilby,6.995,87.398,793.366,705.968
2024-10-18,2024 National Championships,MF,Pete Bates,Justin Harris,6.663,83.471,793.366,709.895
2024-10-18,2024 National Championships,MF,Pete Bates,Brian Peel,6.604,82.772,793.366,710.594
2024-10-18,2024 National Championships,MF,Pete Bates,Bret Hunter,6.390,80.222,793.366,713.144
2024-10-18,2024 National Championships,MF,Pete Bates,Jim Rowland,6.312,79.290,793.366,714.076
2024-10-18,2024 National Championships,MF,Pete Bates,John Schellenberg,4.988,63.326,793.366,730.040
2024-10-18,2024 National Championships,MF,Pete Bates,Logan Dehne,4.971,63.118,793.366,730.248
2024-10-18,2024 National Championships,MF,Pete Bates,William Dehne,3.564,45.767,793.366,747.599
2024-10-18,2024 National Championships,MF,Pete Bates,Jerry Ashmore,3.067,39.547,793.366,753.819
2024-10-18,2024 National Championships,MF,Pete Bates,Josh Karczewski,2.540,32.890,793.366,760.476
2024-10-18,2024 National Championships,MF,Pete Bates,Alan Hoppe Jr,-3.820,-52.174,793.366,845.540
2024-10-18,2024 National Championships,MF,Pete Bates,Alan Hoppe,-4.183,-57.311,793.366,850.677
2021-10-15,2021 National Championship,MR,John W. England,Michael Golden,-0.938,-9.065,575.207,584.272
2021-10-15,2021 National Championship,MR,John W. England,Nick Drymalski,-1.560,-15.156,575.207,590.363
2021-10-15,2021 National Championship,MR,John W. England,Brianne Corn,-0.525,-5.051,575.207,580.258
2021-10-15,2021 National Championship,MR,John W. England,Pete Remner,-1.407,-13.648,575.207,588.855
2021-10-15,2021 National Championship,MR,John W. England,Scott Beute,-2.448,-23.957,575.207,599.164
2021-10-15,2021 National Championship,MR,John W. England,Rick Landis,-2.491,-24.388,575.207,599.595
2021-10-15,2021 National Championship,MR,John W. England,Doug Leibman,-2.727,-26.753,575.207,601.960
2021-10-15,2021 National Championship,MR,John W. England,Howie Johnson,-3.549,-35.065,575.207,610.272
2021-10-15,2021 National Championship,MR,John W. England,Brian Strack,-5.180,-51.901,575.207,627.108
2021-10-15,2021 National Championship,MR,John W. England,Ryan Redenbaugh,-2.604,-25.517,575.207,600.724
2021-10-15,2021 National Championship,MR,John W. England,Evan Arthur,-3.027,-29.770,575.207,604.977
2021-10-15,2021 National Championship,MR,John W. England,Jon Yanca,-3.998,-39.651,575.207,614.858
2021-10-15,2021 National Championship,MR,John W. England,Todd Wicker,-5.455,-54.782,575.207,629.989
2021-10-15,2021 National Championship,MR,Michael Golden,John W. England,0.938,9.065,584.272,575.207
2021-10-15,2021 National Championship,MR,Michael Golden,Nick Drymalski,-0.622,-6.091,584.272,590.363
2021-10-15,2021 National Championship,MR,Michael Golden,Brianne Corn,0.414,4.014,584.272,580.258
2021-10-15,2021 National Championship,MR,Michael Golden,Pete Remner,-0.469,-4.583,584.272,588.855
2021-10-15,2021 National Championship,MR,Michael Golden,Scott Beute,-1.510,-14.892,584.272,599.164
2021-10-15,2021 National Championship,MR,Michael Golden,Rick Landis,-1.553,-15.323,584.272,599.595
2021-10-15,2021 National Championship,MR,Michael Golden,Doug Leibman,-1.789,-17.688,584.272,601.960
2021-10-15,2021 National Championship,MR,Michael Golden,Howie Johnson,-2.612,-26.000,584.272,610.272
2021-10-15,2021 National Championship,MR,Michael Golden,Brian Strack,-4.243,-42.836,584.272,627.108
2021-10-15,2021 National Championship,MR,Michael Golden,Ryan Redenbaugh,-1.666,-16.452,584.272,600.724
2021-10-15,2021 National Championship,MR,Michael Golden,Evan Arthur,-2.089,-20.705,584.272,604.977
2021-10-15,2021 National Championship,MR,Michael Golden,Jon Yanca,-3.061,-30.586,584.272,614.858
2021-10-15,2021 National Championship,MR,Michael Golden,Todd Wicker,-4.518,-45.717,584.272,629.989
2021-10-15,2021 National Championship,MR,Nick Drymalski,John W. England,1.560,15.156,590.363,575.207
2021-10-15,2021 National Championship,MR,Nick Drymalski,Michael Golden,0.622,6.091,590.363,584.272
2021-10-15,2021 National Championship,MR,Nick Drymalski,Brianne Corn,1.036,10.105,590.363,580.258
2021-10-15,2021 National Championship,MR,Nick Drymalski,Pete Remner,0.153,1.508,590.363,588.855
2021-10-15,2021 National Championship,MR,Nick Drymalski,Scott Beute,-0.888,-8.801,590.363,599.164
2021-10-15,2021 National Championship,MR,Nick Drymalski,Rick Landis,-0.931,-9.232,590.363,599.595
2021-10-15,2021 National Championship,MR,Nick Drymalski,Doug Leibman,-1.167,-11.597,590.363,601.960
2021-10-15,2021 National Championship,MR,Nick Drymalski,Howie Johnson,-1.990,-19.909,590.363,610.272
2021-10-15,2021 National Championship,MR,Nick Drymalski,Brian Strack,-3.622,-36.745,590.363,627.108
2021-10-15,2021 National Championship,MR,Nick Drymalski,Ryan Redenbaugh,-1.044,-10.361,590.363,600.724
2021-10-15,2021 National Championship,MR,Nick Drymalski,Evan Arthur,-1.467,-14.614,590.363,604.977
2021-10-15,2021 National Championship,MR,Nick Drymalski,Jon Yanca,-2.439,-24.495,590.363,614.858
2021-10-15,2021 National Championship,MR,Nick Drymalski,Todd Wicker,-3.897,-39.626,590.363,629.989
2021-10-15,2021 National Championship,MR,Brianne Corn,John W. England,0.525,5.051,580.258,575.207
2021-10-15,2021 National Championship,MR,Brianne Corn,Michael Golden,-0.414,-4.014,580.258,584.272
2021-10-15,2021 National Championship,MR,Brianne Corn,Nick Drymalski,-1.036,-10.105,580.258,590.363
2021-10-15,2021 National Championship,MR,Brianne Corn,Pete Remner,-0.882,-8.597,580.258,588.855
2021-10-15,2021 National Championship,MR,Brianne Corn,Scott Beute,-1.924,-18.906,580.258,599.164
2021-10-15,2021 National Championship,MR,Brianne Corn,Rick Landis,-1.967,-19.337,580.258,599.595
2021-10-15,2021 National Championship,MR,Brianne Corn,Doug Leibman,-2.203,-21.702,580.258,601.960
2021-10-15,2021 National Championship,MR,Brianne Corn,Howie Johnson,-3.025,-30.014,580.258,610.272
2021-10-15,2021 National Championship,MR,Brianne Corn,Brian Strack,-4.656,-46.850,580.258,627.108
2021-10-15,2021 National Championship,MR,Brianne Corn,Ryan Redenbaugh,-2.080,-20.466,580.258,600.724
2021-10-15,2021 National Championship,MR,Brianne Corn,Evan Arthur,-2.503,-24.719,580.258,604.977
2021-10-15,2021 National Championship,MR,Brianne Corn,Jon Yanca,-3.474,-34.600,580.258,614.858
2021-10-15,2021 National Championship,MR,Brianne Corn,Todd Wicker,-4.931,-49.731,580.258,629.989
2020-08-15,2020 DirtFish National Championship,MR,Brianne Corn,Peter Dozeman,-0.303,-2.522,497.638,500.160
2020-08-15,2020 DirtFish National Championship,MR,Brianne Corn,Doug Leibman,-0.688,-5.737,497.638,503.375
2020-08-15,2020 DirtFish National Championship,MR,Brianne Corn,Todd Wicker,-3.255,-27.753,497.638,525.391
2020-08-15,2020 DirtFish National Championship,MR,Brianne Corn,Ryan Redenbaugh,-3.302,-28.162,497.638,525.800
2020-08-15,2020 DirtFish National Championship,MR,Brianne Corn,Chance Whittle,-3.649,-31.218,497.638,528.856
2020-08-15,2020 DirtFish National Championship,MR,Brianne Corn,Brian Strack,-5.287,-45.872,497.638,543.510
2020-08-15,2020 DirtFish National Championship,MR,Brianne Corn,Bill Taylor,-5.300,-45.988,497.638,543.626
2020-08-15,2020 DirtFish National Championship,MR,Brianne Corn,Thomas Ezel,-5.670,-49.355,497.638,546.993
2020-08-15,2020 DirtFish National Championship,MR,Brianne Corn,Evan Masher,-6.551,-57.475,497.638,555.113
2020-08-15,2020 DirtFish National Championship,MR,Brianne Corn,Jeff Wagenknecht,-7.465,-66.020,497.638,563.658
2020-08-15,2020 DirtFish National Championship,MR,Brianne Corn,Brian Tefft Sr,-7.596,-67.257,497.638,564.895
2021-10-15,2021 National Championship,MR,Pete Remner,John W. England,1.407,13.648,588.855,575.207
2021-10-15,2021 National Championship,MR,Pete Remner,Michael Golden,0.469,4.583,588.855,584.272
2021-10-15,2021 National Championship,MR,Pete Remner,Nick Drymalski,-0.153,-1.508,588.855,590.363
2021-10-15,2021 National Championship,MR,Pete Remner,Brianne Corn,0.882,8.597,588.855,580.258
2021-10-15,2021 National Championship,MR,Pete Remner,Scott Beute,-1.041,-10.309,588.855,599.164
2021-10-15,2021 National Championship,MR,Pete Remner,Rick Landis,-1.084,-10.740,588.855,599.595
2021-10-15,2021 National Championship,MR,Pete Remner,Doug Leibman,-1.321,-13.105,588.855,601.960
2021-10-15,2021 National Championship,MR,Pete Remner,Howie Johnson,-2.143,-21.417,588.855,610.272
2021-10-15,2021 National Championship,MR,Pete Remner,Brian Strack,-3.775,-38.253,588.855,627.108
2021-10-15,2021 National Championship,MR,Pete Remner,Ryan Redenbaugh,-1.197,-11.869,588.855,600.724
2021-10-15,2021 National Championship,MR,Pete Remner,Evan Arthur,-1.621,-16.122,588.855,604.977
2021-10-15,2021 National Championship,MR,Pete Remner,Jon Yanca,-2.592,-26.003,588.855,614.858
2021-10-15,2021 National Championship,MR,Pete Remner,Todd Wicker,-4.050,-41.134,588.855,629.989
2021-10-15,2021 National Championship,MR,Scott Beute,John W. England,2.448,23.957,599.164,575.207
2021-10-15,2021 National Championship,MR,Scott Beute,Michael Golden,1.510,14.892,599.164,584.272
2021-10-15,2021 National Championship,MR,Scott Beute,Nick Drymalski,0.888,8.801,599.164,590.363
2021-10-15,2021 National Championship,MR,Scott Beute,Brianne Corn,1.924,18.906,599.164,580.258
2021-10-15,2021 National Championship,MR,Scott Beute,Pete Remner,1.041,10.309,599.164,588.855
2021-10-15,2021 National Championship,MR,Scott Beute,Rick Landis,-0.043,-0.431,599.164,599.595
2021-10-15,2021 National Championship,MR,Scott Beute,Doug Leibman,-0.279,-2.796,599.164,601.960
2021-10-15,2021 National Championship,MR,Scott Beute,Howie Johnson,-1.102,-11.108,599.164,610.272
2021-10-15,2021 National Championship,MR,Scott Beute,Brian Strack,-2.735,-27.944,599.164,627.108
2021-10-15,2021 National Championship,MR,Scott Beute,Ryan Redenbaugh,-0.156,-1.560,599.164,600.724
2021-10-15,2021 National Championship,MR,Scott Beute,Evan Arthur,-0.579,-5.813,599.164,604.977
2021-10-15,2021 National Championship,MR,Scott Beute,Jon Yanca,-1.551,-15.694,599.164,614.858
2021-10-15,2021 National Championship,MR,Scott Beute,Todd Wicker,-3.009,-30.825,599.164,629.989
2021-10-15,2021 National Championship,MR,Rick Landis,John W. England,2.491,24.388,599.595,575.207
2021-10-15,2021 National Championship,MR,Rick Landis,Michael Golden,1.553,15.323,599.595,584.272
2021-10-15,2021 National Championship,MR,Rick Landis,Nick Drymalski,0.931,9.232,599.595,590.363
2021-10-15,2021 National Championship,MR,Rick Landis,Brianne Corn,1.967,19.337,599.595,580.258
2021-10-15,2021 National Championship,MR,Rick Landis,Pete Remner,1.084,10.740,599.595,588.855
2021-10-15,2021 National Championship,MR,Rick Landis,Scott Beute,0.043,0.431,599.595,599.164
2021-10-15,2021 National Championship,MR,Rick Landis,Doug Leibman,-0.236,-2.365,599.595,601.960
2021-10-15,2021 National Championship,MR,Rick Landis,Howie Johnson,-1.059,-10.677,599.595,610.272
2021-10-15,2021 National Championship,MR,Rick Landis,Brian Strack,-2.691,-27.513,599.595,627.108
2021-10-15,2021 National Championship,MR,Rick Landis,Ryan Redenbaugh,-0.113,-1.129,599.595,600.724
2021-10-15,2021 National Championship,MR,Rick Landis,Evan Arthur,-0.536,-5.382,599.595,604.977
2021-10-15,2021 National Championship,MR,Rick Landis,Jon Yanca,-1.508,-15.263,599.595,614.858
2021-10-15,2021 National Championship,MR,Rick Landis,Todd Wicker,-2.966,-30.394,599.595,629.989
2021-10-15,2021 National Championship,MR,Doug Leibman,John W. England,2.727,26.753,601.960,575.207
2021-10-15,2021 National Championship,MR,Doug Leibman,Michael Golden,1.789,17.688,601.960,584.272
2021-10-15,2021 National Championship,MR,Doug Leibman,Nick Drymalski,1.167,11.597,601.960,590.363
2021-10-15,2021 National Championship,MR,Doug Leibman,Brianne Corn,2.203,21.702,601.960,580.258
2021-10-15,2021 National Championship,MR,Doug Leibman,Pete Remner,1.321,13.105,601.960,588.855
2021-10-15,2021 National Championship,MR,Doug Leibman,Scott Beute,0.279,2.796,601.960,599.164
2021-10-15,2021 National Championship,MR,Doug Leibman,Rick Landis,0.236,2.365,601.960,599.595
2021-10-15,2021 National Championship,MR,Doug Leibman,Howie Johnson,-0.823,-8.312,601.960,610.272
2021-10-15,2021 National Championship,MR,Doug Leibman,Brian Strack,-2.455,-25.148,601.960,627.108
2021-10-15,2021 National Championship,MR,Doug Leibman,Ryan Redenbaugh,0.123,1.236,601.960,600.724
2021-10-15,2021 National Championship,MR,Doug Leibman,Evan Arthur,-0.300,-3.017,601.960,604.977
2021-10-15,2021 National Championship,MR,Doug Leibman,Jon Yanca,-1.272,-12.898,601.960,614.858
2021-10-15,2021 National Championship,MR,Doug Leibman,Todd Wicker,-2.730,-28.029,601.960,629.989
2020-08-15,2020 DirtFish National Championship,MR,Doug Leibman,Brianne Corn,0.688,5.737,503.375,497.638
2020-08-15,2020 DirtFish National Championship,MR,Doug Leibman,Peter Dozeman,0.384,3.215,503.375,500.160
2020-08-15,2020 DirtFish National Championship,MR,Doug Leibman,Todd Wicker,-2.568,-22.016,503.375,525.391
2020-08-15,2020 DirtFish National Championship,MR,Doug Leibman,Ryan Redenbaugh,-2.615,-22.425,503.375,525.800
2020-08-15,2020 DirtFish National Championship,MR,Doug Leibman,Chance Whittle,-2.962,-25.481,503.375,528.856
2020-08-15,2020 DirtFish National Championship,MR,Doug Leibman,Brian Strack,-4.601,-40.135,503.375,543.510
2020-08-15,2020 DirtFish National Championship,MR,Doug Leibman,Bill Taylor,-4.613,-40.251,503.375,543.626
2020-08-15,2020 DirtFish National Championship,MR,Doug Leibman,Thomas Ezel,-4.983,-43.618,503.375,546.993
2020-08-15,2020 DirtFish National Championship,MR,Doug Leibman,Evan Masher,-5.865,-51.738,503.375,555.113
2020-08-15,2020 DirtFish National Championship,MR,Doug Leibman,Jeff Wagenknecht,-6.780,-60.283,503.375,563.658
2020-08-15,2020 DirtFish National Championship,MR,Doug Leibman,Brian Tefft Sr,-6.911,-61.520,503.375,564.895
2024-06-14,2024 Central Divisional,MR,Doug Leibman,Joshua Davis,1.522,29.311,1169.822,1140.511
2024-06-14,2024 Central Divisional,MR,Doug Leibman,Michael Stock,1.469,28.302,1169.822,1141.520
2024-06-14,2024 Central Divisional,MR,Doug Leibman,Randy Puls,-3.688,-74.191,1169.822,1244.013
2024-06-14,2024 Central Divisional,MR,Doug Leibman,Susan Puls,-6.269,-128.965,1169.822,1298.787
2022-09-23,2022 National Championships,MR,Doug Leibman,Leon Drake,2.792,25.597,562.843,537.246
2022-09-23,2022 National Championships,MR,Doug Leibman,Joshua Davis,1.374,12.741,562.843,550.102
2022-09-23,2022 National Championships,MR,Doug Leibman,Kellen McIntyre,-0.902,-8.522,562.843,571.365
2022-09-23,2022 National Championships,MR,Doug Leibman,Ryan Redenbaugh,-1.195,-11.325,562.843,574.168
2022-09-23,2022 National Championships,MR,Doug Leibman,Brian Tefft Sr,-1.354,-12.845,562.843,575.688
2022-09-23,2022 National Championships,MR,Doug Leibman,Bill Taylor,-1.882,-17.938,562.843,580.781
2022-09-23,2022 National Championships,MR,Doug Leibman,Ian Jennings,-2.828,-27.167,562.843,590.010
2022-09-23,2022 National Championships,MR,Doug Leibman,Brian Strack,-2.843,-27.312,562.843,590.155
2022-09-23,2022 National Championships,MR,Doug Leibman,Kyle McIntyre,-3.597,-34.781,562.843,597.624
2023-10-06,2023 National Championship,MR,Doug Leibman,Jason Fuller,3.460,37.045,660.892,623.847
2023-10-06,2023 National Championship,MR,Doug Leibman,Leon Drake,3.313,35.511,660.892,625.381
2023-10-06,2023 National Championship,MR,Doug Leibman,Todd Wicker,-0.861,-9.550,660.892,670.442
2023-10-06,2023 National Championship,MR,Doug Leibman,Ryan Redenbaugh,-1.103,-12.260,660.892,673.152
2023-10-06,2023 National Championship,MR,Doug Leibman,Andrew Benagh,-1.223,-13.610,660.892,674.502
2023-10-06,2023 National Championship,MR,Doug Leibman,Rodman Hunsaker,-1.841,-20.594,660.892,681.486
2023-10-06,2023 National Championship,MR,Doug Leibman,Larry Smith,-1.935,-21.660,660.892,682.552
2023-10-06,2023 National Championship,MR,Doug Leibman,Parker Field,-3.683,-41.851,660.892,702.743
2024-10-18,2024 National Championships,MR,Doug Leibman,Leon Drake,3.209,39.350,755.376,716.026
2024-10-18,2024 National Championships,MR,Doug Leibman,Vaughn Micciche,2.791,34.335,755.376,721.041
2024-10-18,2024 National Championships,MR,Doug Leibman,Tyler Burchett,-0.262,-3.306,755.376,758.682
2024-10-18,2024 National Championships,MR,Doug Leibman,Robert Bob White,-0.510,-6.443,755.376,761.819
2024-10-18,2024 National Championships,MR,Doug Leibman,Austin Walton,-0.984,-12.494,755.376,767.870
2024-10-18,2024 National Championships,MR,Doug Leibman,Steve Cerqueira,-1.586,-20.239,755.376,775.615
2024-10-18,2024 National Championships,MR,Doug Leibman,Kent Hamilton,-1.770,-22.622,755.376,777.998
2024-10-18,2024 National Championships,MR,Doug Leibman,Meagan Cerqueira,-3.870,-50.347,755.376,805.723
2024-10-18,2024 National Championships,MR,Doug Leibman,Ashley Roper,-3.918,-50.990,755.376,806.366
2024-10-18,2024 National Championships,MR,Doug Leibman,Chris Endres,-4.808,-63.063,755.376,818.439
2021-10-15,2021 National Championship,MR,Howie Johnson,John W. England,3.549,35.065,610.272,575.207
2021-10-15,2021 National Championship,MR,Howie Johnson,Michael Golden,2.612,26.000,610.272,584.272
2021-10-15,2021 National Championship,MR,Howie Johnson,Nick Drymalski,1.990,19.909,610.272,590.363
2021-10-15,2021 National Championship,MR,Howie Johnson,Brianne Corn,3.025,30.014,610.272,580.258
2021-10-15,2021 National Championship,MR,Howie Johnson,Pete Remner,2.143,21.417,610.272,588.855
2021-10-15,2021 National Championship,MR,Howie Johnson,Scott Beute,1.102,11.108,610.272,599.164
2021-10-15,2021 National Championship,MR,Howie Johnson,Rick Landis,1.059,10.677,610.272,599.595
2021-10-15,2021 National Championship,MR,Howie Johnson,Doug Leibman,0.823,8.312,610.272,601.960
2021-10-15,2021 National Championship,MR,Howie Johnson,Brian Strack,-1.633,-16.836,610.272,627.108
2021-10-15,2021 National Championship,MR,Howie Johnson,Ryan Redenbaugh,0.946,9.548,610.272,600.724
2021-10-15,2021 National Championship,MR,Howie Johnson,Jon Yanca,-0.449,-4.586,610.272,614.858
2021-10-15,2021 National Championship,MR,Howie Johnson,Todd Wicker,-1.908,-19.717,610.272,629.989
2021-10-15,2021 National Championship,MR,Brian Strack,John W. England,5.180,51.901,627.108,575.207
2021-10-15,2021 National Championship,MR,Brian Strack,Michael Golden,4.243,42.836,627.108,584.272
2021-10-15,2021 National Championship,MR,Brian Strack,Nick Drymalski,3.622,36.745,627.108,590.363
2021-10-15,2021 National Championship,MR,Brian Strack,Brianne Corn,4.656,46.850,627.108,580.258
2021-10-15,2021 National Championship,MR,Brian Strack,Pete Remner,3.775,38.253,627.108,588.855
2021-10-15,2021 National Championship,MR,Brian Strack,Scott Beute,2.735,27.944,627.108,599.164
2021-10-15,2021 National Championship,MR,Brian Strack,Rick Landis,2.691,27.513,627.108,599.595
2021-10-15,2021 National Championship,MR,Brian Strack,Doug Leibman,2.455,25.148,627.108,601.960
2021-10-15,2021 National Championship,MR,Brian Strack,Howie Johnson,1.633,16.836,627.108,610.272
2021-10-15,2021 National Championship,MR,Brian Strack,Ryan Redenbaugh,2.579,26.384,627.108,600.724
2021-10-15,2021 National Championship,MR,Brian Strack,Evan Arthur,2.155,22.131,627.108,604.977
2021-10-15,2021 National Championship,MR,Brian Strack,Jon Yanca,1.184,12.250,627.108,614.858
2021-10-15,2021 National Championship,MR,Brian Strack,Todd Wicker,-0.275,-2.881,627.108,629.989
2020-08-15,2020 DirtFish National Championship,MR,Brian Strack,Brianne Corn,5.287,45.872,543.510,497.638
2020-08-15,2020 DirtFish National Championship,MR,Brian Strack,Peter Dozeman,4.984,43.350,543.510,500.160
2020-08-15,2020 DirtFish National Championship,MR,Brian Strack,Doug Leibman,4.601,40.135,543.510,503.375
2020-08-15,2020 DirtFish National Championship,MR,Brian Strack,Todd Wicker,2.034,18.119,543.510,525.391
2020-08-15,2020 DirtFish National Championship,MR,Brian Strack,Ryan Redenbaugh,1.987,17.710,543.510,525.800
2020-08-15,2020 DirtFish National Championship,MR,Brian Strack,Chance Whittle,1.640,14.654,543.510,528.856
2020-08-15,2020 DirtFish National Championship,MR,Brian Strack,Bill Taylor,-0.013,-0.116,543.510,543.626
2020-08-15,2020 DirtFish National Championship,MR,Brian Strack,Thomas Ezel,-0.383,-3.483,543.510,546.993
2020-08-15,2020 DirtFish National Championship,MR,Brian Strack,Evan Masher,-1.267,-11.603,543.510,555.113
2020-08-15,2020 DirtFish National Championship,MR,Brian Strack,Jeff Wagenknecht,-2.184,-20.148,543.510,563.658
2020-08-15,2020 DirtFish National Championship,MR,Brian Strack,Brian Tefft Sr,-2.315,-21.385,543.510,564.895
2022-09-23,2022 National Championships,MR,Brian Strack,Leon Drake,5.632,52.909,590.155,537.246
2022-09-23,2022 National Championships,MR,Brian Strack,Joshua Davis,4.215,40.053,590.155,550.102
2022-09-23,2022 National Championships,MR,Brian Strack,Doug Leibman,2.843,27.312,590.155,562.843
2022-09-23,2022 National Championships,MR,Brian Strack,Kellen McIntyre,1.941,18.790,590.155,571.365
2022-09-23,2022 National Championships,MR,Brian Strack,Ryan Redenbaugh,1.648,15.987,590.155,574.168
2022-09-23,2022 National Championships,MR,Brian Strack,Brian Tefft Sr,1.489,14.467,590.155,575.688
2022-09-23,2022 National Championships,MR,Brian Strack,Bill Taylor,0.961,9.374,590.155,580.781
2022-09-23,2022 National Championships,MR,Brian Strack,Ian Jennings,0.015,0.145,590.155,590.010
2022-09-23,2022 National Championships,MR,Brian Strack,Kyle McIntyre,-0.755,-7.469,590.155,597.624
2021-10-15,2021 National Championship,MR,Ryan Redenbaugh,John W. England,2.604,25.517,600.724,575.207
2021-10-15,2021 National Championship,MR,Ryan Redenbaugh,Michael Golden,1.666,16.452,600.724,584.272
2021-10-15,2021 National Championship,MR,Ryan Redenbaugh,Nick Drymalski,1.044,10.361,600.724,590.363
2021-10-15,2021 National Championship,MR,Ryan Redenbaugh,Brianne Corn,2.080,20.466,600.724,580.258
2021-10-15,2021 National Championship,MR,Ryan Redenbaugh,Pete Remner,1.197,11.869,600.724,588.855
2021-10-15,2021 National Championship,MR,Ryan Redenbaugh,Scott Beute,0.156,1.560,600.724,599.164
2021-10-15,2021 National Championship,MR,Ryan Redenbaugh,Rick Landis,0.113,1.129,600.724,599.595
2021-10-15,2021 National Championship,MR,Ryan Redenbaugh,Doug Leibman,-0.123,-1.236,600.724,601.960
2021-10-15,2021 National Championship,MR,Ryan Redenbaugh,Howie Johnson,-0.946,-9.548,600.724,610.272
2021-10-15,2021 National Championship,MR,Ryan Redenbaugh,Brian Strack,-2.579,-26.384,600.724,627.108
2021-10-15,2021 National Championship,MR,Ryan Redenbaugh,Evan Arthur,-0.423,-4.253,600.724,604.977
2021-10-15,2021 National Championship,MR,Ryan Redenbaugh,Jon Yanca,-1.395,-14.134,600.724,614.858
2021-10-15,2021 National Championship,MR,Ryan Redenbaugh,Todd Wicker,-2.853,-29.265,600.724,629.989
2020-08-15,2020 DirtFish National Championship,MR,Ryan Redenbaugh,Brianne Corn,3.302,28.162,525.800,497.638
2020-08-15,2020 DirtFish National Championship,MR,Ryan Redenbaugh,Peter Dozeman,2.999,25.640,525.800,500.160
2020-08-15,2020 DirtFish National Championship,MR,Ryan Redenbaugh,Doug Leibman,2.615,22.425,525.800,503.375
2020-08-15,2020 DirtFish National Championship,MR,Ryan Redenbaugh,Todd Wicker,0.047,0.409,525.800,525.391
2020-08-15,2020 DirtFish National Championship,MR,Ryan Redenbaugh,Chance Whittle,-0.348,-3.056,525.800,528.856
2020-08-15,2020 DirtFish National Championship,MR,Ryan Redenbaugh,Brian Strack,-1.987,-17.710,525.800,543.510
2020-08-15,2020 DirtFish National Championship,MR,Ryan Redenbaugh,Bill Taylor,-2.000,-17.826,525.800,543.626
2020-08-15,2020 DirtFish National Championship,MR,Ryan Redenbaugh,Thomas Ezel,-2.371,-21.193,525.800,546.993
2020-08-15,2020 DirtFish National Championship,MR,Ryan Redenbaugh,Evan Masher,-3.254,-29.313,525.800,555.113
2020-08-15,2020 DirtFish National Championship,MR,Ryan Redenbaugh,Jeff Wagenknecht,-4.170,-37.858,525.800,563.658
2020-08-15,2020 DirtFish National Championship,MR,Ryan Redenbaugh,Brian Tefft Sr,-4.301,-39.095,525.800,564.895
2022-09-23,2022 National Championships,MR,Ryan Redenbaugh,Leon Drake,3.986,36.922,574.168,537.246
2022-09-23,2022 National Championships,MR,Ryan Redenbaugh,Joshua Davis,2.569,24.066,574.168,550.102
2022-09-23,2022 National Championships,MR,Ryan Redenbaugh,Doug Leibman,1.195,11.325,574.168,562.843
2022-09-23,2022 National Championships,MR,Ryan Redenbaugh,Kellen McIntyre,0.294,2.803,574.168,571.365
2022-09-23,2022 National Championships,MR,Ryan Redenbaugh,Brian Tefft Sr,-0.159,-1.520,574.168,575.688
2022-09-23,2022 National Championships,MR,Ryan Redenbaugh,Bill Taylor,-0.687,-6.613,574.168,580.781
2022-09-23,2022 National Championships,MR,Ryan Redenbaugh,Ian Jennings,-1.633,-15.842,574.168,590.010
2022-09-23,2022 National Championships,MR,Ryan Redenbaugh,Brian Strack,-1.648,-15.987,574.168,590.155
2022-09-23,2022 National Championships,MR,Ryan Redenbaugh,Kyle McIntyre,-2.402,-23.456,574.168,597.624
2023-10-06,2023 National Championship,MR,Ryan Redenbaugh,Jason Fuller,4.562,49.305,673.152,623.847
2023-10-06,2023 National Championship,MR,Ryan Redenbaugh,Leon Drake,4.415,47.771,673.152,625.381
2023-10-06,2023 National Championship,MR,Ryan Redenbaugh,Doug Leibman,1.103,12.260,673.152,660.892
2023-10-06,2023 National Championship,MR,Ryan Redenbaugh,Todd Wicker,0.242,2.710,673.152,670.442
2023-10-06,2023 National Championship,MR,Ryan Redenbaugh,Andrew Benagh,-0.120,-1.350,673.152,674.502
2023-10-06,2023 National Championship,MR,Ryan Redenbaugh,Rodman Hunsaker,-0.738,-8.334,673.152,681.486
2023-10-06,2023 National Championship,MR,Ryan Redenbaugh,Larry Smith,-0.832,-9.400,673.152,682.552
2023-10-06,2023 National Championship,MR,Ryan Redenbaugh,Parker Field,-2.581,-29.591,673.152,702.743
2021-10-15,2021 National Championship,MR,Evan Arthur,John W. England,3.027,29.770,604.977,575.207
2021-10-15,2021 National Championship,MR,Evan Arthur,Michael Golden,2.089,20.705,604.977,584.272
2021-10-15,2021 National Championship,MR,Evan Arthur,Nick Drymalski,1.467,14.614,604.977,590.363
2021-10-15,2021 National Championship,MR,Evan Arthur,Brianne Corn,2.503,24.719,604.977,580.258
2021-10-15,2021 National Championship,MR,Evan Arthur,Pete Remner,1.621,16.122,604.977,588.855
2021-10-15,2021 National Championship,MR,Evan Arthur,Scott Beute,0.579,5.813,604.977,599.164
2021-10-15,2021 National Championship,MR,Evan Arthur,Rick Landis,0.536,5.382,604.977,599.595
2021-10-15,2021 National Championship,MR,Evan Arthur,Doug Leibman,0.300,3.017,604.977,601.960
2021-10-15,2021 National Championship,MR,Evan Arthur,Brian Strack,-2.155,-22.131,604.977,627.108
2021-10-15,2021 National Championship,MR,Evan Arthur,Ryan Redenbaugh,0.423,4.253,604.977,600.724
2021-10-15,2021 National Championship,MR,Evan Arthur,Jon Yanca,-0.972,-9.881,604.977,614.858
2021-10-15,2021 National Championship,MR,Evan Arthur,Todd Wicker,-2.430,-25.012,604.977,629.989
2025-08-31,2025 Great Lakes Divisional,MR,Evan Arthur,Nich Carpenter,0.161,2.511,934.682,932.171
2025-08-31,2025 Great Lakes Divisional,MR,Evan Arthur,Colter Taylor,-13.530,-237.550,934.682,1172.232
2024-08-31,2024 Great Lakes Divisional,MR,Evan Arthur,Brian Glen,4.184,46.209,685.736,639.527
2024-08-31,2024 Great Lakes Divisional,MR,Evan Arthur,Jeff Glen,3.179,35.391,685.736,650.345
2024-08-31,2024 Great Lakes Divisional,MR,Evan Arthur,Joshua Hickey,2.929,32.681,685.736,653.055
2024-08-31,2024 Great Lakes Divisional,MR,Evan Arthur,Robert Tandy,2.042,22.948,685.736,662.788
2024-08-31,2024 Great Lakes Divisional,MR,Evan Arthur,Tyler Powers,-0.464,-5.318,685.736,691.054
2024-08-31,2024 Great Lakes Divisional,MR,Evan Arthur,Brock Yoder,-5.022,-59.902,685.736,745.638
2021-10-15,2021 National Championship,MR,Jon Yanca,John W. England,3.998,39.651,614.858,575.207
2021-10-15,2021 National Championship,MR,Jon Yanca,Michael Golden,3.061,30.586,614.858,584.272
2021-10-15,2021 National Championship,MR,Jon Yanca,Nick Drymalski,2.439,24.495,614.858,590.363
2021-10-15,2021 National Championship,MR,Jon Yanca,Brianne Corn,3.474,34.600,614.858,580.258
2021-10-15,2021 National Championship,MR,Jon Yanca,Pete Remner,2.592,26.003,614.858,588.855
2021-10-15,2021 National Championship,MR,Jon Yanca,Scott Beute,1.551,15.694,614.858,599.164
2021-10-15,2021 National Championship,MR,Jon Yanca,Rick Landis,1.508,15.263,614.858,599.595
2021-10-15,2021 National Championship,MR,Jon Yanca,Doug Leibman,1.272,12.898,614.858,601.960
2021-10-15,2021 National Championship,MR,Jon Yanca,Howie Johnson,0.449,4.586,614.858,610.272
2021-10-15,2021 National Championship,MR,Jon Yanca,Brian Strack,-1.184,-12.250,614.858,627.108
2021-10-15,2021 National Championship,MR,Jon Yanca,Ryan Redenbaugh,1.395,14.134,614.858,600.724
2021-10-15,2021 National Championship,MR,Jon Yanca,Evan Arthur,0.972,9.881,614.858,604.977
2021-10-15,2021 National Championship,MR,Jon Yanca,Todd Wicker,-1.459,-15.131,614.858,629.989
2021-10-15,2021 National Championship,MR,Todd Wicker,John W. England,5.455,54.782,629.989,575.207
2021-10-15,2021 National Championship,MR,Todd Wicker,Michael Golden,4.518,45.717,629.989,584.272
2021-10-15,2021 National Championship,MR,Todd Wicker,Nick Drymalski,3.897,39.626,629.989,590.363
2021-10-15,2021 National Championship,MR,Todd Wicker,Brianne Corn,4.931,49.731,629.989,580.258
2021-10-15,2021 National Championship,MR,Todd Wicker,Pete Remner,4.050,41.134,629.989,588.855
2021-10-15,2021 National Championship,MR,Todd Wicker,Scott Beute,3.009,30.825,629.989,599.164
2021-10-15,2021 National Championship,MR,Todd Wicker,Rick Landis,2.966,30.394,629.989,599.595
2021-10-15,2021 National Championship,MR,Todd Wicker,Doug Leibman,2.730,28.029,629.989,601.960
2021-10-15,2021 National Championship,MR,Todd Wicker,Howie Johnson,1.908,19.717,629.989,610.272
2021-10-15,2021 National Championship,MR,Todd Wicker,Brian Strack,0.275,2.881,629.989,627.108
2021-10-15,2021 National Championship,MR,Todd Wicker,Ryan Redenbaugh,2.853,29.265,629.989,600.724
2021-10-15,2021 National Championship,MR,Todd Wicker,Evan Arthur,2.430,25.012,629.989,604.977
2021-10-15,2021 National Championship,MR,Todd Wicker,Jon Yanca,1.459,15.131,629.989,614.858
2020-08-15,2020 DirtFish National Championship,MR,Todd Wicker,Brianne Corn,3.255,27.753,525.391,497.638
2020-08-15,2020 DirtFish National Championship,MR,Todd Wicker,Peter Dozeman,2.952,25.231,525.391,500.160
2020-08-15,2020 DirtFish National Championship,MR,Todd Wicker,Doug Leibman,2.568,22.016,525.391,503.375
2020-08-15,2020 DirtFish National Championship,MR,Todd Wicker,Ryan Redenbaugh,-0.047,-0.409,525.391,525.800
2020-08-15,2020 DirtFish National Championship,MR,Todd Wicker,Chance Whittle,-0.394,-3.465,525.391,528.856
2020-08-15,2020 DirtFish National Championship,MR,Todd Wicker,Brian Strack,-2.034,-18.119,525.391,543.510
2020-08-15,2020 DirtFish National Championship,MR,Todd Wicker,Bill Taylor,-2.047,-18.235,525.391,543.626
2020-08-15,2020 DirtFish National Championship,MR,Todd Wicker,Thomas Ezel,-2.417,-21.602,525.391,546.993
2020-08-15,2020 DirtFish National Championship,MR,Todd Wicker,Evan Masher,-3.301,-29.722,525.391,555.113
2020-08-15,2020 DirtFish National Championship,MR,Todd Wicker,Jeff Wagenknecht,-4.217,-38.267,525.391,563.658
2020-08-15,2020 DirtFish National Championship,MR,Todd Wicker,Brian Tefft Sr,-4.348,-39.504,525.391,564.895
2023-10-06,2023 National Championship,MR,Todd Wicker,Jason Fuller,4.320,46.595,670.442,623.847
2023-10-06,2023 National Championship,MR,Todd Wicker,Leon Drake,4.173,45.061,670.442,625.381
2023-10-06,2023 National Championship,MR,Todd Wicker,Doug Leibman,0.861,9.550,670.442,660.892
2023-10-06,2023 National Championship,MR,Todd Wicker,Ryan Redenbaugh,-0.242,-2.710,670.442,673.152
2023-10-06,2023 National Championship,MR,Todd Wicker,Andrew Benagh,-0.362,-4.060,670.442,674.502
2023-10-06,2023 National Championship,MR,Todd Wicker,Rodman Hunsaker,-0.980,-11.044,670.442,681.486
2023-10-06,2023 National Championship,MR,Todd Wicker,Larry Smith,-1.074,-12.110,670.442,682.552
2023-10-06,2023 National Championship,MR,Todd Wicker,Parker Field,-2.823,-32.301,670.442,702.743
2021-10-15,2021 National Championship,MA,Jess Moeding,Austin Dowda,-0.585,-5.383,549.353,554.736
2021-10-15,2021 National Championship,MA,Jess Moeding,Jeff Denmeade,-0.196,-1.797,549.353,551.150
2021-10-15,2021 National Championship,MA,Jess Moeding,Todd Kean,-0.674,-6.204,549.353,555.557
2021-10-15,2021 National Championship,MA,Jess Moeding,Warren Elliott,-1.390,-12.876,549.353,562.229
2021-10-15,2021 National Championship,MA,Jess Moeding,W. Orion Fairman,-1.890,-17.578,549.353,566.931
2021-10-15,2021 National Championship,MA,Jess Moeding,Dan Shirley,-2.442,-22.821,549.353,572.174
2021-10-15,2021 National Championship,MA,Jess Moeding,William Petrow,-2.655,-24.857,549.353,574.210
2021-10-15,2021 National Championship,MA,Jess Moeding,Scott Banes,-0.607,-5.583,549.353,554.936
2021-10-15,2021 National Championship,MA,Jess Moeding,Michael Julian,-1.383,-12.811,549.353,562.164
2021-10-15,2021 National Championship,MA,Jess Moeding,Chris Endres,-1.601,-14.855,549.353,564.208
2021-10-15,2021 National Championship,MA,Jess Moeding,Mike Detota,-2.372,-22.153,549.353,571.506
2021-10-15,2021 National Championship,MA,Jess Moeding,Andrew Williamson,-2.545,-23.811,549.353,573.164
2021-10-15,2021 National Championship,MA,Jess Moeding,Mason Verbridge,-3.830,-36.220,549.353,585.573
2021-10-15,2021 National Championship,MA,Jess Moeding,Benjamin Howe,-3.960,-37.490,549.353,586.843
2021-10-15,2021 National Championship,MA,Jess Moeding,Kevin McGowan,-4.135,-39.214,549.353,588.567
2021-10-15,2021 National Championship,MA,Jess Moeding,Nick DeYoung,-4.461,-42.426,549.353,591.779
2021-10-15,2021 National Championship,MA,Jess Moeding,Kent Hamilton,-4.574,-43.535,549.353,592.888
2021-10-15,2021 National Championship,MA,Jess Moeding,Andrew Hamilton,-7.025,-68.324,549.353,617.677
2021-10-15,2021 National Championship,MA,Jess Moeding,Jonathan Olschewski,-8.453,-83.258,549.353,632.611
2021-10-15,2021 National Championship,MA,Jess Moeding,Ben Kirchner,-4.108,-38.943,549.353,588.296
2021-10-15,2021 National Championship,MA,Jess Moeding,Logan Siegel,-4.371,-41.530,549.353,590.883
2021-10-15,2021 National Championship,MA,Jess Moeding,Jake Namer,-4.551,-43.310,549.353,592.663
2021-10-15,2021 National Championship,MA,Jess Moeding,Jeremie Snyder,-5.788,-55.676,549.353,605.029
2021-10-15,2021 National Championship,MA,Jess Moeding,Mason Nickel,-7.569,-73.967,549.353,623.320
2021-10-15,2021 National Championship,MA,Jess Moeding,Todd Briley,-17.081,-182.348,549.353,731.701
2020-08-15,2020 DirtFish National Championship,MA,Jess Moeding,Austin Dowda,0.770,5.890,462.111,456.221
2020-08-15,2020 DirtFish National Championship,MA,Jess Moeding,Jason Fuller,0.051,0.390,462.111,461.721
2020-08-15,2020 DirtFish National Championship,MA,Jess Moeding,Kent Hamilton,-0.845,-6.553,462.111,468.664
2020-08-15,2020 DirtFish National Championship,MA,Jess Moeding,Todd Briley,-1.478,-11.524,462.111,473.635
2020-08-15,2020 DirtFish National Championship,MA,Jess Moeding,Danial Ebling,-2.330,-18.304,462.111,480.415
2020-08-15,2020 DirtFish National Championship,MA,Jess Moeding,Eric Less,-2.342,-18.393,462.111,480.504
2020-08-15,2020 DirtFish National Championship,MA,Jess Moeding,Jonathan Olschewski,-2.445,-19.219,462.111,481.330
2020-08-15,2020 DirtFish National Championship,MA,Jess Moeding,Trenton Von Holten,-2.736,-21.564,462.111,483.675
2020-08-15,2020 DirtFish National Championship,MA,Jess Moeding,Chase Girard,-3.808,-30.288,462.111,492.399
2020-08-15,2020 DirtFish National Championship,MA,Jess Moeding,Valerie Briley,-4.968,-39.919,462.111,502.030
2020-08-15,2020 DirtFish National Championship,MA,Jess Moeding,Kevin Schatz,-5.243,-42.223,462.111,504.334
2020-08-15,2020 DirtFish National Championship,MA,Jess Moeding,Philip Pickard,-5.598,-45.221,462.111,507.332
2020-08-15,2020 DirtFish National Championship,MA,Jess Moeding,Joe Lavelle,-6.066,-49.205,462.111,511.316
2020-08-15,2020 DirtFish National Championship,MA,Jess Moeding,Nathan Jones,-6.965,-56.951,462.111,519.062
2020-08-15,2020 DirtFish National Championship,MA,Jess Moeding,Benjamin Hanke,-7.650,-62.934,462.111,525.045
2020-08-15,2020 DirtFish National Championship,MA,Jess Moeding,Steven Bright,-7.862,-64.796,462.111,526.907
2020-08-15,2020 DirtFish National Championship,MA,Jess Moeding,Caleb Maggard,-10.274,-86.541,462.111,548.652
2020-08-15,2020 DirtFish National Championship,MA,Jess Moeding,Richard Thompson,-34.040,-365.985,462.111,828.096
2022-09-23,2022 National Championships,MA,Jess Moeding,Austin Dowda,1.613,12.679,477.897,465.218
2022-09-23,2022 National Championships,MA,Jess Moeding,Kent Hamilton,0.249,1.977,477.897,475.920
2022-09-23,2022 National Championships,MA,Jess Moeding,Jonathan Olschewski,0.195,1.552,477.897,476.345
2022-09-23,2022 National Championships,MA,Jess Moeding,Dan Quiet,0.013,0.100,477.897,477.797
2022-09-23,2022 National Championships,MA,Jess Moeding,Mark Macoubrie,-0.212,-1.692,477.897,479.589
2022-09-23,2022 National Championships,MA,Jess Moeding,Todd Briley,-0.225,-1.799,477.897,479.696
2022-09-23,2022 National Championships,MA,Jess Moeding,Eric Genack,-0.378,-3.023,477.897,480.920
2022-09-23,2022 National Championships,MA,Jess Moeding,Chris Endres,-0.496,-3.963,477.897,481.860
2022-09-23,2022 National Championships,MA,Jess Moeding,Michael Miller,-0.756,-6.061,477.897,483.958
2022-09-23,2022 National Championships,MA,Jess Moeding,Joe Lavelle,-0.786,-6.298,477.897,484.195
2022-09-23,2022 National Championships,MA,Jess Moeding,Danial Ebling,-2.028,-16.430,477.897,494.327
2022-09-23,2022 National Championships,MA,Jess Moeding,Harold Denham,-2.052,-16.629,477.897,494.526
2022-09-23,2022 National Championships,MA,Jess Moeding,Diego De Castro,-2.138,-17.335,477.897,495.232
2022-09-23,2022 National Championships,MA,Jess Moeding,Jonathon Nagel,-2.465,-20.043,477.897,497.940
2022-09-23,2022 National Championships,MA,Jess Moeding,Joshua Campfield,-2.489,-20.245,477.897,498.142
2022-09-23,2022 National Championships,MA,Jess Moeding,Valerie Briley,-2.599,-21.157,477.897,499.054
2022-09-23,2022 National Championships,MA,Jess Moeding,Leonard Kirk,-2.766,-22.553,477.897,500.450
2022-09-23,2022 National Championships,MA,Jess Moeding,Drew Little,-2.857,-23.307,477.897,501.204
2022-09-23,2022 National Championships,MA,Jess Moeding,Angelica Miller,-2.973,-24.284,477.897,502.181
2022-09-23,2022 National Championships,MA,Jess Moeding,Glenn Farrant,-4.194,-34.611,477.897,512.508
2022-09-23,2022 National Championships,MA,Jess Moeding,Dillon Nafziger,-4.476,-37.035,477.897,514.932
2022-09-23,2022 National Championships,MA,Jess Moeding,Alicia Quiet,-4.629,-38.352,477.897,516.249
2022-09-23,2022 National Championships,MA,Jess Moeding,Elizabeth Austin,-4.812,-39.931,477.897,517.828
2022-09-23,2022 National Championships,MA,Jess Moeding,Benjamin Howe,-5.095,-42.384,477.897,520.281
2022-09-23,2022 National Championships,MA,Jess Moeding,Bob Martin,-5.126,-42.654,477.897,520.551
2023-10-06,2023 National Championship,MA,Jess Moeding,Chris Endres,8.722,90.959,671.194,580.235
2023-10-06,2023 National Championship,MA,Jess Moeding,Todd Briley,7.609,80.042,671.194,591.152
2023-10-06,2023 National Championship,MA,Jess Moeding,Mark Macoubrie,7.363,77.607,671.194,593.587
2023-10-06,2023 National Championship,MA,Jess Moeding,Danial Ebling,6.099,64.930,671.194,606.264
2023-10-06,2023 National Championship,MA,Jess Moeding,Niles Davis,6.043,64.361,671.194,606.833
2023-10-06,2023 National Championship,MA,Jess Moeding,Shane Blankenship,5.978,63.697,671.194,607.497
2023-10-06,2023 National Championship,MA,Jess Moeding,Benjamin Howe,5.126,54.994,671.194,616.200
2023-10-06,2023 National Championship,MA,Jess Moeding,Alex Reinkordt,4.823,51.870,671.194,619.324
2023-10-06,2023 National Championship,MA,Jess Moeding,Kevin Schatz,4.581,49.358,671.194,621.836
2023-10-06,2023 National Championship,MA,Jess Moeding,Valerie Briley,3.896,42.215,671.194,628.979
2023-10-06,2023 National Championship,MA,Jess Moeding,Joshua Campfield,3.086,33.658,671.194,637.536
2023-10-06,2023 National Championship,MA,Jess Moeding,Nefty Bloom,2.341,25.692,671.194,645.502
2023-10-06,2023 National Championship,MA,Jess Moeding,Ryan Plourde,1.828,20.147,671.194,651.047
2023-10-06,2023 National Championship,MA,Jess Moeding,Joshua Mefford,1.363,15.075,671.194,656.119
2023-10-06,2023 National Championship,MA,Jess Moeding,Austin Dowda,-0.572,-6.435,671.194,677.629
2023-10-06,2023 National Championship,MA,Jess Moeding,Kent Hamilton,-1.710,-19.404,671.194,690.598
2023-10-06,2023 National Championship,MA,Jess Moeding,Blake McIntyre,-3.026,-34.725,671.194,705.919
2023-10-06,2023 National Championship,MA,Jess Moeding,Chris Delaney,-3.096,-35.547,671.194,706.741
2023-10-06,2023 National Championship,MA,Jess Moeding,Jonathan Olschewski,-3.422,-39.405,671.194,710.599
2023-10-06,2023 National Championship,MA,Jess Moeding,James Woodward,-4.468,-51.919,671.194,723.113
2021-10-15,2021 National Championship,MA,Austin Dowda,Jess Moeding,0.585,5.383,554.736,549.353
2021-10-15,2021 National Championship,MA,Austin Dowda,Jeff Denmeade,0.389,3.586,554.736,551.150
2021-10-15,2021 National Championship,MA,Austin Dowda,Todd Kean,-0.089,-0.821,554.736,555.557
2021-10-15,2021 National Championship,MA,Austin Dowda,Warren Elliott,-0.805,-7.493,554.736,562.229
2021-10-15,2021 National Championship,MA,Austin Dowda,W. Orion Fairman,-1.305,-12.195,554.736,566.931
2021-10-15,2021 National Championship,MA,Austin Dowda,Dan Shirley,-1.857,-17.438,554.736,572.174
2021-10-15,2021 National Championship,MA,Austin Dowda,William Petrow,-2.070,-19.474,554.736,574.210
2021-10-15,2021 National Championship,MA,Austin Dowda,Scott Banes,-0.022,-0.200,554.736,554.936
2021-10-15,2021 National Championship,MA,Austin Dowda,Michael Julian,-0.798,-7.428,554.736,562.164
2021-10-15,2021 National Championship,MA,Austin Dowda,Chris Endres,-1.016,-9.472,554.736,564.208
2021-10-15,2021 National Championship,MA,Austin Dowda,Mike Detota,-1.787,-16.770,554.736,571.506
2021-10-15,2021 National Championship,MA,Austin Dowda,Andrew Williamson,-1.961,-18.428,554.736,573.164
2021-10-15,2021 National Championship,MA,Austin Dowda,Mason Verbridge,-3.245,-30.837,554.736,585.573
2021-10-15,2021 National Championship,MA,Austin Dowda,Benjamin Howe,-3.375,-32.107,554.736,586.843
2021-10-15,2021 National Championship,MA,Austin Dowda,Kevin McGowan,-3.551,-33.831,554.736,588.567
2021-10-15,2021 National Championship,MA,Austin Dowda,Nick DeYoung,-3.877,-37.043,554.736,591.779
2021-10-15,2021 National Championship,MA,Austin Dowda,Kent Hamilton,-3.989,-38.152,554.736,592.888
2021-10-15,2021 National Championship,MA,Austin Dowda,Andrew Hamilton,-6.442,-62.941,554.736,617.677
2021-10-15,2021 National Championship,MA,Austin Dowda,Jonathan Olschewski,-7.870,-77.875,554.736,632.611
2021-10-15,2021 National Championship,MA,Austin Dowda,Ben Kirchner,-3.523,-33.560,554.736,588.296
2021-10-15,2021 National Championship,MA,Austin Dowda,Logan Siegel,-3.786,-36.147,554.736,590.883
2021-10-15,2021 National Championship,MA,Austin Dowda,Jake Namer,-3.967,-37.927,554.736,592.663
2021-10-15,2021 National Championship,MA,Austin Dowda,Jeremie Snyder,-5.204,-50.293,554.736,605.029
2021-10-15,2021 National Championship,MA,Austin Dowda,Mason Nickel,-6.986,-68.584,554.736,623.320
2021-10-15,2021 National Championship,MA,Austin Dowda,Todd Briley,-16.507,-176.965,554.736,731.701
2020-08-15,2020 DirtFish National Championship,MA,Austin Dowda,Jason Fuller,-0.719,-5.500,456.221,461.721
2020-08-15,2020 DirtFish National Championship,MA,Austin Dowda,Jess Moeding,-0.770,-5.890,456.221,462.111
2020-08-15,2020 DirtFish National Championship,MA,Austin Dowda,Kent Hamilton,-1.614,-12.443,456.221,468.664
2020-08-15,2020 DirtFish National Championship,MA,Austin Dowda,Todd Briley,-2.247,-17.414,456.221,473.635
2020-08-15,2020 DirtFish National Championship,MA,Austin Dowda,Danial Ebling,-3.100,-24.194,456.221,480.415
2020-08-15,2020 DirtFish National Championship,MA,Austin Dowda,Eric Less,-3.111,-24.283,456.221,480.504
2020-08-15,2020 DirtFish National Championship,MA,Austin Dowda,Jonathan Olschewski,-3.214,-25.109,456.221,481.330
2020-08-15,2020 DirtFish National Championship,MA,Austin Dowda,Trenton Von Holten,-3.505,-27.454,456.221,483.675
2020-08-15,2020 DirtFish National Championship,MA,Austin Dowda,Chase Girard,-4.577,-36.178,456.221,492.399
2020-08-15,2020 DirtFish National Championship,MA,Austin Dowda,Valerie Briley,-5.737,-45.809,456.221,502.030
2020-08-15,2020 DirtFish National Championship,MA,Austin Dowda,Kevin Schatz,-6.011,-48.113,456.221,504.334
2020-08-15,2020 DirtFish National Championship,MA,Austin Dowda,Philip Pickard,-6.365,-51.111,456.221,507.332
2020-08-15,2020 DirtFish National Championship,MA,Austin Dowda,Joe Lavelle,-6.833,-55.095,456.221,511.316
2020-08-15,2020 DirtFish National Championship,MA,Austin Dowda,Nathan Jones,-7.732,-62.841,456.221,519.062
2020-08-15,2020 DirtFish National Championship,MA,Austin Dowda,Benjamin Hanke,-8.417,-68.824,456.221,525.045
2020-08-15,2020 DirtFish National Championship,MA,Austin Dowda,Steven Bright,-8.628,-70.686,456.221,526.907
2020-08-15,2020 DirtFish National Championship,MA,Austin Dowda,Caleb Maggard,-11.038,-92.431,456.221,548.652
2020-08-15,2020 DirtFish National Championship,MA,Austin Dowda,Richard Thompson,-34.746,-371.875,456.221,828.096
2022-09-23,2022 National Championships,MA,Austin Dowda,Kent Hamilton,-1.365,-10.702,465.218,475.920
2022-09-23,2022 National Championships,MA,Austin Dowda,Jonathan Olschewski,-1.418,-11.127,465.218,476.345
2022-09-23,2022 National Championships,MA,Austin Dowda,Dan Quiet,-1.601,-12.579,465.218,477.797
2022-09-23,2022 National Championships,MA,Austin Dowda,Jess Moeding,-1.613,-12.679,465.218,477.897
2022-09-23,2022 National Championships,MA,Austin Dowda,Mark Macoubrie,-1.825,-14.371,465.218,479.589
2022-09-23,2022 National Championships,MA,Austin Dowda,Todd Briley,-1.839,-14.478,465.218,479.696
2022-09-23,2022 National Championships,MA,Austin Dowda,Eric Genack,-1.992,-15.702,465.218,480.920
2022-09-23,2022 National Championships,MA,Austin Dowda,Chris Endres,-2.109,-16.642,465.218,481.860
2022-09-23,2022 National Championships,MA,Austin Dowda,Michael Miller,-2.369,-18.740,465.218,483.958
2022-09-23,2022 National Championships,MA,Austin Dowda,Joe Lavelle,-2.399,-18.977,465.218,484.195
2022-09-23,2022 National Championships,MA,Austin Dowda,Danial Ebling,-3.640,-29.109,465.218,494.327
2022-09-23,2022 National Championships,MA,Austin Dowda,Harold Denham,-3.664,-29.308,465.218,494.526
2022-09-23,2022 National Championships,MA,Austin Dowda,Diego De Castro,-3.750,-30.014,465.218,495.232
2022-09-23,2022 National Championships,MA,Austin Dowda,Jonathon Nagel,-4.077,-32.722,465.218,497.940
2022-09-23,2022 National Championships,MA,Austin Dowda,Joshua Campfield,-4.101,-32.924,465.218,498.142
2022-09-23,2022 National Championships,MA,Austin Dowda,Valerie Briley,-4.211,-33.836,465.218,499.054
2022-09-23,2022 National Championships,MA,Austin Dowda,Leonard Kirk,-4.378,-35.232,465.218,500.450
2022-09-23,2022 National Championships,MA,Austin Dowda,Drew Little,-4.468,-35.986,465.218,501.204
2022-09-23,2022 National Championships,MA,Austin Dowda,Angelica Miller,-4.585,-36.963,465.218,502.181
2022-09-23,2022 National Championships,MA,Austin Dowda,Glenn Farrant,-5.804,-47.290,465.218,512.508
2022-09-23,2022 National Championships,MA,Austin Dowda,Dillon Nafziger,-6.086,-49.714,465.218,514.932
2022-09-23,2022 National Championships,MA,Austin Dowda,Alicia Quiet,-6.239,-51.031,465.218,516.249
2022-09-23,2022 National Championships,MA,Austin Dowda,Elizabeth Austin,-6.422,-52.610,465.218,517.828
2022-09-23,2022 National Championships,MA,Austin Dowda,Benjamin Howe,-6.705,-55.063,465.218,520.281
2022-09-23,2022 National Championships,MA,Austin Dowda,Bob Martin,-6.736,-55.333,465.218,520.551
2023-10-06,2023 National Championship,MA,Austin Dowda,Chris Endres,9.291,97.394,677.629,580.235
2023-10-06,2023 National Championship,MA,Austin Dowda,Todd Briley,8.179,86.477,677.629,591.152
2023-10-06,2023 National Championship,MA,Austin Dowda,Mark Macoubrie,7.933,84.042,677.629,593.587
2023-10-06,2023 National Championship,MA,Austin Dowda,Danial Ebling,6.670,71.365,677.629,606.264
2023-10-06,2023 National Championship,MA,Austin Dowda,Niles Davis,6.614,70.796,677.629,606.833
2023-10-06,2023 National Championship,MA,Austin Dowda,Shane Blankenship,6.549,70.132,677.629,607.497
2023-10-06,2023 National Championship,MA,Austin Dowda,Benjamin Howe,5.697,61.429,677.629,616.200
2023-10-06,2023 National Championship,MA,Austin Dowda,Alex Reinkordt,5.395,58.305,677.629,619.324
2023-10-06,2023 National Championship,MA,Austin Dowda,Kevin Schatz,5.152,55.793,677.629,621.836
2023-10-06,2023 National Championship,MA,Austin Dowda,Valerie Briley,4.468,48.650,677.629,628.979
2023-10-06,2023 National Championship,MA,Austin Dowda,Joshua Campfield,3.658,40.093,677.629,637.536
2023-10-06,2023 National Championship,MA,Austin Dowda,Nefty Bloom,2.914,32.127,677.629,645.502
2023-10-06,2023 National Championship,MA,Austin Dowda,Ryan Plourde,2.401,26.582,677.629,651.047
2023-10-06,2023 National Championship,MA,Austin Dowda,Joshua Mefford,1.935,21.510,677.629,656.119
2023-10-06,2023 National Championship,MA,Austin Dowda,Jess Moeding,0.572,6.435,677.629,671.194
2023-10-06,2023 National Championship,MA,Austin Dowda,Kent Hamilton,-1.137,-12.969,677.629,690.598
2023-10-06,2023 National Championship,MA,Austin Dowda,Blake McIntyre,-2.454,-28.290,677.629,705.919
2023-10-06,2023 National Championship,MA,Austin Dowda,Chris Delaney,-2.523,-29.112,677.629,706.741
2023-10-06,2023 National Championship,MA,Austin Dowda,Jonathan Olschewski,-2.850,-32.970,677.629,710.599
2023-10-06,2023 National Championship,MA,Austin Dowda,James Woodward,-3.897,-45.484,677.629,723.113
2021-10-15,2021 National Championship,MA,Jeff Denmeade,Jess Moeding,0.196,1.797,551.150,549.353
2021-10-15,2021 National Championship,MA,Jeff Denmeade,Austin Dowda,-0.389,-3.586,551.150,554.736
2021-10-15,2021 National Championship,MA,Jeff Denmeade,Todd Kean,-0.478,-4.407,551.150,555.557
2021-10-15,2021 National Championship,MA,Jeff Denmeade,Warren Elliott,-1.194,-11.079,551.150,562.229
2021-10-15,2021 National Championship,MA,Jeff Denmeade,W. Orion Fairman,-1.694,-15.781,551.150,566.931
2021-10-15,2021 National Championship,MA,Jeff Denmeade,Dan Shirley,-2.246,-21.024,551.150,572.174
2021-10-15,2021 National Championship,MA,Jeff Denmeade,William Petrow,-2.459,-23.060,551.150,574.210
2021-10-15,2021 National Championship,MA,Jeff Denmeade,Scott Banes,-0.411,-3.786,551.150,554.936
2021-10-15,2021 National Championship,MA,Jeff Denmeade,Michael Julian,-1.187,-11.014,551.150,562.164
2021-10-15,2021 National Championship,MA,Jeff Denmeade,Chris Endres,-1.405,-13.058,551.150,564.208
2021-10-15,2021 National Championship,MA,Jeff Denmeade,Mike Detota,-2.176,-20.356,551.150,571.506
2021-10-15,2021 National Championship,MA,Jeff Denmeade,Andrew Williamson,-2.350,-22.014,551.150,573.164
2021-10-15,2021 National Championship,MA,Jeff Denmeade,Mason Verbridge,-3.634,-34.423,551.150,585.573
2021-10-15,2021 National Championship,MA,Jeff Denmeade,Benjamin Howe,-3.764,-35.693,551.150,586.843
2021-10-15,2021 National Championship,MA,Jeff Denmeade,Kevin McGowan,-3.940,-37.417,551.150,588.567
2021-10-15,2021 National Championship,MA,Jeff Denmeade,Nick DeYoung,-4.266,-40.629,551.150,591.779
2021-10-15,2021 National Championship,MA,Jeff Denmeade,Kent Hamilton,-4.378,-41.738,551.150,592.888
2021-10-15,2021 National Championship,MA,Jeff Denmeade,Andrew Hamilton,-6.830,-66.527,551.150,617.677
2021-10-15,2021 National Championship,MA,Jeff Denmeade,Jonathan Olschewski,-8.258,-81.461,551.150,632.611
2021-10-15,2021 National Championship,MA,Jeff Denmeade,Ben Kirchner,-3.912,-37.146,551.150,588.296
2021-10-15,2021 National Championship,MA,Jeff Denmeade,Logan Siegel,-4.175,-39.733,551.150,590.883
2021-10-15,2021 National Championship,MA,Jeff Denmeade,Jake Namer,-4.355,-41.513,551.150,592.663
2021-10-15,2021 National Championship,MA,Jeff Denmeade,Jeremie Snyder,-5.592,-53.879,551.150,605.029
2021-10-15,2021 National Championship,MA,Jeff Denmeade,Mason Nickel,-7.374,-72.170,551.150,623.320
2021-10-15,2021 National Championship,MA,Jeff Denmeade,Todd Briley,-16.889,-180.551,551.150,731.701
2021-10-15,2021 National Championship,MA,Todd Kean,Jess Moeding,0.674,6.204,555.557,549.353
2021-10-15,2021 National Championship,MA,Todd Kean,Austin Dowda,0.089,0.821,555.557,554.736
2021-10-15,2021 National Championship,MA,Todd Kean,Jeff Denmeade,0.478,4.407,555.557,551.150
2021-10-15,2021 National Championship,MA,Todd Kean,Warren Elliott,-0.716,-6.672,555.557,562.229
2021-10-15,2021 National Championship,MA,Todd Kean,W. Orion Fairman,-1.216,-11.374,555.557,566.931
2021-10-15,2021 National Championship,MA,Todd Kean,Dan Shirley,-1.768,-16.617,555.557,572.174
2021-10-15,2021 National Championship,MA,Todd Kean,William Petrow,-1.981,-18.653,555.557,574.210
2021-10-15,2021 National Championship,MA,Todd Kean,Scott Banes,0.067,0.621,555.557,554.936
2021-10-15,2021 National Championship,MA,Todd Kean,Michael Julian,-0.709,-6.607,555.557,562.164
2021-10-15,2021 National Championship,MA,Todd Kean,Chris Endres,-0.927,-8.651,555.557,564.208
2021-10-15,2021 National Championship,MA,Todd Kean,Mike Detota,-1.698,-15.949,555.557,571.506
2021-10-15,2021 National Championship,MA,Todd Kean,Andrew Williamson,-1.872,-17.607,555.557,573.164
2021-10-15,2021 National Championship,MA,Todd Kean,Mason Verbridge,-3.156,-30.016,555.557,585.573
2021-10-15,2021 National Championship,MA,Todd Kean,Benjamin Howe,-3.286,-31.286,555.557,586.843
2021-10-15,2021 National Championship,MA,Todd Kean,Kevin McGowan,-3.462,-33.010,555.557,588.567
2021-10-15,2021 National Championship,MA,Todd Kean,Nick DeYoung,-3.788,-36.222,555.557,591.779
2021-10-15,2021 National Championship,MA,Todd Kean,Kent Hamilton,-3.901,-37.331,555.557,592.888
2021-10-15,2021 National Championship,MA,Todd Kean,Andrew Hamilton,-6.354,-62.120,555.557,617.677
2021-10-15,2021 National Championship,MA,Todd Kean,Jonathan Olschewski,-7.782,-77.054,555.557,632.611
2021-10-15,2021 National Championship,MA,Todd Kean,Ben Kirchner,-3.435,-32.739,555.557,588.296
2021-10-15,2021 National Championship,MA,Todd Kean,Logan Siegel,-3.698,-35.326,555.557,590.883
2021-10-15,2021 National Championship,MA,Todd Kean,Jake Namer,-3.878,-37.106,555.557,592.663
2021-10-15,2021 National Championship,MA,Todd Kean,Jeremie Snyder,-5.115,-49.472,555.557,605.029
2021-10-15,2021 National Championship,MA,Todd Kean,Mason Nickel,-6.898,-67.763,555.557,623.320
2021-10-15,2021 National Championship,MA,Todd Kean,Todd Briley,-16.420,-176.144,555.557,731.701
2021-10-15,2021 National Championship,MA,Warren Elliott,Jess Moeding,1.390,12.876,562.229,549.353
2021-10-15,2021 National Championship,MA,Warren Elliott,Austin Dowda,0.805,7.493,562.229,554.736
2021-10-15,2021 National Championship,MA,Warren Elliott,Jeff Denmeade,1.194,11.079,562.229,551.150
2021-10-15,2021 National Championship,MA,Warren Elliott,Todd Kean,0.716,6.672,562.229,555.557
2021-10-15,2021 National Championship,MA,Warren Elliott,W. Orion Fairman,-0.500,-4.702,562.229,566.931
2021-10-15,2021 National Championship,MA,Warren Elliott,Dan Shirley,-1.052,-9.945,562.229,572.174
2021-10-15,2021 National Championship,MA,Warren Elliott,William Petrow,-1.265,-11.981,562.229,574.210
2021-10-15,2021 National Championship,MA,Warren Elliott,Scott Banes,0.783,7.293,562.229,554.936
2021-10-15,2021 National Championship,MA,Warren Elliott,Michael Julian,0.007,0.065,562.229,562.164
2021-10-15,2021 National Championship,MA,Warren Elliott,Chris Endres,-0.211,-1.979,562.229,564.208
2021-10-15,2021 National Championship,MA,Warren Elliott,Mike Detota,-0.982,-9.277,562.229,571.506
2021-10-15,2021 National Championship,MA,Warren Elliott,Andrew Williamson,-1.156,-10.935,562.229,573.164
2021-10-15,2021 National Championship,MA,Warren Elliott,Mason Verbridge,-2.441,-23.344,562.229,585.573
2021-10-15,2021 National Championship,MA,Warren Elliott,Benjamin Howe,-2.570,-24.614,562.229,586.843
2021-10-15,2021 National Championship,MA,Warren Elliott,Kevin McGowan,-2.746,-26.338,562.229,588.567
2021-10-15,2021 National Championship,MA,Warren Elliott,Nick DeYoung,-3.073,-29.550,562.229,591.779
2021-10-15,2021 National Championship,MA,Warren Elliott,Kent Hamilton,-3.185,-30.659,562.229,592.888
2021-10-15,2021 National Championship,MA,Warren Elliott,Andrew Hamilton,-5.639,-55.448,562.229,617.677
2021-10-15,2021 National Championship,MA,Warren Elliott,Jonathan Olschewski,-7.069,-70.382,562.229,632.611
2021-10-15,2021 National Championship,MA,Warren Elliott,Ben Kirchner,-2.719,-26.067,562.229,588.296
2021-10-15,2021 National Championship,MA,Warren Elliott,Logan Siegel,-2.982,-28.654,562.229,590.883
2021-10-15,2021 National Championship,MA,Warren Elliott,Jake Namer,-3.162,-30.434,562.229,592.663
2021-10-15,2021 National Championship,MA,Warren Elliott,Jeremie Snyder,-4.400,-42.800,562.229,605.029
2021-10-15,2021 National Championship,MA,Warren Elliott,Mason Nickel,-6.184,-61.091,562.229,623.320
2021-10-15,2021 National Championship,MA,Warren Elliott,Todd Briley,-15.717,-169.472,562.229,731.701
2024-10-18,2024 National Championships,MA,Warren Elliott,Mark Macoubrie,0.030,0.347,689.345,688.998
2024-10-18,2024 National Championships,MA,Warren Elliott,Benjamin Howe,-1.303,-15.133,689.345,704.478
2024-10-18,2024 National Championships,MA,Warren Elliott,Michael Detota,-1.444,-16.789,689.345,706.134
2024-10-18,2024 National Championships,MA,Warren Elliott,Aaron Booms,-1.645,-19.166,689.345,708.511
2024-10-18,2024 National Championships,MA,Warren Elliott,Alan Rodriguez,-1.885,-22.007,689.345,711.352
2024-10-18,2024 National Championships,MA,Warren Elliott,Chris Delaney,-2.557,-30.019,689.345,719.364
2024-10-18,2024 National Championships,MA,Warren Elliott,James Woodward,-3.379,-39.949,689.345,729.294
2021-10-15,2021 National Championship,MA,W. Orion Fairman,Jess Moeding,1.890,17.578,566.931,549.353
2021-10-15,2021 National Championship,MA,W. Orion Fairman,Austin Dowda,1.305,12.195,566.931,554.736
2021-10-15,2021 National Championship,MA,W. Orion Fairman,Jeff Denmeade,1.694,15.781,566.931,551.150
2021-10-15,2021 National Championship,MA,W. Orion Fairman,Todd Kean,1.216,11.374,566.931,555.557
2021-10-15,2021 National Championship,MA,W. Orion Fairman,Warren Elliott,0.500,4.702,566.931,562.229
2021-10-15,2021 National Championship,MA,W. Orion Fairman,Dan Shirley,-0.552,-5.243,566.931,572.174
2021-10-15,2021 National Championship,MA,W. Orion Fairman,William Petrow,-0.765,-7.279,566.931,574.210
2021-10-15,2021 National Championship,MA,W. Orion Fairman,Scott Banes,1.283,11.995,566.931,554.936
2021-10-15,2021 National Championship,MA,W. Orion Fairman,Michael Julian,0.507,4.767,566.931,562.164
2021-10-15,2021 National Championship,MA,W. Orion Fairman,Chris Endres,0.289,2.723,566.931,564.208
2021-10-15,2021 National Championship,MA,W. Orion Fairman,Mike Detota,-0.482,-4.575,566.931,571.506
2021-10-15,2021 National Championship,MA,W. Orion Fairman,Andrew Williamson,-0.656,-6.233,566.931,573.164
2021-10-15,2021 National Championship,MA,W. Orion Fairman,Mason Verbridge,-1.941,-18.642,566.931,585.573
2021-10-15,2021 National Championship,MA,W. Orion Fairman,Benjamin Howe,-2.071,-19.912,566.931,586.843
2021-10-15,2021 National Championship,MA,W. Orion Fairman,Kevin McGowan,-2.247,-21.636,566.931,588.567
2021-10-15,2021 National Championship,MA,W. Orion Fairman,Nick DeYoung,-2.573,-24.848,566.931,591.779
2021-10-15,2021 National Championship,MA,W. Orion Fairman,Kent Hamilton,-2.686,-25.957,566.931,592.888
2021-10-15,2021 National Championship,MA,W. Orion Fairman,Andrew Hamilton,-5.141,-50.746,566.931,617.677
2021-10-15,2021 National Championship,MA,W. Orion Fairman,Jonathan Olschewski,-6.571,-65.680,566.931,632.611
2021-10-15,2021 National Championship,MA,W. Orion Fairman,Ben Kirchner,-2.219,-21.365,566.931,588.296
2021-10-15,2021 National Championship,MA,W. Orion Fairman,Logan Siegel,-2.482,-23.952,566.931,590.883
2021-10-15,2021 National Championship,MA,W. Orion Fairman,Jake Namer,-2.663,-25.732,566.931,592.663
2021-10-15,2021 National Championship,MA,W. Orion Fairman,Jeremie Snyder,-3.901,-38.098,566.931,605.029
2021-10-15,2021 National Championship,MA,W. Orion Fairman,Mason Nickel,-5.685,-56.389,566.931,623.320
2021-10-15,2021 National Championship,MA,W. Orion Fairman,Todd Briley,-15.226,-164.770,566.931,731.701
2021-10-15,2021 National Championship,MA,Dan Shirley,Jess Moeding,2.442,22.821,572.174,549.353
2021-10-15,2021 National Championship,MA,Dan Shirley,Austin Dowda,1.857,17.438,572.174,554.736
2021-10-15,2021 National Championship,MA,Dan Shirley,Jeff Denmeade,2.246,21.024,572.174,551.150
2021-10-15,2021 National Championship,MA,Dan Shirley,Todd Kean,1.768,16.617,572.174,555.557
2021-10-15,2021 National Championship,MA,Dan Shirley,Warren Elliott,1.052,9.945,572.174,562.229
2021-10-15,2021 National Championship,MA,Dan Shirley,W. Orion Fairman,0.552,5.243,572.174,566.931
2021-10-15,2021 National Championship,MA,Dan Shirley,William Petrow,-0.213,-2.036,572.174,574.210
2021-10-15,2021 National Championship,MA,Dan Shirley,Scott Banes,1.835,17.238,572.174,554.936
2021-10-15,2021 National Championship,MA,Dan Shirley,Michael Julian,1.059,10.010,572.174,562.164
2021-10-15,2021 National Championship,MA,Dan Shirley,Chris Endres,0.841,7.966,572.174,564.208
2021-10-15,2021 National Championship,MA,Dan Shirley,Mike Detota,0.070,0.668,572.174,571.506
2021-10-15,2021 National Championship,MA,Dan Shirley,Andrew Williamson,-0.104,-0.990,572.174,573.164
2021-10-15,2021 National Championship,MA,Dan Shirley,Mason Verbridge,-1.389,-13.399,572.174,585.573
2021-10-15,2021 National Championship,MA,Dan Shirley,Benjamin Howe,-1.519,-14.669,572.174,586.843
2021-10-15,2021 National Championship,MA,Dan Shirley,Kevin McGowan,-1.695,-16.393,572.174,588.567
2021-10-15,2021 National Championship,MA,Dan Shirley,Nick DeYoung,-2.021,-19.605,572.174,591.779
2021-10-15,2021 National Championship,MA,Dan Shirley,Kent Hamilton,-2.134,-20.714,572.174,592.888
2021-10-15,2021 National Championship,MA,Dan Shirley,Andrew Hamilton,-4.589,-45.503,572.174,617.677
2021-10-15,2021 National Championship,MA,Dan Shirley,Jonathan Olschewski,-6.020,-60.437,572.174,632.611
2021-10-15,2021 National Championship,MA,Dan Shirley,Ben Kirchner,-1.667,-16.122,572.174,588.296
2021-10-15,2021 National Championship,MA,Dan Shirley,Logan Siegel,-1.930,-18.709,572.174,590.883
2021-10-15,2021 National Championship,MA,Dan Shirley,Jake Namer,-2.111,-20.489,572.174,592.663
2021-10-15,2021 National Championship,MA,Dan Shirley,Jeremie Snyder,-3.349,-32.855,572.174,605.029
2021-10-15,2021 National Championship,MA,Dan Shirley,Mason Nickel,-5.134,-51.146,572.174,623.320
2021-10-15,2021 National Championship,MA,Dan Shirley,Todd Briley,-14.682,-159.527,572.174,731.701
2021-10-15,2021 National Championship,MA,William Petrow,Jess Moeding,2.655,24.857,574.210,549.353
2021-10-15,2021 National Championship,MA,William Petrow,Austin Dowda,2.070,19.474,574.210,554.736
2021-10-15,2021 National Championship,MA,William Petrow,Jeff Denmeade,2.459,23.060,574.210,551.150
2021-10-15,2021 National Championship,MA,William Petrow,Todd Kean,1.981,18.653,574.210,555.557
2021-10-15,2021 National Championship,MA,William Petrow,Warren Elliott,1.265,11.981,574.210,562.229
2021-10-15,2021 National Championship,MA,William Petrow,W. Orion Fairman,0.765,7.279,574.210,566.931
2021-10-15,2021 National Championship,MA,William Petrow,Dan Shirley,0.213,2.036,574.210,572.174
2021-10-15,2021 National Championship,MA,William Petrow,Scott Banes,2.048,19.274,574.210,554.936
2021-10-15,2021 National Championship,MA,William Petrow,Michael Julian,1.272,12.046,574.210,562.164
2021-10-15,2021 National Championship,MA,William Petrow,Chris Endres,1.054,10.002,574.210,564.208
2021-10-15,2021 National Championship,MA,William Petrow,Mike Detota,0.283,2.704,574.210,571.506
2021-10-15,2021 National Championship,MA,William Petrow,Andrew Williamson,0.109,1.046,574.210,573.164
2021-10-15,2021 National Championship,MA,William Petrow,Mason Verbridge,-1.176,-11.363,574.210,585.573
2021-10-15,2021 National Championship,MA,William Petrow,Benjamin Howe,-1.306,-12.633,574.210,586.843
2021-10-15,2021 National Championship,MA,William Petrow,Kevin McGowan,-1.482,-14.357,574.210,588.567
2021-10-15,2021 National Championship,MA,William Petrow,Nick DeYoung,-1.808,-17.569,574.210,591.779
2021-10-15,2021 National Championship,MA,William Petrow,Kent Hamilton,-1.920,-18.678,574.210,592.888
2021-10-15,2021 National Championship,MA,William Petrow,Andrew Hamilton,-4.376,-43.467,574.210,617.677
2021-10-15,2021 National Championship,MA,William Petrow,Jonathan Olschewski,-5.807,-58.401,574.210,632.611
2021-10-15,2021 National Championship,MA,William Petrow,Ben Kirchner,-1.454,-14.086,574.210,588.296
2021-10-15,2021 National Championship,MA,William Petrow,Logan Siegel,-1.717,-16.673,574.210,590.883
2021-10-15,2021 National Championship,MA,William Petrow,Jake Namer,-1.898,-18.453,574.210,592.663
2021-10-15,2021 National Championship,MA,William Petrow,Jeremie Snyder,-3.136,-30.819,574.210,605.029
2021-10-15,2021 National Championship,MA,William Petrow,Mason Nickel,-4.921,-49.110,574.210,623.320
2021-10-15,2021 National Championship,MA,William Petrow,Todd Briley,-14.472,-157.491,574.210,731.701
2021-10-15,2021 National Championship,MA,Scott Banes,Jess Moeding,0.607,5.583,554.936,549.353
2021-10-15,2021 National Championship,MA,Scott Banes,Austin Dowda,0.022,0.200,554.936,554.736
2021-10-15,2021 National Championship,MA,Scott Banes,Jeff Denmeade,0.411,3.786,554.936,551.150
2021-10-15,2021 National Championship,MA,Scott Banes,Todd Kean,-0.067,-0.621,554.936,555.557
2021-10-15,2021 National Championship,MA,Scott Banes,Warren Elliott,-0.783,-7.293,554.936,562.229
2021-10-15,2021 National Championship,MA,Scott Banes,W. Orion Fairman,-1.283,-11.995,554.936,566.931
2021-10-15,2021 National Championship,MA,Scott Banes,Dan Shirley,-1.835,-17.238,554.936,572.174
2021-10-15,2021 National Championship,MA,Scott Banes,William Petrow,-2.048,-19.274,554.936,574.210
2021-10-15,2021 National Championship,MA,Scott Banes,Michael Julian,-0.776,-7.228,554.936,562.164
2021-10-15,2021 National Championship,MA,Scott Banes,Chris Endres,-0.994,-9.272,554.936,564.208
2021-10-15,2021 National Championship,MA,Scott Banes,Mike Detota,-1.765,-16.570,554.936,571.506
2021-10-15,2021 National Championship,MA,Scott Banes,Andrew Williamson,-1.939,-18.228,554.936,573.164
2021-10-15,2021 National Championship,MA,Scott Banes,Mason Verbridge,-3.224,-30.637,554.936,585.573
2021-10-15,2021 National Championship,MA,Scott Banes,Benjamin Howe,-3.353,-31.907,554.936,586.843
2021-10-15,2021 National Championship,MA,Scott Banes,Kevin McGowan,-3.529,-33.631,554.936,588.567
2021-10-15,2021 National Championship,MA,Scott Banes,Nick DeYoung,-3.856,-36.843,554.936,591.779
2021-10-15,2021 National Championship,MA,Scott Banes,Kent Hamilton,-3.968,-37.952,554.936,592.888
2021-10-15,2021 National Championship,MA,Scott Banes,Andrew Hamilton,-6.421,-62.741,554.936,617.677
2021-10-15,2021 National Championship,MA,Scott Banes,Jonathan Olschewski,-7.849,-77.675,554.936,632.611
2021-10-15,2021 National Championship,MA,Scott Banes,Ben Kirchner,-3.502,-33.360,554.936,588.296
2021-10-15,2021 National Championship,MA,Scott Banes,Logan Siegel,-3.765,-35.947,554.936,590.883
2021-10-15,2021 National Championship,MA,Scott Banes,Jake Namer,-3.945,-37.727,554.936,592.663
2021-10-15,2021 National Championship,MA,Scott Banes,Jeremie Snyder,-5.182,-50.093,554.936,605.029
2021-10-15,2021 National Championship,MA,Scott Banes,Mason Nickel,-6.965,-68.384,554.936,623.320
2021-10-15,2021 National Championship,MA,Scott Banes,Todd Briley,-16.486,-176.765,554.936,731.701
2021-10-15,2021 National Championship,MA,Michael Julian,Jess Moeding,1.383,12.811,562.164,549.353
2021-10-15,2021 National Championship,MA,Michael Julian,Austin Dowda,0.798,7.428,562.164,554.736
2021-10-15,2021 National Championship,MA,Michael Julian,Jeff Denmeade,1.187,11.014,562.164,551.150
2021-10-15,2021 National Championship,MA,Michael Julian,Todd Kean,0.709,6.607,562.164,555.557
2021-10-15,2021 National Championship,MA,Michael Julian,Warren Elliott,-0.007,-0.065,562.164,562.229
2021-10-15,2021 National Championship,MA,Michael Julian,W. Orion Fairman,-0.507,-4.767,562.164,566.931
2021-10-15,2021 National Championship,MA,Michael Julian,Dan Shirley,-1.059,-10.010,562.164,572.174
2021-10-15,2021 National Championship,MA,Michael Julian,William Petrow,-1.272,-12.046,562.164,574.210
2021-10-15,2021 National Championship,MA,Michael Julian,Scott Banes,0.776,7.228,562.164,554.936
2021-10-15,2021 National Championship,MA,Michael Julian,Chris Endres,-0.218,-2.044,562.164,564.208
2021-10-15,2021 National Championship,MA,Michael Julian,Mike Detota,-0.989,-9.342,562.164,571.506
2021-10-15,2021 National Championship,MA,Michael Julian,Andrew Williamson,-1.163,-11.000,562.164,573.164
2021-10-15,2021 National Championship,MA,Michael Julian,Mason Verbridge,-2.447,-23.409,562.164,585.573
2021-10-15,2021 National Championship,MA,Michael Julian,Benjamin Howe,-2.577,-24.679,562.164,586.843
2021-10-15,2021 National Championship,MA,Michael Julian,Kevin McGowan,-2.753,-26.403,562.164,588.567
2021-10-15,2021 National Championship,MA,Michael Julian,Nick DeYoung,-3.080,-29.615,562.164,591.779
2021-10-15,2021 National Championship,MA,Michael Julian,Kent Hamilton,-3.192,-30.724,562.164,592.888
2021-10-15,2021 National Championship,MA,Michael Julian,Andrew Hamilton,-5.646,-55.513,562.164,617.677
2021-10-15,2021 National Championship,MA,Michael Julian,Jonathan Olschewski,-7.076,-70.447,562.164,632.611
2021-10-15,2021 National Championship,MA,Michael Julian,Ben Kirchner,-2.726,-26.132,562.164,588.296
2021-10-15,2021 National Championship,MA,Michael Julian,Logan Siegel,-2.989,-28.719,562.164,590.883
2021-10-15,2021 National Championship,MA,Michael Julian,Jake Namer,-3.169,-30.499,562.164,592.663
2021-10-15,2021 National Championship,MA,Michael Julian,Jeremie Snyder,-4.407,-42.865,562.164,605.029
2021-10-15,2021 National Championship,MA,Michael Julian,Mason Nickel,-6.190,-61.156,562.164,623.320
2021-10-15,2021 National Championship,MA,Michael Julian,Todd Briley,-15.724,-169.537,562.164,731.701
2024-08-31,2024 Great Lakes Divisional,MA,Michael Julian,Connor Ryan,-0.619,-5.915,570.302,576.217
2024-08-31,2024 Great Lakes Divisional,MA,Michael Julian,Tami Tackett,-6.068,-60.745,570.302,631.047
2021-10-15,2021 National Championship,MA,Chris Endres,Jess Moeding,1.601,14.855,564.208,549.353
2021-10-15,2021 National Championship,MA,Chris Endres,Austin Dowda,1.016,9.472,564.208,554.736
2021-10-15,2021 National Championship,MA,Chris Endres,Jeff Denmeade,1.405,13.058,564.208,551.150
2021-10-15,2021 National Championship,MA,Chris Endres,Todd Kean,0.927,8.651,564.208,555.557
2021-10-15,2021 National Championship,MA,Chris Endres,Warren Elliott,0.211,1.979,564.208,562.229
2021-10-15,2021 National Championship,MA,Chris Endres,W. Orion Fairman,-0.289,-2.723,564.208,566.931
2021-10-15,2021 National Championship,MA,Chris Endres,Dan Shirley,-0.841,-7.966,564.208,572.174
2021-10-15,2021 National Championship,MA,Chris Endres,William Petrow,-1.054,-10.002,564.208,574.210
2021-10-15,2021 National Championship,MA,Chris Endres,Scott Banes,0.994,9.272,564.208,554.936
2021-10-15,2021 National Championship,MA,Chris Endres,Michael Julian,0.218,2.044,564.208,562.164
2021-10-15,2021 National Championship,MA,Chris Endres,Mike Detota,-0.771,-7.298,564.208,571.506
2021-10-15,2021 National Championship,MA,Chris Endres,Andrew Williamson,-0.945,-8.956,564.208,573.164
2021-10-15,2021 National Championship,MA,Chris Endres,Mason Verbridge,-2.230,-21.365,564.208,585.573
2021-10-15,2021 National Championship,MA,Chris Endres,Benjamin Howe,-2.360,-22.635,564.208,586.843
2021-10-15,2021 National Championship,MA,Chris Endres,Kevin McGowan,-2.536,-24.359,564.208,588.567
2021-10-15,2021 National Championship,MA,Chris Endres,Nick DeYoung,-2.862,-27.571,564.208,591.779
2021-10-15,2021 National Championship,MA,Chris Endres,Kent Hamilton,-2.974,-28.680,564.208,592.888
2021-10-15,2021 National Championship,MA,Chris Endres,Andrew Hamilton,-5.429,-53.469,564.208,617.677
2021-10-15,2021 National Championship,MA,Chris Endres,Jonathan Olschewski,-6.858,-68.403,564.208,632.611
2021-10-15,2021 National Championship,MA,Chris Endres,Ben Kirchner,-2.508,-24.088,564.208,588.296
2021-10-15,2021 National Championship,MA,Chris Endres,Logan Siegel,-2.771,-26.675,564.208,590.883
2021-10-15,2021 National Championship,MA,Chris Endres,Jake Namer,-2.952,-28.455,564.208,592.663
2021-10-15,2021 National Championship,MA,Chris Endres,Jeremie Snyder,-4.190,-40.821,564.208,605.029
2021-10-15,2021 National Championship,MA,Chris Endres,Mason Nickel,-5.973,-59.112,564.208,623.320
2021-10-15,2021 National Championship,MA,Chris Endres,Todd Briley,-15.510,-167.493,564.208,731.701
2022-09-23,2022 National Championships,MA,Chris Endres,Austin Dowda,2.109,16.642,481.860,465.218
2022-09-23,2022 National Championships,MA,Chris Endres,Kent Hamilton,0.744,5.940,481.860,475.920
2022-09-23,2022 National Championships,MA,Chris Endres,Jonathan Olschewski,0.691,5.515,481.860,476.345
2022-09-23,2022 National Championships,MA,Chris Endres,Dan Quiet,0.508,4.063,481.860,477.797
2022-09-23,2022 National Championships,MA,Chris Endres,Jess Moeding,0.496,3.963,481.860,477.897
2022-09-23,2022 National Championships,MA,Chris Endres,Mark Macoubrie,0.283,2.271,481.860,479.589
2022-09-23,2022 National Championships,MA,Chris Endres,Todd Briley,0.270,2.164,481.860,479.696
2022-09-23,2022 National Championships,MA,Chris Endres,Eric Genack,0.117,0.940,481.860,480.920
2022-09-23,2022 National Championships,MA,Chris Endres,Michael Miller,-0.261,-2.098,481.860,483.958
2022-09-23,2022 National Championships,MA,Chris Endres,Joe Lavelle,-0.290,-2.335,481.860,484.195
2022-09-23,2022 National Championships,MA,Chris Endres,Danial Ebling,-1.533,-12.467,481.860,494.327
2022-09-23,2022 National Championships,MA,Chris Endres,Harold Denham,-1.557,-12.666,481.860,494.526
2022-09-23,2022 National Championships,MA,Chris Endres,Diego De Castro,-1.642,-13.372,481.860,495.232
2022-09-23,2022 National Championships,MA,Chris Endres,Jonathon Nagel,-1.969,-16.080,481.860,497.940
2022-09-23,2022 National Championships,MA,Chris Endres,Joshua Campfield,-1.994,-16.282,481.860,498.142
2022-09-23,2022 National Championships,MA,Chris Endres,Valerie Briley,-2.103,-17.194,481.860,499.054
2022-09-23,2022 National Championships,MA,Chris Endres,Leonard Kirk,-2.271,-18.590,481.860,500.450
2022-09-23,2022 National Championships,MA,Chris Endres,Drew Little,-2.361,-19.344,481.860,501.204
2022-09-23,2022 National Championships,MA,Chris Endres,Angelica Miller,-2.478,-20.321,481.860,502.181
2022-09-23,2022 National Championships,MA,Chris Endres,Glenn Farrant,-3.699,-30.648,481.860,512.508
2022-09-23,2022 National Championships,MA,Chris Endres,Dillon Nafziger,-3.981,-33.072,481.860,514.932
2022-09-23,2022 National Championships,MA,Chris Endres,Alicia Quiet,-4.134,-34.389,481.860,516.249
2022-09-23,2022 National Championships,MA,Chris Endres,Elizabeth Austin,-4.318,-35.968,481.860,517.828
2022-09-23,2022 National Championships,MA,Chris Endres,Benjamin Howe,-4.601,-38.421,481.860,520.281
2022-09-23,2022 National Championships,MA,Chris Endres,Bob Martin,-4.632,-38.691,481.860,520.551
2023-10-06,2023 National Championship,MA,Chris Endres,Todd Briley,-1.118,-10.917,580.235,591.152
2023-10-06,2023 National Championship,MA,Chris Endres,Mark Macoubrie,-1.365,-13.352,580.235,593.587
2023-10-06,2023 National Championship,MA,Chris Endres,Danial Ebling,-2.633,-26.029,580.235,606.264
2023-10-06,2023 National Championship,MA,Chris Endres,Niles Davis,-2.689,-26.598,580.235,606.833
2023-10-06,2023 National Championship,MA,Chris Endres,Shane Blankenship,-2.754,-27.262,580.235,607.497
2023-10-06,2023 National Championship,MA,Chris Endres,Benjamin Howe,-3.607,-35.965,580.235,616.200
2023-10-06,2023 National Championship,MA,Chris Endres,Alex Reinkordt,-3.910,-39.089,580.235,619.324
2023-10-06,2023 National Championship,MA,Chris Endres,Kevin Schatz,-4.153,-41.601,580.235,621.836
2023-10-06,2023 National Championship,MA,Chris Endres,Valerie Briley,-4.837,-48.744,580.235,628.979
2023-10-06,2023 National Championship,MA,Chris Endres,Joshua Campfield,-5.646,-57.301,580.235,637.536
2023-10-06,2023 National Championship,MA,Chris Endres,Nefty Bloom,-6.390,-65.267,580.235,645.502
2023-10-06,2023 National Championship,MA,Chris Endres,Ryan Plourde,-6.901,-70.812,580.235,651.047
2023-10-06,2023 National Championship,MA,Chris Endres,Joshua Mefford,-7.365,-75.884,580.235,656.119
2023-10-06,2023 National Championship,MA,Chris Endres,Jess Moeding,-8.722,-90.959,580.235,671.194
2023-10-06,2023 National Championship,MA,Chris Endres,Austin Dowda,-9.291,-97.394,580.235,677.629
2023-10-06,2023 National Championship,MA,Chris Endres,Kent Hamilton,-10.421,-110.363,580.235,690.598
2023-10-06,2023 National Championship,MA,Chris Endres,Blake McIntyre,-11.726,-125.684,580.235,705.919
2023-10-06,2023 National Championship,MA,Chris Endres,Chris Delaney,-11.796,-126.506,580.235,706.741
2023-10-06,2023 National Championship,MA,Chris Endres,Jonathan Olschewski,-12.119,-130.364,580.235,710.599
2023-10-06,2023 National Championship,MA,Chris Endres,James Woodward,-13.155,-142.878,580.235,723.113
2021-10-15,2021 National Championship,MA,Mike Detota,Jess Moeding,2.372,22.153,571.506,549.353
2021-10-15,2021 National Championship,MA,Mike Detota,Austin Dowda,1.787,16.770,571.506,554.736
2021-10-15,2021 National Championship,MA,Mike Detota,Jeff Denmeade,2.176,20.356,571.506,551.150
2021-10-15,2021 National Championship,MA,Mike Detota,Todd Kean,1.698,15.949,571.506,555.557
2021-10-15,2021 National Championship,MA,Mike Detota,Warren Elliott,0.982,9.277,571.506,562.229
2021-10-15,2021 National Championship,MA,Mike Detota,W. Orion Fairman,0.482,4.575,571.506,566.931
2021-10-15,2021 National Championship,MA,Mike Detota,Dan Shirley,-0.070,-0.668,571.506,572.174
2021-10-15,2021 National Championship,MA,Mike Detota,William Petrow,-0.283,-2.704,571.506,574.210
2021-10-15,2021 National Championship,MA,Mike Detota,Scott Banes,1.765,16.570,571.506,554.936
2021-10-15,2021 National Championship,MA,Mike Detota,Michael Julian,0.989,9.342,571.506,562.164
2021-10-15,2021 National Championship,MA,Mike Detota,Chris Endres,0.771,7.298,571.506,564.208
2021-10-15,2021 National Championship,MA,Mike Detota,Andrew Williamson,-0.174,-1.658,571.506,573.164
2021-10-15,2021 National Championship,MA,Mike Detota,Mason Verbridge,-1.459,-14.067,571.506,585.573
2021-10-15,2021 National Championship,MA,Mike Detota,Benjamin Howe,-1.589,-15.337,571.506,586.843
2021-10-15,2021 National Championship,MA,Mike Detota,Kevin McGowan,-1.765,-17.061,571.506,588.567
2021-10-15,2021 National Championship,MA,Mike Detota,Nick DeYoung,-2.091,-20.273,571.506,591.779
2021-10-15,2021 National Championship,MA,Mike Detota,Kent Hamilton,-2.204,-21.382,571.506,592.888
2021-10-15,2021 National Championship,MA,Mike Detota,Andrew Hamilton,-4.659,-46.171,571.506,617.677
2021-10-15,2021 National Championship,MA,Mike Detota,Jonathan Olschewski,-6.090,-61.105,571.506,632.611
2021-10-15,2021 National Championship,MA,Mike Detota,Ben Kirchner,-1.737,-16.790,571.506,588.296
2021-10-15,2021 National Championship,MA,Mike Detota,Logan Siegel,-2.000,-19.377,571.506,590.883
2021-10-15,2021 National Championship,MA,Mike Detota,Jake Namer,-2.181,-21.157,571.506,592.663
2021-10-15,2021 National Championship,MA,Mike Detota,Jeremie Snyder,-3.419,-33.523,571.506,605.029
2021-10-15,2021 National Championship,MA,Mike Detota,Mason Nickel,-5.204,-51.814,571.506,623.320
2021-10-15,2021 National Championship,MA,Mike Detota,Todd Briley,-14.751,-160.195,571.506,731.701
2021-10-15,2021 National Championship,MA,Andrew Williamson,Jess Moeding,2.545,23.811,573.164,549.353
2021-10-15,2021 National Championship,MA,Andrew Williamson,Austin Dowda,1.961,18.428,573.164,554.736
2021-10-15,2021 National Championship,MA,Andrew Williamson,Jeff Denmeade,2.350,22.014,573.164,551.150
2021-10-15,2021 National Championship,MA,Andrew Williamson,Todd Kean,1.872,17.607,573.164,555.557
2021-10-15,2021 National Championship,MA,Andrew Williamson,Warren Elliott,1.156,10.935,573.164,562.229
2021-10-15,2021 National Championship,MA,Andrew Williamson,W. Orion Fairman,0.656,6.233,573.164,566.931
2021-10-15,2021 National Championship,MA,Andrew Williamson,Dan Shirley,0.104,0.990,573.164,572.174
2021-10-15,2021 National Championship,MA,Andrew Williamson,William Petrow,-0.109,-1.046,573.164,574.210
2021-10-15,2021 National Championship,MA,Andrew Williamson,Scott Banes,1.939,18.228,573.164,554.936
2021-10-15,2021 National Championship,MA,Andrew Williamson,Michael Julian,1.163,11.000,573.164,562.164
2021-10-15,2021 National Championship,MA,Andrew Williamson,Chris Endres,0.945,8.956,573.164,564.208
2021-10-15,2021 National Championship,MA,Andrew Williamson,Mike Detota,0.174,1.658,573.164,571.506
2021-10-15,2021 National Championship,MA,Andrew Williamson,Mason Verbridge,-1.285,-12.409,573.164,585.573
2021-10-15,2021 National Championship,MA,Andrew Williamson,Benjamin Howe,-1.415,-13.679,573.164,586.843
2021-10-15,2021 National Championship,MA,Andrew Williamson,Kevin McGowan,-1.591,-15.403,573.164,588.567
2021-10-15,2021 National Championship,MA,Andrew Williamson,Nick DeYoung,-1.918,-18.615,573.164,591.779
2021-10-15,2021 National Championship,MA,Andrew Williamson,Kent Hamilton,-2.030,-19.724,573.164,592.888
2021-10-15,2021 National Championship,MA,Andrew Williamson,Andrew Hamilton,-4.486,-44.513,573.164,617.677
2021-10-15,2021 National Championship,MA,Andrew Williamson,Jonathan Olschewski,-5.916,-59.447,573.164,632.611
2021-10-15,2021 National Championship,MA,Andrew Williamson,Ben Kirchner,-1.563,-15.132,573.164,588.296
2021-10-15,2021 National Championship,MA,Andrew Williamson,Logan Siegel,-1.827,-17.719,573.164,590.883
2021-10-15,2021 National Championship,MA,Andrew Williamson,Jake Namer,-2.007,-19.499,573.164,592.663
2021-10-15,2021 National Championship,MA,Andrew Williamson,Jeremie Snyder,-3.245,-31.865,573.164,605.029
2021-10-15,2021 National Championship,MA,Andrew Williamson,Mason Nickel,-5.030,-50.156,573.164,623.320
2021-10-15,2021 National Championship,MA,Andrew Williamson,Todd Briley,-14.580,-158.537,573.164,731.701
2021-10-15,2021 National Championship,MA,Mason Verbridge,Jess Moeding,3.830,36.220,585.573,549.353
2021-10-15,2021 National Championship,MA,Mason Verbridge,Austin Dowda,3.245,30.837,585.573,554.736
2021-10-15,2021 National Championship,MA,Mason Verbridge,Jeff Denmeade,3.634,34.423,585.573,551.150
2021-10-15,2021 National Championship,MA,Mason Verbridge,Todd Kean,3.156,30.016,585.573,555.557
2021-10-15,2021 National Championship,MA,Mason Verbridge,Warren Elliott,2.441,23.344,585.573,562.229
2021-10-15,2021 National Championship,MA,Mason Verbridge,W. Orion Fairman,1.941,18.642,585.573,566.931
2021-10-15,2021 National Championship,MA,Mason Verbridge,Dan Shirley,1.389,13.399,585.573,572.174
2021-10-15,2021 National Championship,MA,Mason Verbridge,William Petrow,1.176,11.363,585.573,574.210
2021-10-15,2021 National Championship,MA,Mason Verbridge,Scott Banes,3.224,30.637,585.573,554.936
2021-10-15,2021 National Championship,MA,Mason Verbridge,Michael Julian,2.447,23.409,585.573,562.164
2021-10-15,2021 National Championship,MA,Mason Verbridge,Chris Endres,2.230,21.365,585.573,564.208
2021-10-15,2021 National Championship,MA,Mason Verbridge,Mike Detota,1.459,14.067,585.573,571.506
2021-10-15,2021 National Championship,MA,Mason Verbridge,Andrew Williamson,1.285,12.409,585.573,573.164
2021-10-15,2021 National Championship,MA,Mason Verbridge,Benjamin Howe,-0.130,-1.270,585.573,586.843
2021-10-15,2021 National Championship,MA,Mason Verbridge,Kevin McGowan,-0.306,-2.994,585.573,588.567
2021-10-15,2021 National Championship,MA,Mason Verbridge,Nick DeYoung,-0.633,-6.206,585.573,591.779
2021-10-15,2021 National Championship,MA,Mason Verbridge,Kent Hamilton,-0.745,-7.315,585.573,592.888
2021-10-15,2021 National Championship,MA,Mason Verbridge,Andrew Hamilton,-3.202,-32.104,585.573,617.677
2021-10-15,2021 National Championship,MA,Mason Verbridge,Jonathan Olschewski,-4.634,-47.038,585.573,632.611
2021-10-15,2021 National Championship,MA,Mason Verbridge,Ben Kirchner,-0.278,-2.723,585.573,588.296
2021-10-15,2021 National Championship,MA,Mason Verbridge,Logan Siegel,-0.542,-5.310,585.573,590.883
2021-10-15,2021 National Championship,MA,Mason Verbridge,Jake Namer,-0.722,-7.090,585.573,592.663
2021-10-15,2021 National Championship,MA,Mason Verbridge,Jeremie Snyder,-1.961,-19.456,585.573,605.029
2021-10-15,2021 National Championship,MA,Mason Verbridge,Mason Nickel,-3.747,-37.747,585.573,623.320
2021-10-15,2021 National Championship,MA,Mason Verbridge,Todd Briley,-13.312,-146.128,585.573,731.701
2021-10-15,2021 National Championship,MA,Benjamin Howe,Jess Moeding,3.960,37.490,586.843,549.353
2021-10-15,2021 National Championship,MA,Benjamin Howe,Austin Dowda,3.375,32.107,586.843,554.736
2021-10-15,2021 National Championship,MA,Benjamin Howe,Jeff Denmeade,3.764,35.693,586.843,551.150
2021-10-15,2021 National Championship,MA,Benjamin Howe,Todd Kean,3.286,31.286,586.843,555.557
2021-10-15,2021 National Championship,MA,Benjamin Howe,Warren Elliott,2.570,24.614,586.843,562.229
2021-10-15,2021 National Championship,MA,Benjamin Howe,W. Orion Fairman,2.071,19.912,586.843,566.931
2021-10-15,2021 National Championship,MA,Benjamin Howe,Dan Shirley,1.519,14.669,586.843,572.174
2021-10-15,2021 National Championship,MA,Benjamin Howe,William Petrow,1.306,12.633,586.843,574.210
2021-10-15,2021 National Championship,MA,Benjamin Howe,Scott Banes,3.353,31.907,586.843,554.936
2021-10-15,2021 National Championship,MA,Benjamin Howe,Michael Julian,2.577,24.679,586.843,562.164
2021-10-15,2021 National Championship,MA,Benjamin Howe,Chris Endres,2.360,22.635,586.843,564.208
2021-10-15,2021 National Championship,MA,Benjamin Howe,Mike Detota,1.589,15.337,586.843,571.506
2021-10-15,2021 National Championship,MA,Benjamin Howe,Andrew Williamson,1.415,13.679,586.843,573.164
2021-10-15,2021 National Championship,MA,Benjamin Howe,Mason Verbridge,0.130,1.270,586.843,585.573
2021-10-15,2021 National Championship,MA,Benjamin Howe,Kevin McGowan,-0.176,-1.724,586.843,588.567
2021-10-15,2021 National Championship,MA,Benjamin Howe,Nick DeYoung,-0.503,-4.936,586.843,591.779
2021-10-15,2021 National Championship,MA,Benjamin Howe,Kent Hamilton,-0.615,-6.045,586.843,592.888
2021-10-15,2021 National Championship,MA,Benjamin Howe,Andrew Hamilton,-3.072,-30.834,586.843,617.677
2021-10-15,2021 National Championship,MA,Benjamin Howe,Jonathan Olschewski,-4.504,-45.768,586.843,632.611
2021-10-15,2021 National Championship,MA,Benjamin Howe,Ben Kirchner,-0.148,-1.453,586.843,588.296
2021-10-15,2021 National Championship,MA,Benjamin Howe,Logan Siegel,-0.412,-4.040,586.843,590.883
2021-10-15,2021 National Championship,MA,Benjamin Howe,Jake Namer,-0.592,-5.820,586.843,592.663
2021-10-15,2021 National Championship,MA,Benjamin Howe,Jeremie Snyder,-1.831,-18.186,586.843,605.029
2021-10-15,2021 National Championship,MA,Benjamin Howe,Mason Nickel,-3.617,-36.477,586.843,623.320
2021-10-15,2021 National Championship,MA,Benjamin Howe,Todd Briley,-13.183,-144.858,586.843,731.701
2024-08-10,2024 Sediv Divisional,MA,Benjamin Howe,Maddux Mullinax,-2.513,-25.326,592.130,617.456
2024-08-10,2024 Sediv Divisional,MA,Benjamin Howe,John Joyce,-2.620,-26.437,592.130,618.567
2024-08-10,2024 Sediv Divisional,MA,Benjamin Howe,Ceili McClarney,-5.065,-52.186,592.130,644.316
2024-08-10,2024 Sediv Divisional,MA,Benjamin Howe,Kyle Benedict,-10.475,-113.266,592.130,705.396
2025-11-08,2025 Central Divisional,MA,Benjamin Howe,Eric Less,5.509,88.748,1010.918,922.170
2025-11-08,2025 Central Divisional,MA,Benjamin Howe,Aaron Booms,3.177,52.146,1010.918,958.772
2025-11-08,2025 Central Divisional,MA,Benjamin Howe,Jay Kurth,2.948,48.486,1010.918,962.432
2025-11-08,2025 Central Divisional,MA,Benjamin Howe,Jamison Whisenhunt,-0.512,-8.669,1010.918,1019.587
2025-11-08,2025 Central Divisional,MA,Benjamin Howe,Adam Deschane,-7.962,-143.685,1010.918,1154.603
2025-11-08,2025 Central Divisional,MA,Benjamin Howe,Erik Olson,-9.641,-176.621,1010.918,1187.539
2025-11-08,2025 Central Divisional,MA,Benjamin Howe,Dave Eggert,-9.969,-183.190,1010.918,1194.108
2025-11-08,2025 Central Divisional,MA,Benjamin Howe,gray Harrison,-11.863,-221.792,1010.918,1232.710
2025-11-08,2025 Central Divisional,MA,Benjamin Howe,Gary Griffith,-15.555,-301.109,1010.918,1312.027
2025-10-17,2025 National Championship,MA,Benjamin Howe,Todd Briley,1.658,18.567,681.130,662.563
2025-10-17,2025 National Championship,MA,Benjamin Howe,Mark Macoubrie,0.278,3.149,681.130,677.981
2025-10-17,2025 National Championship,MA,Benjamin Howe,Aaron Booms,-0.442,-5.040,681.130,686.170
2025-10-17,2025 National Championship,MA,Benjamin Howe,Michael Tritt,-0.727,-8.301,681.130,689.431
2025-10-17,2025 National Championship,MA,Benjamin Howe,Alan Rodriguez,-1.924,-22.195,681.130,703.325
2025-10-17,2025 National Championship,MA,Benjamin Howe,Benji Knox,-2.173,-25.122,681.130,706.252
2025-10-17,2025 National Championship,MA,Benjamin Howe,Jason Baney,-2.855,-33.198,681.130,714.328
2025-10-17,2025 National Championship,MA,Benjamin Howe,Michael Sedlack,-5.585,-66.495,681.130,747.625
2025-10-17,2025 National Championship,MA,Benjamin Howe,Nicholas Stoll,-5.669,-67.550,681.130,748.680
2025-10-17,2025 National Championship,MA,Benjamin Howe,John Barnett,-11.206,-140.313,681.130,821.443
2022-09-23,2022 National Championships,MA,Benjamin Howe,Austin Dowda,6.705,55.063,520.281,465.218
2022-09-23,2022 National Championships,MA,Benjamin Howe,Kent Hamilton,5.344,44.361,520.281,475.920
2022-09-23,2022 National Championships,MA,Benjamin Howe,Jonathan Olschewski,5.290,43.936,520.281,476.345
2022-09-23,2022 National Championships,MA,Benjamin Howe,Dan Quiet,5.108,42.484,520.281,477.797
2022-09-23,2022 National Championships,MA,Benjamin Howe,Jess Moeding,5.095,42.384,520.281,477.897
2022-09-23,2022 National Championships,MA,Benjamin Howe,Mark Macoubrie,4.884,40.692,520.281,479.589
2022-09-23,2022 National Championships,MA,Benjamin Howe,Todd Briley,4.870,40.585,520.281,479.696
2022-09-23,2022 National Championships,MA,Benjamin Howe,Eric Genack,4.718,39.361,520.281,480.920
2022-09-23,2022 National Championships,MA,Benjamin Howe,Chris Endres,4.601,38.421,520.281,481.860
2022-09-23,2022 National Championships,MA,Benjamin Howe,Michael Miller,4.340,36.323,520.281,483.958
2022-09-23,2022 National Championships,MA,Benjamin Howe,Joe Lavelle,4.311,36.086,520.281,484.195
2022-09-23,2022 National Championships,MA,Benjamin Howe,Danial Ebling,3.070,25.954,520.281,494.327
2022-09-23,2022 National Championships,MA,Benjamin Howe,Harold Denham,3.046,25.755,520.281,494.526
2022-09-23,2022 National Championships,MA,Benjamin Howe,Diego De Castro,2.960,25.049,520.281,495.232
2022-09-23,2022 National Championships,MA,Benjamin Howe,Jonathon Nagel,2.633,22.341,520.281,497.940
2022-09-23,2022 National Championships,MA,Benjamin Howe,Joshua Campfield,2.609,22.139,520.281,498.142
2022-09-23,2022 National Championships,MA,Benjamin Howe,Valerie Briley,2.499,21.227,520.281,499.054
2022-09-23,2022 National Championships,MA,Benjamin Howe,Leonard Kirk,2.331,19.831,520.281,500.450
2022-09-23,2022 National Championships,MA,Benjamin Howe,Drew Little,2.241,19.077,520.281,501.204
2022-09-23,2022 National Championships,MA,Benjamin Howe,Angelica Miller,2.124,18.100,520.281,502.181
2022-09-23,2022 National Championships,MA,Benjamin Howe,Glenn Farrant,0.903,7.773,520.281,512.508
2022-09-23,2022 National Championships,MA,Benjamin Howe,Dillon Nafziger,0.620,5.349,520.281,514.932
2022-09-23,2022 National Championships,MA,Benjamin Howe,Alicia Quiet,0.467,4.032,520.281,516.249
2022-09-23,2022 National Championships,MA,Benjamin Howe,Elizabeth Austin,0.284,2.453,520.281,517.828
2022-09-23,2022 National Championships,MA,Benjamin Howe,Bob Martin,-0.031,-0.270,520.281,520.551
2023-10-06,2023 National Championship,MA,Benjamin Howe,Chris Endres,3.607,35.965,616.200,580.235
2023-10-06,2023 National Championship,MA,Benjamin Howe,Todd Briley,2.490,25.048,616.200,591.152
2023-10-06,2023 National Championship,MA,Benjamin Howe,Mark Macoubrie,2.243,22.613,616.200,593.587
2023-10-06,2023 National Championship,MA,Benjamin Howe,Danial Ebling,0.975,9.936,616.200,606.264
2023-10-06,2023 National Championship,MA,Benjamin Howe,Niles Davis,0.919,9.367,616.200,606.833
2023-10-06,2023 National Championship,MA,Benjamin Howe,Shane Blankenship,0.853,8.703,616.200,607.497
2023-10-06,2023 National Championship,MA,Benjamin Howe,Alex Reinkordt,-0.303,-3.124,616.200,619.324
2023-10-06,2023 National Championship,MA,Benjamin Howe,Kevin Schatz,-0.546,-5.636,616.200,621.836
2023-10-06,2023 National Championship,MA,Benjamin Howe,Valerie Briley,-1.232,-12.779,616.200,628.979
2023-10-06,2023 National Championship,MA,Benjamin Howe,Joshua Campfield,-2.042,-21.336,616.200,637.536
2023-10-06,2023 National Championship,MA,Benjamin Howe,Nefty Bloom,-2.787,-29.302,616.200,645.502
2023-10-06,2023 National Championship,MA,Benjamin Howe,Ryan Plourde,-3.300,-34.847,616.200,651.047
2023-10-06,2023 National Championship,MA,Benjamin Howe,Joshua Mefford,-3.765,-39.919,616.200,656.119
2023-10-06,2023 National Championship,MA,Benjamin Howe,Jess Moeding,-5.126,-54.994,616.200,671.194
2023-10-06,2023 National Championship,MA,Benjamin Howe,Austin Dowda,-5.697,-61.429,616.200,677.629
2023-10-06,2023 National Championship,MA,Benjamin Howe,Kent Hamilton,-6.832,-74.398,616.200,690.598
2023-10-06,2023 National Championship,MA,Benjamin Howe,Blake McIntyre,-8.143,-89.719,616.200,705.919
2023-10-06,2023 National Championship,MA,Benjamin Howe,Chris Delaney,-8.213,-90.541,616.200,706.741
2023-10-06,2023 National Championship,MA,Benjamin Howe,Jonathan Olschewski,-8.538,-94.399,616.200,710.599
2023-10-06,2023 National Championship,MA,Benjamin Howe,James Woodward,-9.579,-106.913,616.200,723.113
2024-10-18,2024 National Championships,MA,Benjamin Howe,Mark Macoubrie,1.333,15.480,704.478,688.998
2024-10-18,2024 National Championships,MA,Benjamin Howe,Warren Elliott,1.303,15.133,704.478,689.345
2024-10-18,2024 National Championships,MA,Benjamin Howe,Michael Detota,-0.141,-1.656,704.478,706.134
2024-10-18,2024 National Championships,MA,Benjamin Howe,Aaron Booms,-0.343,-4.033,704.478,708.511
2024-10-18,2024 National Championships,MA,Benjamin Howe,Alan Rodriguez,-0.583,-6.874,704.478,711.352
2024-10-18,2024 National Championships,MA,Benjamin Howe,Chris Delaney,-1.255,-14.886,704.478,719.364
2024-10-18,2024 National Championships,MA,Benjamin Howe,James Woodward,-2.077,-24.816,704.478,729.294
2021-10-15,2021 National Championship,MA,Kevin McGowan,Jess Moeding,4.135,39.214,588.567,549.353
2021-10-15,2021 National Championship,MA,Kevin McGowan,Austin Dowda,3.551,33.831,588.567,554.736
2021-10-15,2021 National Championship,MA,Kevin McGowan,Jeff Denmeade,3.940,37.417,588.567,551.150
2021-10-15,2021 National Championship,MA,Kevin McGowan,Todd Kean,3.462,33.010,588.567,555.557
2021-10-15,2021 National Championship,MA,Kevin McGowan,Warren Elliott,2.746,26.338,588.567,562.229
2021-10-15,2021 National Championship,MA,Kevin McGowan,W. Orion Fairman,2.247,21.636,588.567,566.931
2021-10-15,2021 National Championship,MA,Kevin McGowan,Dan Shirley,1.695,16.393,588.567,572.174
2021-10-15,2021 National Championship,MA,Kevin McGowan,William Petrow,1.482,14.357,588.567,574.210
2021-10-15,2021 National Championship,MA,Kevin McGowan,Scott Banes,3.529,33.631,588.567,554.936
2021-10-15,2021 National Championship,MA,Kevin McGowan,Michael Julian,2.753,26.403,588.567,562.164
2021-10-15,2021 National Championship,MA,Kevin McGowan,Chris Endres,2.536,24.359,588.567,564.208
2021-10-15,2021 National Championship,MA,Kevin McGowan,Mike Detota,1.765,17.061,588.567,571.506
2021-10-15,2021 National Championship,MA,Kevin McGowan,Andrew Williamson,1.591,15.403,588.567,573.164
2021-10-15,2021 National Championship,MA,Kevin McGowan,Mason Verbridge,0.306,2.994,588.567,585.573
2021-10-15,2021 National Championship,MA,Kevin McGowan,Benjamin Howe,0.176,1.724,588.567,586.843
2021-10-15,2021 National Championship,MA,Kevin McGowan,Nick DeYoung,-0.327,-3.212,588.567,591.779
2021-10-15,2021 National Championship,MA,Kevin McGowan,Kent Hamilton,-0.439,-4.321,588.567,592.888
2021-10-15,2021 National Championship,MA,Kevin McGowan,Andrew Hamilton,-2.896,-29.110,588.567,617.677
2021-10-15,2021 National Championship,MA,Kevin McGowan,Jonathan Olschewski,-4.328,-44.044,588.567,632.611
2021-10-15,2021 National Championship,MA,Kevin McGowan,Ben Kirchner,0.028,0.271,588.567,588.296
2021-10-15,2021 National Championship,MA,Kevin McGowan,Logan Siegel,-0.236,-2.316,588.567,590.883
2021-10-15,2021 National Championship,MA,Kevin McGowan,Jake Namer,-0.416,-4.096,588.567,592.663
2021-10-15,2021 National Championship,MA,Kevin McGowan,Jeremie Snyder,-1.655,-16.462,588.567,605.029
2021-10-15,2021 National Championship,MA,Kevin McGowan,Mason Nickel,-3.441,-34.753,588.567,623.320
2021-10-15,2021 National Championship,MA,Kevin McGowan,Todd Briley,-13.010,-143.134,588.567,731.701
2021-10-15,2021 National Championship,MA,Nick DeYoung,Jess Moeding,4.461,42.426,591.779,549.353
2021-10-15,2021 National Championship,MA,Nick DeYoung,Austin Dowda,3.877,37.043,591.779,554.736
2021-10-15,2021 National Championship,MA,Nick DeYoung,Jeff Denmeade,4.266,40.629,591.779,551.150
2021-10-15,2021 National Championship,MA,Nick DeYoung,Todd Kean,3.788,36.222,591.779,555.557
2021-10-15,2021 National Championship,MA,Nick DeYoung,Warren Elliott,3.073,29.550,591.779,562.229
2021-10-15,2021 National Championship,MA,Nick DeYoung,W. Orion Fairman,2.573,24.848,591.779,566.931
2021-10-15,2021 National Championship,MA,Nick DeYoung,Dan Shirley,2.021,19.605,591.779,572.174
2021-10-15,2021 National Championship,MA,Nick DeYoung,William Petrow,1.808,17.569,591.779,574.210
2021-10-15,2021 National Championship,MA,Nick DeYoung,Scott Banes,3.856,36.843,591.779,554.936
2021-10-15,2021 National Championship,MA,Nick DeYoung,Michael Julian,3.080,29.615,591.779,562.164
2021-10-15,2021 National Championship,MA,Nick DeYoung,Chris Endres,2.862,27.571,591.779,564.208
2021-10-15,2021 National Championship,MA,Nick DeYoung,Mike Detota,2.091,20.273,591.779,571.506
2021-10-15,2021 National Championship,MA,Nick DeYoung,Andrew Williamson,1.918,18.615,591.779,573.164
2021-10-15,2021 National Championship,MA,Nick DeYoung,Mason Verbridge,0.633,6.206,591.779,585.573
2021-10-15,2021 National Championship,MA,Nick DeYoung,Benjamin Howe,0.503,4.936,591.779,586.843
2021-10-15,2021 National Championship,MA,Nick DeYoung,Kevin McGowan,0.327,3.212,591.779,588.567
2021-10-15,2021 National Championship,MA,Nick DeYoung,Kent Hamilton,-0.112,-1.109,591.779,592.888
2021-10-15,2021 National Championship,MA,Nick DeYoung,Andrew Hamilton,-2.570,-25.898,591.779,617.677
2021-10-15,2021 National Championship,MA,Nick DeYoung,Jonathan Olschewski,-4.002,-40.832,591.779,632.611
2021-10-15,2021 National Championship,MA,Nick DeYoung,Ben Kirchner,0.354,3.483,591.779,588.296
2021-10-15,2021 National Championship,MA,Nick DeYoung,Logan Siegel,0.091,0.896,591.779,590.883
2021-10-15,2021 National Championship,MA,Nick DeYoung,Jake Namer,-0.090,-0.884,591.779,592.663
2021-10-15,2021 National Championship,MA,Nick DeYoung,Jeremie Snyder,-1.329,-13.250,591.779,605.029
2021-10-15,2021 National Championship,MA,Nick DeYoung,Mason Nickel,-3.115,-31.541,591.779,623.320
2021-10-15,2021 National Championship,MA,Nick DeYoung,Todd Briley,-12.687,-139.922,591.779,731.701
2021-10-15,2021 National Championship,MA,Kent Hamilton,Jess Moeding,4.574,43.535,592.888,549.353
2021-10-15,2021 National Championship,MA,Kent Hamilton,Austin Dowda,3.989,38.152,592.888,554.736
2021-10-15,2021 National Championship,MA,Kent Hamilton,Jeff Denmeade,4.378,41.738,592.888,551.150
2021-10-15,2021 National Championship,MA,Kent Hamilton,Todd Kean,3.901,37.331,592.888,555.557
2021-10-15,2021 National Championship,MA,Kent Hamilton,Warren Elliott,3.185,30.659,592.888,562.229
2021-10-15,2021 National Championship,MA,Kent Hamilton,W. Orion Fairman,2.686,25.957,592.888,566.931
2021-10-15,2021 National Championship,MA,Kent Hamilton,Dan Shirley,2.134,20.714,592.888,572.174
2021-10-15,2021 National Championship,MA,Kent Hamilton,William Petrow,1.920,18.678,592.888,574.210
2021-10-15,2021 National Championship,MA,Kent Hamilton,Scott Banes,3.968,37.952,592.888,554.936
2021-10-15,2021 National Championship,MA,Kent Hamilton,Michael Julian,3.192,30.724,592.888,562.164
2021-10-15,2021 National Championship,MA,Kent Hamilton,Chris Endres,2.974,28.680,592.888,564.208
2021-10-15,2021 National Championship,MA,Kent Hamilton,Mike Detota,2.204,21.382,592.888,571.506
2021-10-15,2021 National Championship,MA,Kent Hamilton,Andrew Williamson,2.030,19.724,592.888,573.164
2021-10-15,2021 National Championship,MA,Kent Hamilton,Mason Verbridge,0.745,7.315,592.888,585.573
2021-10-15,2021 National Championship,MA,Kent Hamilton,Benjamin Howe,0.615,6.045,592.888,586.843
2021-10-15,2021 National Championship,MA,Kent Hamilton,Kevin McGowan,0.439,4.321,592.888,588.567
2021-10-15,2021 National Championship,MA,Kent Hamilton,Nick DeYoung,0.112,1.109,592.888,591.779
2021-10-15,2021 National Championship,MA,Kent Hamilton,Andrew Hamilton,-2.457,-24.789,592.888,617.677
2021-10-15,2021 National Championship,MA,Kent Hamilton,Jonathan Olschewski,-3.890,-39.723,592.888,632.611
2021-10-15,2021 National Championship,MA,Kent Hamilton,Ben Kirchner,0.467,4.592,592.888,588.296
2021-10-15,2021 National Championship,MA,Kent Hamilton,Logan Siegel,0.203,2.005,592.888,590.883
2021-10-15,2021 National Championship,MA,Kent Hamilton,Jake Namer,0.023,0.225,592.888,592.663
2021-10-15,2021 National Championship,MA,Kent Hamilton,Jeremie Snyder,-1.216,-12.141,592.888,605.029
2021-10-15,2021 National Championship,MA,Kent Hamilton,Mason Nickel,-3.003,-30.432,592.888,623.320
2021-10-15,2021 National Championship,MA,Kent Hamilton,Todd Briley,-12.576,-138.813,592.888,731.701
2020-08-15,2020 DirtFish National Championship,MA,Kent Hamilton,Austin Dowda,1.614,12.443,468.664,456.221
2020-08-15,2020 DirtFish National Championship,MA,Kent Hamilton,Jason Fuller,0.896,6.943,468.664,461.721
2020-08-15,2020 DirtFish National Championship,MA,Kent Hamilton,Jess Moeding,0.845,6.553,468.664,462.111
2020-08-15,2020 DirtFish National Championship,MA,Kent Hamilton,Todd Briley,-0.633,-4.971,468.664,473.635
2020-08-15,2020 DirtFish National Championship,MA,Kent Hamilton,Danial Ebling,-1.486,-11.751,468.664,480.415
2020-08-15,2020 DirtFish National Championship,MA,Kent Hamilton,Eric Less,-1.497,-11.840,468.664,480.504
2020-08-15,2020 DirtFish National Championship,MA,Kent Hamilton,Jonathan Olschewski,-1.600,-12.666,468.664,481.330
2020-08-15,2020 DirtFish National Championship,MA,Kent Hamilton,Trenton Von Holten,-1.891,-15.011,468.664,483.675
2020-08-15,2020 DirtFish National Championship,MA,Kent Hamilton,Chase Girard,-2.964,-23.735,468.664,492.399
2020-08-15,2020 DirtFish National Championship,MA,Kent Hamilton,Valerie Briley,-4.125,-33.366,468.664,502.030
2020-08-15,2020 DirtFish National Championship,MA,Kent Hamilton,Kevin Schatz,-4.399,-35.670,468.664,504.334
2020-08-15,2020 DirtFish National Championship,MA,Kent Hamilton,Philip Pickard,-4.754,-38.668,468.664,507.332
2020-08-15,2020 DirtFish National Championship,MA,Kent Hamilton,Joe Lavelle,-5.223,-42.652,468.664,511.316
2020-08-15,2020 DirtFish National Championship,MA,Kent Hamilton,Nathan Jones,-6.123,-50.398,468.664,519.062
2020-08-15,2020 DirtFish National Championship,MA,Kent Hamilton,Benjamin Hanke,-6.809,-56.381,468.664,525.045
2020-08-15,2020 DirtFish National Championship,MA,Kent Hamilton,Steven Bright,-7.020,-58.243,468.664,526.907
2020-08-15,2020 DirtFish National Championship,MA,Kent Hamilton,Caleb Maggard,-9.435,-79.988,468.664,548.652
2020-08-15,2020 DirtFish National Championship,MA,Kent Hamilton,Richard Thompson,-33.261,-359.432,468.664,828.096
2022-09-23,2022 National Championships,MA,Kent Hamilton,Austin Dowda,1.365,10.702,475.920,465.218
2022-09-23,2022 National Championships,MA,Kent Hamilton,Jonathan Olschewski,-0.054,-0.425,475.920,476.345
2022-09-23,2022 National Championships,MA,Kent Hamilton,Dan Quiet,-0.236,-1.877,475.920,477.797
2022-09-23,2022 National Championships,MA,Kent Hamilton,Jess Moeding,-0.249,-1.977,475.920,477.897
2022-09-23,2022 National Championships,MA,Kent Hamilton,Mark Macoubrie,-0.461,-3.669,475.920,479.589
2022-09-23,2022 National Championships,MA,Kent Hamilton,Todd Briley,-0.474,-3.776,475.920,479.696
2022-09-23,2022 National Championships,MA,Kent Hamilton,Eric Genack,-0.627,-5.000,475.920,480.920
2022-09-23,2022 National Championships,MA,Kent Hamilton,Chris Endres,-0.744,-5.940,475.920,481.860
2022-09-23,2022 National Championships,MA,Kent Hamilton,Michael Miller,-1.005,-8.038,475.920,483.958
2022-09-23,2022 National Championships,MA,Kent Hamilton,Joe Lavelle,-1.034,-8.275,475.920,484.195
2022-09-23,2022 National Championships,MA,Kent Hamilton,Danial Ebling,-2.277,-18.407,475.920,494.327
2022-09-23,2022 National Championships,MA,Kent Hamilton,Harold Denham,-2.301,-18.606,475.920,494.526
2022-09-23,2022 National Championships,MA,Kent Hamilton,Diego De Castro,-2.386,-19.312,475.920,495.232
2022-09-23,2022 National Championships,MA,Kent Hamilton,Jonathon Nagel,-2.713,-22.020,475.920,497.940
2022-09-23,2022 National Championships,MA,Kent Hamilton,Joshua Campfield,-2.738,-22.222,475.920,498.142
2022-09-23,2022 National Championships,MA,Kent Hamilton,Valerie Briley,-2.847,-23.134,475.920,499.054
2022-09-23,2022 National Championships,MA,Kent Hamilton,Leonard Kirk,-3.015,-24.530,475.920,500.450
2022-09-23,2022 National Championships,MA,Kent Hamilton,Drew Little,-3.105,-25.284,475.920,501.204
2022-09-23,2022 National Championships,MA,Kent Hamilton,Angelica Miller,-3.222,-26.261,475.920,502.181
2022-09-23,2022 National Championships,MA,Kent Hamilton,Glenn Farrant,-4.442,-36.588,475.920,512.508
2022-09-23,2022 National Championships,MA,Kent Hamilton,Dillon Nafziger,-4.725,-39.012,475.920,514.932
2022-09-23,2022 National Championships,MA,Kent Hamilton,Alicia Quiet,-4.878,-40.329,475.920,516.249
2022-09-23,2022 National Championships,MA,Kent Hamilton,Elizabeth Austin,-5.061,-41.908,475.920,517.828
2022-09-23,2022 National Championships,MA,Kent Hamilton,Benjamin Howe,-5.344,-44.361,475.920,520.281
2022-09-23,2022 National Championships,MA,Kent Hamilton,Bob Martin,-5.375,-44.631,475.920,520.551
2023-10-06,2023 National Championship,MA,Kent Hamilton,Chris Endres,10.421,110.363,690.598,580.235
2023-10-06,2023 National Championship,MA,Kent Hamilton,Todd Briley,9.310,99.446,690.598,591.152
2023-10-06,2023 National Championship,MA,Kent Hamilton,Mark Macoubrie,9.065,97.011,690.598,593.587
2023-10-06,2023 National Championship,MA,Kent Hamilton,Danial Ebling,7.804,84.334,690.598,606.264
2023-10-06,2023 National Championship,MA,Kent Hamilton,Niles Davis,7.747,83.765,690.598,606.833
2023-10-06,2023 National Championship,MA,Kent Hamilton,Shane Blankenship,7.682,83.101,690.598,607.497
2023-10-06,2023 National Championship,MA,Kent Hamilton,Benjamin Howe,6.832,74.398,690.598,616.200
2023-10-06,2023 National Championship,MA,Kent Hamilton,Alex Reinkordt,6.529,71.274,690.598,619.324
2023-10-06,2023 National Championship,MA,Kent Hamilton,Kevin Schatz,6.287,68.762,690.598,621.836
2023-10-06,2023 National Championship,MA,Kent Hamilton,Valerie Briley,5.604,61.619,690.598,628.979
2023-10-06,2023 National Championship,MA,Kent Hamilton,Joshua Campfield,4.794,53.062,690.598,637.536
2023-10-06,2023 National Championship,MA,Kent Hamilton,Nefty Bloom,4.050,45.096,690.598,645.502
2023-10-06,2023 National Championship,MA,Kent Hamilton,Ryan Plourde,3.538,39.551,690.598,651.047
2023-10-06,2023 National Championship,MA,Kent Hamilton,Joshua Mefford,3.072,34.479,690.598,656.119
2023-10-06,2023 National Championship,MA,Kent Hamilton,Jess Moeding,1.710,19.404,690.598,671.194
2023-10-06,2023 National Championship,MA,Kent Hamilton,Austin Dowda,1.137,12.969,690.598,677.629
2023-10-06,2023 National Championship,MA,Kent Hamilton,Blake McIntyre,-1.317,-15.321,690.598,705.919
2023-10-06,2023 National Championship,MA,Kent Hamilton,Chris Delaney,-1.386,-16.143,690.598,706.741
2023-10-06,2023 National Championship,MA,Kent Hamilton,Jonathan Olschewski,-1.713,-20.001,690.598,710.599
2023-10-06,2023 National Championship,MA,Kent Hamilton,James Woodward,-2.760,-32.515,690.598,723.113
2021-10-15,2021 National Championship,MA,Andrew Hamilton,Jess Moeding,7.025,68.324,617.677,549.353
2021-10-15,2021 National Championship,MA,Andrew Hamilton,Austin Dowda,6.442,62.941,617.677,554.736
2021-10-15,2021 National Championship,MA,Andrew Hamilton,Jeff Denmeade,6.830,66.527,617.677,551.150
2021-10-15,2021 National Championship,MA,Andrew Hamilton,Todd Kean,6.354,62.120,617.677,555.557
2021-10-15,2021 National Championship,MA,Andrew Hamilton,Warren Elliott,5.639,55.448,617.677,562.229
2021-10-15,2021 National Championship,MA,Andrew Hamilton,W. Orion Fairman,5.141,50.746,617.677,566.931
2021-10-15,2021 National Championship,MA,Andrew Hamilton,Dan Shirley,4.589,45.503,617.677,572.174
2021-10-15,2021 National Championship,MA,Andrew Hamilton,William Petrow,4.376,43.467,617.677,574.210
2021-10-15,2021 National Championship,MA,Andrew Hamilton,Scott Banes,6.421,62.741,617.677,554.936
2021-10-15,2021 National Championship,MA,Andrew Hamilton,Michael Julian,5.646,55.513,617.677,562.164
2021-10-15,2021 National Championship,MA,Andrew Hamilton,Chris Endres,5.429,53.469,617.677,564.208
2021-10-15,2021 National Championship,MA,Andrew Hamilton,Mike Detota,4.659,46.171,617.677,571.506
2021-10-15,2021 National Championship,MA,Andrew Hamilton,Andrew Williamson,4.486,44.513,617.677,573.164
2021-10-15,2021 National Championship,MA,Andrew Hamilton,Mason Verbridge,3.202,32.104,617.677,585.573
2021-10-15,2021 National Championship,MA,Andrew Hamilton,Benjamin Howe,3.072,30.834,617.677,586.843
2021-10-15,2021 National Championship,MA,Andrew Hamilton,Kevin McGowan,2.896,29.110,617.677,588.567
2021-10-15,2021 National Championship,MA,Andrew Hamilton,Nick DeYoung,2.570,25.898,617.677,591.779
2021-10-15,2021 National Championship,MA,Andrew Hamilton,Kent Hamilton,2.457,24.789,617.677,592.888
2021-10-15,2021 National Championship,MA,Andrew Hamilton,Jonathan Olschewski,-1.433,-14.934,617.677,632.611
2021-10-15,2021 National Championship,MA,Andrew Hamilton,Ben Kirchner,2.924,29.381,617.677,588.296
2021-10-15,2021 National Championship,MA,Andrew Hamilton,Logan Siegel,2.660,26.794,617.677,590.883
2021-10-15,2021 National Championship,MA,Andrew Hamilton,Jake Namer,2.480,25.014,617.677,592.663
2021-10-15,2021 National Championship,MA,Andrew Hamilton,Jeremie Snyder,1.241,12.648,617.677,605.029
2021-10-15,2021 National Championship,MA,Andrew Hamilton,Mason Nickel,-0.546,-5.643,617.677,623.320
2021-10-15,2021 National Championship,MA,Andrew Hamilton,Todd Briley,-10.140,-114.024,617.677,731.701
2021-10-15,2021 National Championship,MA,Jonathan Olschewski,Jess Moeding,8.453,83.258,632.611,549.353
2021-10-15,2021 National Championship,MA,Jonathan Olschewski,Austin Dowda,7.870,77.875,632.611,554.736
2021-10-15,2021 National Championship,MA,Jonathan Olschewski,Jeff Denmeade,8.258,81.461,632.611,551.150
2021-10-15,2021 National Championship,MA,Jonathan Olschewski,Todd Kean,7.782,77.054,632.611,555.557
2021-10-15,2021 National Championship,MA,Jonathan Olschewski,Warren Elliott,7.069,70.382,632.611,562.229
2021-10-15,2021 National Championship,MA,Jonathan Olschewski,W. Orion Fairman,6.571,65.680,632.611,566.931
2021-10-15,2021 National Championship,MA,Jonathan Olschewski,Dan Shirley,6.020,60.437,632.611,572.174
2021-10-15,2021 National Championship,MA,Jonathan Olschewski,William Petrow,5.807,58.401,632.611,574.210
2021-10-15,2021 National Championship,MA,Jonathan Olschewski,Scott Banes,7.849,77.675,632.611,554.936
2021-10-15,2021 National Championship,MA,Jonathan Olschewski,Michael Julian,7.076,70.447,632.611,562.164
2021-10-15,2021 National Championship,MA,Jonathan Olschewski,Chris Endres,6.858,68.403,632.611,564.208
2021-10-15,2021 National Championship,MA,Jonathan Olschewski,Mike Detota,6.090,61.105,632.611,571.506
2021-10-15,2021 National Championship,MA,Jonathan Olschewski,Andrew Williamson,5.916,59.447,632.611,573.164
2021-10-15,2021 National Championship,MA,Jonathan Olschewski,Mason Verbridge,4.634,47.038,632.611,585.573
2021-10-15,2021 National Championship,MA,Jonathan Olschewski,Benjamin Howe,4.504,45.768,632.611,586.843
2021-10-15,2021 National Championship,MA,Jonathan Olschewski,Kevin McGowan,4.328,44.044,632.611,588.567
2021-10-15,2021 National Championship,MA,Jonathan Olschewski,Nick DeYoung,4.002,40.832,632.611,591.779
2021-10-15,2021 National Championship,MA,Jonathan Olschewski,Kent Hamilton,3.890,39.723,632.611,592.888
2021-10-15,2021 National Championship,MA,Jonathan Olschewski,Andrew Hamilton,1.433,14.934,632.611,617.677
2021-10-15,2021 National Championship,MA,Jonathan Olschewski,Ben Kirchner,4.356,44.315,632.611,588.296
2021-10-15,2021 National Championship,MA,Jonathan Olschewski,Logan Siegel,4.093,41.728,632.611,590.883
2021-10-15,2021 National Championship,MA,Jonathan Olschewski,Jake Namer,3.912,39.948,632.611,592.663
2021-10-15,2021 National Championship,MA,Jonathan Olschewski,Jeremie Snyder,2.674,27.582,632.611,605.029
2021-10-15,2021 National Championship,MA,Jonathan Olschewski,Mason Nickel,0.888,9.291,632.611,623.320
2021-10-15,2021 National Championship,MA,Jonathan Olschewski,Todd Briley,-8.716,-99.090,632.611,731.701
2020-08-15,2020 DirtFish National Championship,MA,Jonathan Olschewski,Austin Dowda,3.214,25.109,481.330,456.221
2020-08-15,2020 DirtFish National Championship,MA,Jonathan Olschewski,Jason Fuller,2.495,19.609,481.330,461.721
2020-08-15,2020 DirtFish National Championship,MA,Jonathan Olschewski,Jess Moeding,2.445,19.219,481.330,462.111
2020-08-15,2020 DirtFish National Championship,MA,Jonathan Olschewski,Kent Hamilton,1.600,12.666,481.330,468.664
2020-08-15,2020 DirtFish National Championship,MA,Jonathan Olschewski,Todd Briley,0.967,7.695,481.330,473.635
2020-08-15,2020 DirtFish National Championship,MA,Jonathan Olschewski,Danial Ebling,0.114,0.915,481.330,480.415
2020-08-15,2020 DirtFish National Championship,MA,Jonathan Olschewski,Eric Less,0.103,0.826,481.330,480.504
2020-08-15,2020 DirtFish National Championship,MA,Jonathan Olschewski,Trenton Von Holten,-0.292,-2.345,481.330,483.675
2020-08-15,2020 DirtFish National Championship,MA,Jonathan Olschewski,Chase Girard,-1.364,-11.069,481.330,492.399
2020-08-15,2020 DirtFish National Championship,MA,Jonathan Olschewski,Valerie Briley,-2.526,-20.700,481.330,502.030
2020-08-15,2020 DirtFish National Championship,MA,Jonathan Olschewski,Kevin Schatz,-2.801,-23.004,481.330,504.334
2020-08-15,2020 DirtFish National Championship,MA,Jonathan Olschewski,Philip Pickard,-3.156,-26.002,481.330,507.332
2020-08-15,2020 DirtFish National Championship,MA,Jonathan Olschewski,Joe Lavelle,-3.625,-29.986,481.330,511.316
2020-08-15,2020 DirtFish National Championship,MA,Jonathan Olschewski,Nathan Jones,-4.526,-37.732,481.330,519.062
2020-08-15,2020 DirtFish National Championship,MA,Jonathan Olschewski,Benjamin Hanke,-5.213,-43.715,481.330,525.045
2020-08-15,2020 DirtFish National Championship,MA,Jonathan Olschewski,Steven Bright,-5.425,-45.577,481.330,526.907
2020-08-15,2020 DirtFish National Championship,MA,Jonathan Olschewski,Caleb Maggard,-7.843,-67.322,481.330,548.652
2020-08-15,2020 DirtFish National Championship,MA,Jonathan Olschewski,Richard Thompson,-31.779,-346.766,481.330,828.096
2022-09-23,2022 National Championships,MA,Jonathan Olschewski,Austin Dowda,1.418,11.127,476.345,465.218
2022-09-23,2022 National Championships,MA,Jonathan Olschewski,Kent Hamilton,0.054,0.425,476.345,475.920
2022-09-23,2022 National Championships,MA,Jonathan Olschewski,Dan Quiet,-0.183,-1.452,476.345,477.797
2022-09-23,2022 National Championships,MA,Jonathan Olschewski,Jess Moeding,-0.195,-1.552,476.345,477.897
2022-09-23,2022 National Championships,MA,Jonathan Olschewski,Mark Macoubrie,-0.407,-3.244,476.345,479.589
2022-09-23,2022 National Championships,MA,Jonathan Olschewski,Todd Briley,-0.421,-3.351,476.345,479.696
2022-09-23,2022 National Championships,MA,Jonathan Olschewski,Eric Genack,-0.574,-4.575,476.345,480.920
2022-09-23,2022 National Championships,MA,Jonathan Olschewski,Chris Endres,-0.691,-5.515,476.345,481.860
2022-09-23,2022 National Championships,MA,Jonathan Olschewski,Michael Miller,-0.951,-7.613,476.345,483.958
2022-09-23,2022 National Championships,MA,Jonathan Olschewski,Joe Lavelle,-0.981,-7.850,476.345,484.195
2022-09-23,2022 National Championships,MA,Jonathan Olschewski,Danial Ebling,-2.223,-17.982,476.345,494.327
2022-09-23,2022 National Championships,MA,Jonathan Olschewski,Harold Denham,-2.247,-18.181,476.345,494.526
2022-09-23,2022 National Championships,MA,Jonathan Olschewski,Diego De Castro,-2.333,-18.887,476.345,495.232
2022-09-23,2022 National Championships,MA,Jonathan Olschewski,Jonathon Nagel,-2.660,-21.595,476.345,497.940
2022-09-23,2022 National Championships,MA,Jonathan Olschewski,Joshua Campfield,-2.684,-21.797,476.345,498.142
2022-09-23,2022 National Championships,MA,Jonathan Olschewski,Valerie Briley,-2.794,-22.709,476.345,499.054
2022-09-23,2022 National Championships,MA,Jonathan Olschewski,Leonard Kirk,-2.961,-24.105,476.345,500.450
2022-09-23,2022 National Championships,MA,Jonathan Olschewski,Drew Little,-3.052,-24.859,476.345,501.204
2022-09-23,2022 National Championships,MA,Jonathan Olschewski,Angelica Miller,-3.168,-25.836,476.345,502.181
2022-09-23,2022 National Championships,MA,Jonathan Olschewski,Glenn Farrant,-4.388,-36.163,476.345,512.508
2022-09-23,2022 National Championships,MA,Jonathan Olschewski,Dillon Nafziger,-4.671,-38.587,476.345,514.932
2022-09-23,2022 National Championships,MA,Jonathan Olschewski,Alicia Quiet,-4.824,-39.904,476.345,516.249
2022-09-23,2022 National Championships,MA,Jonathan Olschewski,Elizabeth Austin,-5.007,-41.483,476.345,517.828
2022-09-23,2022 National Championships,MA,Jonathan Olschewski,Benjamin Howe,-5.290,-43.936,476.345,520.281
2022-09-23,2022 National Championships,MA,Jonathan Olschewski,Bob Martin,-5.321,-44.206,476.345,520.551
2023-10-06,2023 National Championship,MA,Jonathan Olschewski,Chris Endres,12.119,130.364,710.599,580.235
2023-10-06,2023 National Championship,MA,Jonathan Olschewski,Todd Briley,11.011,119.447,710.599,591.152
2023-10-06,2023 National Championship,MA,Jonathan Olschewski,Mark Macoubrie,10.766,117.012,710.599,593.587
2023-10-06,2023 National Championship,MA,Jonathan Olschewski,Danial Ebling,9.508,104.335,710.599,606.264
2023-10-06,2023 National Championship,MA,Jonathan Olschewski,Niles Davis,9.452,103.766,710.599,606.833
2023-10-06,2023 National Championship,MA,Jonathan Olschewski,Shane Blankenship,9.386,103.102,710.599,607.497
2023-10-06,2023 National Championship,MA,Jonathan Olschewski,Benjamin Howe,8.538,94.399,710.599,616.200
2023-10-06,2023 National Championship,MA,Jonathan Olschewski,Alex Reinkordt,8.236,91.275,710.599,619.324
2023-10-06,2023 National Championship,MA,Jonathan Olschewski,Kevin Schatz,7.994,88.763,710.599,621.836
2023-10-06,2023 National Championship,MA,Jonathan Olschewski,Valerie Briley,7.312,81.620,710.599,628.979
2023-10-06,2023 National Championship,MA,Jonathan Olschewski,Joshua Campfield,6.503,73.063,710.599,637.536
2023-10-06,2023 National Championship,MA,Jonathan Olschewski,Nefty Bloom,5.760,65.097,710.599,645.502
2023-10-06,2023 National Championship,MA,Jonathan Olschewski,Ryan Plourde,5.248,59.552,710.599,651.047
2023-10-06,2023 National Championship,MA,Jonathan Olschewski,Joshua Mefford,4.783,54.480,710.599,656.119
2023-10-06,2023 National Championship,MA,Jonathan Olschewski,Jess Moeding,3.422,39.405,710.599,671.194
2023-10-06,2023 National Championship,MA,Jonathan Olschewski,Austin Dowda,2.850,32.970,710.599,677.629
2023-10-06,2023 National Championship,MA,Jonathan Olschewski,Kent Hamilton,1.713,20.001,710.599,690.598
2023-10-06,2023 National Championship,MA,Jonathan Olschewski,Blake McIntyre,0.396,4.680,710.599,705.919
2023-10-06,2023 National Championship,MA,Jonathan Olschewski,Chris Delaney,0.327,3.858,710.599,706.741
2023-10-06,2023 National Championship,MA,Jonathan Olschewski,James Woodward,-1.047,-12.514,710.599,723.113
2021-10-15,2021 National Championship,MA,Ben Kirchner,Jess Moeding,4.108,38.943,588.296,549.353
2021-10-15,2021 National Championship,MA,Ben Kirchner,Austin Dowda,3.523,33.560,588.296,554.736
2021-10-15,2021 National Championship,MA,Ben Kirchner,Jeff Denmeade,3.912,37.146,588.296,551.150
2021-10-15,2021 National Championship,MA,Ben Kirchner,Todd Kean,3.435,32.739,588.296,555.557
2021-10-15,2021 National Championship,MA,Ben Kirchner,Warren Elliott,2.719,26.067,588.296,562.229
2021-10-15,2021 National Championship,MA,Ben Kirchner,W. Orion Fairman,2.219,21.365,588.296,566.931
2021-10-15,2021 National Championship,MA,Ben Kirchner,Dan Shirley,1.667,16.122,588.296,572.174
2021-10-15,2021 National Championship,MA,Ben Kirchner,William Petrow,1.454,14.086,588.296,574.210
2021-10-15,2021 National Championship,MA,Ben Kirchner,Scott Banes,3.502,33.360,588.296,554.936
2021-10-15,2021 National Championship,MA,Ben Kirchner,Michael Julian,2.726,26.132,588.296,562.164
2021-10-15,2021 National Championship,MA,Ben Kirchner,Chris Endres,2.508,24.088,588.296,564.208
2021-10-15,2021 National Championship,MA,Ben Kirchner,Mike Detota,1.737,16.790,588.296,571.506
2021-10-15,2021 National Championship,MA,Ben Kirchner,Andrew Williamson,1.563,15.132,588.296,573.164
2021-10-15,2021 National Championship,MA,Ben Kirchner,Mason Verbridge,0.278,2.723,588.296,585.573
2021-10-15,2021 National Championship,MA,Ben Kirchner,Benjamin Howe,0.148,1.453,588.296,586.843
2021-10-15,2021 National Championship,MA,Ben Kirchner,Kevin McGowan,-0.028,-0.271,588.296,588.567
2021-10-15,2021 National Championship,MA,Ben Kirchner,Nick DeYoung,-0.354,-3.483,588.296,591.779
2021-10-15,2021 National Championship,MA,Ben Kirchner,Kent Hamilton,-0.467,-4.592,588.296,592.888
2021-10-15,2021 National Championship,MA,Ben Kirchner,Andrew Hamilton,-2.924,-29.381,588.296,617.677
2021-10-15,2021 National Championship,MA,Ben Kirchner,Jonathan Olschewski,-4.356,-44.315,588.296,632.611
2021-10-15,2021 National Championship,MA,Ben Kirchner,Logan Siegel,-0.263,-2.587,588.296,590.883
2021-10-15,2021 National Championship,MA,Ben Kirchner,Jake Namer,-0.444,-4.367,588.296,592.663
2021-10-15,2021 National Championship,MA,Ben Kirchner,Jeremie Snyder,-1.683,-16.733,588.296,605.029
2021-10-15,2021 National Championship,MA,Ben Kirchner,Mason Nickel,-3.469,-35.024,588.296,623.320
2021-10-15,2021 National Championship,MA,Ben Kirchner,Todd Briley,-13.037,-143.405,588.296,731.701
2021-10-15,2021 National Championship,MA,Logan Siegel,Jess Moeding,4.371,41.530,590.883,549.353
2021-10-15,2021 National Championship,MA,Logan Siegel,Austin Dowda,3.786,36.147,590.883,554.736
2021-10-15,2021 National Championship,MA,Logan Siegel,Jeff Denmeade,4.175,39.733,590.883,551.150
2021-10-15,2021 National Championship,MA,Logan Siegel,Todd Kean,3.698,35.326,590.883,555.557
2021-10-15,2021 National Championship,MA,Logan Siegel,Warren Elliott,2.982,28.654,590.883,562.229
2021-10-15,2021 National Championship,MA,Logan Siegel,W. Orion Fairman,2.482,23.952,590.883,566.931
2021-10-15,2021 National Championship,MA,Logan Siegel,Dan Shirley,1.930,18.709,590.883,572.174
2021-10-15,2021 National Championship,MA,Logan Siegel,William Petrow,1.717,16.673,590.883,574.210
2021-10-15,2021 National Championship,MA,Logan Siegel,Scott Banes,3.765,35.947,590.883,554.936
2021-10-15,2021 National Championship,MA,Logan Siegel,Michael Julian,2.989,28.719,590.883,562.164
2021-10-15,2021 National Championship,MA,Logan Siegel,Chris Endres,2.771,26.675,590.883,564.208
2021-10-15,2021 National Championship,MA,Logan Siegel,Mike Detota,2.000,19.377,590.883,571.506
2021-10-15,2021 National Championship,MA,Logan Siegel,Andrew Williamson,1.827,17.719,590.883,573.164
2021-10-15,2021 National Championship,MA,Logan Siegel,Mason Verbridge,0.542,5.310,590.883,585.573
2021-10-15,2021 National Championship,MA,Logan Siegel,Benjamin Howe,0.412,4.040,590.883,586.843
2021-10-15,2021 National Championship,MA,Logan Siegel,Kevin McGowan,0.236,2.316,590.883,588.567
2021-10-15,2021 National Championship,MA,Logan Siegel,Nick DeYoung,-0.091,-0.896,590.883,591.779
2021-10-15,2021 National Championship,MA,Logan Siegel,Kent Hamilton,-0.203,-2.005,590.883,592.888
2021-10-15,2021 National Championship,MA,Logan Siegel,Andrew Hamilton,-2.660,-26.794,590.883,617.677
2021-10-15,2021 National Championship,MA,Logan Siegel,Jonathan Olschewski,-4.093,-41.728,590.883,632.611
2021-10-15,2021 National Championship,MA,Logan Siegel,Ben Kirchner,0.263,2.587,590.883,588.296
2021-10-15,2021 National Championship,MA,Logan Siegel,Jake Namer,-0.180,-1.780,590.883,592.663
2021-10-15,2021 National Championship,MA,Logan Siegel,Jeremie Snyder,-1.419,-14.146,590.883,605.029
2021-10-15,2021 National Championship,MA,Logan Siegel,Mason Nickel,-3.206,-32.437,590.883,623.320
2021-10-15,2021 National Championship,MA,Logan Siegel,Todd Briley,-12.777,-140.818,590.883,731.701
2021-10-15,2021 National Championship,MA,Jake Namer,Jess Moeding,4.551,43.310,592.663,549.353
2021-10-15,2021 National Championship,MA,Jake Namer,Austin Dowda,3.967,37.927,592.663,554.736
2021-10-15,2021 National Championship,MA,Jake Namer,Jeff Denmeade,4.355,41.513,592.663,551.150
2021-10-15,2021 National Championship,MA,Jake Namer,Todd Kean,3.878,37.106,592.663,555.557
2021-10-15,2021 National Championship,MA,Jake Namer,Warren Elliott,3.162,30.434,592.663,562.229
2021-10-15,2021 National Championship,MA,Jake Namer,W. Orion Fairman,2.663,25.732,592.663,566.931
2021-10-15,2021 National Championship,MA,Jake Namer,Dan Shirley,2.111,20.489,592.663,572.174
2021-10-15,2021 National Championship,MA,Jake Namer,William Petrow,1.898,18.453,592.663,574.210
2021-10-15,2021 National Championship,MA,Jake Namer,Scott Banes,3.945,37.727,592.663,554.936
2021-10-15,2021 National Championship,MA,Jake Namer,Michael Julian,3.169,30.499,592.663,562.164
2021-10-15,2021 National Championship,MA,Jake Namer,Chris Endres,2.952,28.455,592.663,564.208
2021-10-15,2021 National Championship,MA,Jake Namer,Mike Detota,2.181,21.157,592.663,571.506
2021-10-15,2021 National Championship,MA,Jake Namer,Andrew Williamson,2.007,19.499,592.663,573.164
2021-10-15,2021 National Championship,MA,Jake Namer,Mason Verbridge,0.722,7.090,592.663,585.573
2021-10-15,2021 National Championship,MA,Jake Namer,Benjamin Howe,0.592,5.820,592.663,586.843
2021-10-15,2021 National Championship,MA,Jake Namer,Kevin McGowan,0.416,4.096,592.663,588.567
2021-10-15,2021 National Championship,MA,Jake Namer,Nick DeYoung,0.090,0.884,592.663,591.779
2021-10-15,2021 National Championship,MA,Jake Namer,Kent Hamilton,-0.023,-0.225,592.663,592.888
2021-10-15,2021 National Championship,MA,Jake Namer,Andrew Hamilton,-2.480,-25.014,592.663,617.677
2021-10-15,2021 National Championship,MA,Jake Namer,Jonathan Olschewski,-3.912,-39.948,592.663,632.611
2021-10-15,2021 National Championship,MA,Jake Namer,Ben Kirchner,0.444,4.367,592.663,588.296
2021-10-15,2021 National Championship,MA,Jake Namer,Logan Siegel,0.180,1.780,592.663,590.883
2021-10-15,2021 National Championship,MA,Jake Namer,Jeremie Snyder,-1.239,-12.366,592.663,605.029
2021-10-15,2021 National Championship,MA,Jake Namer,Mason Nickel,-3.025,-30.657,592.663,623.320
2021-10-15,2021 National Championship,MA,Jake Namer,Todd Briley,-12.598,-139.038,592.663,731.701
2021-10-15,2021 National Championship,MA,Jeremie Snyder,Jess Moeding,5.788,55.676,605.029,549.353
2021-10-15,2021 National Championship,MA,Jeremie Snyder,Austin Dowda,5.204,50.293,605.029,554.736
2021-10-15,2021 National Championship,MA,Jeremie Snyder,Jeff Denmeade,5.592,53.879,605.029,551.150
2021-10-15,2021 National Championship,MA,Jeremie Snyder,Todd Kean,5.115,49.472,605.029,555.557
2021-10-15,2021 National Championship,MA,Jeremie Snyder,Warren Elliott,4.400,42.800,605.029,562.229
2021-10-15,2021 National Championship,MA,Jeremie Snyder,W. Orion Fairman,3.901,38.098,605.029,566.931
2021-10-15,2021 National Championship,MA,Jeremie Snyder,Dan Shirley,3.349,32.855,605.029,572.174
2021-10-15,2021 National Championship,MA,Jeremie Snyder,William Petrow,3.136,30.819,605.029,574.210
2021-10-15,2021 National Championship,MA,Jeremie Snyder,Scott Banes,5.182,50.093,605.029,554.936
2021-10-15,2021 National Championship,MA,Jeremie Snyder,Michael Julian,4.407,42.865,605.029,562.164
2021-10-15,2021 National Championship,MA,Jeremie Snyder,Chris Endres,4.190,40.821,605.029,564.208
2021-10-15,2021 National Championship,MA,Jeremie Snyder,Mike Detota,3.419,33.523,605.029,571.506
2021-10-15,2021 National Championship,MA,Jeremie Snyder,Andrew Williamson,3.245,31.865,605.029,573.164
2021-10-15,2021 National Championship,MA,Jeremie Snyder,Mason Verbridge,1.961,19.456,605.029,585.573
2021-10-15,2021 National Championship,MA,Jeremie Snyder,Benjamin Howe,1.831,18.186,605.029,586.843
2021-10-15,2021 National Championship,MA,Jeremie Snyder,Kevin McGowan,1.655,16.462,605.029,588.567
2021-10-15,2021 National Championship,MA,Jeremie Snyder,Nick DeYoung,1.329,13.250,605.029,591.779
2021-10-15,2021 National Championship,MA,Jeremie Snyder,Kent Hamilton,1.216,12.141,605.029,592.888
2021-10-15,2021 National Championship,MA,Jeremie Snyder,Andrew Hamilton,-1.241,-12.648,605.029,617.677
2021-10-15,2021 National Championship,MA,Jeremie Snyder,Jonathan Olschewski,-2.674,-27.582,605.029,632.611
2021-10-15,2021 National Championship,MA,Jeremie Snyder,Ben Kirchner,1.683,16.733,605.029,588.296
2021-10-15,2021 National Championship,MA,Jeremie Snyder,Logan Siegel,1.419,14.146,605.029,590.883
2021-10-15,2021 National Championship,MA,Jeremie Snyder,Jake Namer,1.239,12.366,605.029,592.663
2021-10-15,2021 National Championship,MA,Jeremie Snyder,Mason Nickel,-1.787,-18.291,605.029,623.320
2021-10-15,2021 National Championship,MA,Jeremie Snyder,Todd Briley,-11.372,-126.672,605.029,731.701
2021-10-15,2021 National Championship,MA,Mason Nickel,Jess Moeding,7.569,73.967,623.320,549.353
2021-10-15,2021 National Championship,MA,Mason Nickel,Austin Dowda,6.986,68.584,623.320,554.736
2021-10-15,2021 National Championship,MA,Mason Nickel,Jeff Denmeade,7.374,72.170,623.320,551.150
2021-10-15,2021 National Championship,MA,Mason Nickel,Todd Kean,6.898,67.763,623.320,555.557
2021-10-15,2021 National Championship,MA,Mason Nickel,Warren Elliott,6.184,61.091,623.320,562.229
2021-10-15,2021 National Championship,MA,Mason Nickel,W. Orion Fairman,5.685,56.389,623.320,566.931
2021-10-15,2021 National Championship,MA,Mason Nickel,Dan Shirley,5.134,51.146,623.320,572.174
2021-10-15,2021 National Championship,MA,Mason Nickel,William Petrow,4.921,49.110,623.320,574.210
2021-10-15,2021 National Championship,MA,Mason Nickel,Scott Banes,6.965,68.384,623.320,554.936
2021-10-15,2021 National Championship,MA,Mason Nickel,Michael Julian,6.190,61.156,623.320,562.164
2021-10-15,2021 National Championship,MA,Mason Nickel,Chris Endres,5.973,59.112,623.320,564.208
2021-10-15,2021 National Championship,MA,Mason Nickel,Mike Detota,5.204,51.814,623.320,571.506
2021-10-15,2021 National Championship,MA,Mason Nickel,Andrew Williamson,5.030,50.156,623.320,573.164
2021-10-15,2021 National Championship,MA,Mason Nickel,Mason Verbridge,3.747,37.747,623.320,585.573
2021-10-15,2021 National Championship,MA,Mason Nickel,Benjamin Howe,3.617,36.477,623.320,586.843
2021-10-15,2021 National Championship,MA,Mason Nickel,Kevin McGowan,3.441,34.753,623.320,588.567
2021-10-15,2021 National Championship,MA,Mason Nickel,Nick DeYoung,3.115,31.541,623.320,591.779
2021-10-15,2021 National Championship,MA,Mason Nickel,Kent Hamilton,3.003,30.432,623.320,592.888
2021-10-15,2021 National Championship,MA,Mason Nickel,Andrew Hamilton,0.546,5.643,623.320,617.677
2021-10-15,2021 National Championship,MA,Mason Nickel,Jonathan Olschewski,-0.888,-9.291,623.320,632.611
2021-10-15,2021 National Championship,MA,Mason Nickel,Ben Kirchner,3.469,35.024,623.320,588.296
2021-10-15,2021 National Championship,MA,Mason Nickel,Logan Siegel,3.206,32.437,623.320,590.883
2021-10-15,2021 National Championship,MA,Mason Nickel,Jake Namer,3.025,30.657,623.320,592.663
2021-10-15,2021 National Championship,MA,Mason Nickel,Jeremie Snyder,1.787,18.291,623.320,605.029
2021-10-15,2021 National Championship,MA,Mason Nickel,Todd Briley,-9.598,-108.381,623.320,731.701
2021-10-15,2021 National Championship,MA,Todd Briley,Jess Moeding,17.081,182.348,731.701,549.353
2021-10-15,2021 National Championship,MA,Todd Briley,Austin Dowda,16.507,176.965,731.701,554.736
2021-10-15,2021 National Championship,MA,Todd Briley,Jeff Denmeade,16.889,180.551,731.701,551.150
2021-10-15,2021 National Championship,MA,Todd Briley,Todd Kean,16.420,176.144,731.701,555.557
2021-10-15,2021 National Championship,MA,Todd Briley,Warren Elliott,15.717,169.472,731.701,562.229
2021-10-15,2021 National Championship,MA,Todd Briley,W. Orion Fairman,15.226,164.770,731.701,566.931
2021-10-15,2021 National Championship,MA,Todd Briley,Dan Shirley,14.682,159.527,731.701,572.174
2021-10-15,2021 National Championship,MA,Todd Briley,William Petrow,14.472,157.491,731.701,574.210
2021-10-15,2021 National Championship,MA,Todd Briley,Scott Banes,16.486,176.765,731.701,554.936
2021-10-15,2021 National Championship,MA,Todd Briley,Michael Julian,15.724,169.537,731.701,562.164
2021-10-15,2021 National Championship,MA,Todd Briley,Chris Endres,15.510,167.493,731.701,564.208
2021-10-15,2021 National Championship,MA,Todd Briley,Mike Detota,14.751,160.195,731.701,571.506
2021-10-15,2021 National Championship,MA,Todd Briley,Andrew Williamson,14.580,158.537,731.701,573.164
2021-10-15,2021 National Championship,MA,Todd Briley,Mason Verbridge,13.312,146.128,731.701,585.573
2021-10-15,2021 National Championship,MA,Todd Briley,Benjamin Howe,13.183,144.858,731.701,586.843
2021-10-15,2021 National Championship,MA,Todd Briley,Kevin McGowan,13.010,143.134,731.701,588.567
2021-10-15,2021 National Championship,MA,Todd Briley,Nick DeYoung,12.687,139.922,731.701,591.779
2021-10-15,2021 National Championship,MA,Todd Briley,Kent Hamilton,12.576,138.813,731.701,592.888
2021-10-15,2021 National Championship,MA,Todd Briley,Andrew Hamilton,10.140,114.024,731.701,617.677
2021-10-15,2021 National Championship,MA,Todd Briley,Jonathan Olschewski,8.716,99.090,731.701,632.611
2021-10-15,2021 National Championship,MA,Todd Briley,Ben Kirchner,13.037,143.405,731.701,588.296
2021-10-15,2021 National Championship,MA,Todd Briley,Logan Siegel,12.777,140.818,731.701,590.883
2021-10-15,2021 National Championship,MA,Todd Briley,Jake Namer,12.598,139.038,731.701,592.663
2021-10-15,2021 National Championship,MA,Todd Briley,Jeremie Snyder,11.372,126.672,731.701,605.029
2021-10-15,2021 National Championship,MA,Todd Briley,Mason Nickel,9.598,108.381,731.701,623.320
2020-08-15,2020 DirtFish National Championship,MA,Todd Briley,Austin Dowda,2.247,17.414,473.635,456.221
2020-08-15,2020 DirtFish National Championship,MA,Todd Briley,Jason Fuller,1.528,11.914,473.635,461.721
2020-08-15,2020 DirtFish National Championship,MA,Todd Briley,Jess Moeding,1.478,11.524,473.635,462.111
2020-08-15,2020 DirtFish National Championship,MA,Todd Briley,Kent Hamilton,0.633,4.971,473.635,468.664
2020-08-15,2020 DirtFish National Championship,MA,Todd Briley,Danial Ebling,-0.853,-6.780,473.635,480.415
2020-08-15,2020 DirtFish National Championship,MA,Todd Briley,Eric Less,-0.864,-6.869,473.635,480.504
2020-08-15,2020 DirtFish National Championship,MA,Todd Briley,Jonathan Olschewski,-0.967,-7.695,473.635,481.330
2020-08-15,2020 DirtFish National Championship,MA,Todd Briley,Trenton Von Holten,-1.259,-10.040,473.635,483.675
2020-08-15,2020 DirtFish National Championship,MA,Todd Briley,Chase Girard,-2.331,-18.764,473.635,492.399
2020-08-15,2020 DirtFish National Championship,MA,Todd Briley,Valerie Briley,-3.492,-28.395,473.635,502.030
2020-08-15,2020 DirtFish National Championship,MA,Todd Briley,Kevin Schatz,-3.767,-30.699,473.635,504.334
2020-08-15,2020 DirtFish National Championship,MA,Todd Briley,Philip Pickard,-4.122,-33.697,473.635,507.332
2020-08-15,2020 DirtFish National Championship,MA,Todd Briley,Joe Lavelle,-4.591,-37.681,473.635,511.316
2020-08-15,2020 DirtFish National Championship,MA,Todd Briley,Nathan Jones,-5.491,-45.427,473.635,519.062
2020-08-15,2020 DirtFish National Championship,MA,Todd Briley,Benjamin Hanke,-6.177,-51.410,473.635,525.045
2020-08-15,2020 DirtFish National Championship,MA,Todd Briley,Steven Bright,-6.389,-53.272,473.635,526.907
2020-08-15,2020 DirtFish National Championship,MA,Todd Briley,Caleb Maggard,-8.806,-75.017,473.635,548.652
2020-08-15,2020 DirtFish National Championship,MA,Todd Briley,Richard Thompson,-32.676,-354.461,473.635,828.096
2025-08-31,2025 Great Lakes Divisional,MA,Todd Briley,Jason Fuller,-2.014,-27.875,816.619,844.494
2025-08-31,2025 Great Lakes Divisional,MA,Todd Briley,Michael Harbeson,-4.789,-67.893,816.619,884.512
2025-08-31,2025 Great Lakes Divisional,MA,Todd Briley,Connor Ryan,-5.502,-78.483,816.619,895.102
2025-08-31,2025 Great Lakes Divisional,MA,Todd Briley,Eric Collet,-7.496,-108.818,816.619,925.437
2025-08-31,2025 Great Lakes Divisional,MA,Todd Briley,Jamie Lyvers,-8.356,-122.238,816.619,938.857
2025-08-31,2025 Great Lakes Divisional,MA,Todd Briley,Greggory Rome,-10.677,-159.512,816.619,976.131
2025-08-31,2025 Great Lakes Divisional,MA,Todd Briley,Richard Ross,-14.019,-216.047,816.619,1032.666
2025-08-31,2025 Great Lakes Divisional,MA,Todd Briley,Randy Tackett,-14.710,-228.173,816.619,1044.792
2025-08-31,2025 Great Lakes Divisional,MA,Todd Briley,Tami Tackett,-16.346,-257.553,816.619,1074.172
2025-10-17,2025 National Championship,MA,Todd Briley,Mark Macoubrie,-1.380,-15.418,662.563,677.981
2025-10-17,2025 National Championship,MA,Todd Briley,Benjamin Howe,-1.658,-18.567,662.563,681.130
2025-10-17,2025 National Championship,MA,Todd Briley,Aaron Booms,-2.100,-23.607,662.563,686.170
2025-10-17,2025 National Championship,MA,Todd Briley,Michael Tritt,-2.385,-26.868,662.563,689.431
2025-10-17,2025 National Championship,MA,Todd Briley,Alan Rodriguez,-3.581,-40.762,662.563,703.325
2025-10-17,2025 National Championship,MA,Todd Briley,Benji Knox,-3.830,-43.689,662.563,706.252
2025-10-17,2025 National Championship,MA,Todd Briley,Jason Baney,-4.511,-51.765,662.563,714.328
2025-10-17,2025 National Championship,MA,Todd Briley,Michael Sedlack,-7.238,-85.062,662.563,747.625
2025-10-17,2025 National Championship,MA,Todd Briley,Nicholas Stoll,-7.323,-86.117,662.563,748.680
2025-10-17,2025 National Championship,MA,Todd Briley,John Barnett,-12.847,-158.880,662.563,821.443
2024-06-14,2024 Central Divisional,MA,Todd Briley,Jason Baney,-1.351,-23.826,1046.268,1070.094
2024-06-14,2024 Central Divisional,MA,Todd Briley,Valerie Briley,-2.851,-50.928,1046.268,1097.196
2024-06-14,2024 Central Divisional,MA,Todd Briley,Nefty Bloom,-3.764,-67.763,1046.268,1114.031
2022-09-23,2022 National Championships,MA,Todd Briley,Austin Dowda,1.839,14.478,479.696,465.218
2022-09-23,2022 National Championships,MA,Todd Briley,Kent Hamilton,0.474,3.776,479.696,475.920
2022-09-23,2022 National Championships,MA,Todd Briley,Jonathan Olschewski,0.421,3.351,479.696,476.345
2022-09-23,2022 National Championships,MA,Todd Briley,Dan Quiet,0.238,1.899,479.696,477.797
2022-09-23,2022 National Championships,MA,Todd Briley,Jess Moeding,0.225,1.799,479.696,477.897
2022-09-23,2022 National Championships,MA,Todd Briley,Mark Macoubrie,0.013,0.107,479.696,479.589
2022-09-23,2022 National Championships,MA,Todd Briley,Eric Genack,-0.153,-1.224,479.696,480.920
2022-09-23,2022 National Championships,MA,Todd Briley,Chris Endres,-0.270,-2.164,479.696,481.860
2022-09-23,2022 National Championships,MA,Todd Briley,Michael Miller,-0.531,-4.262,479.696,483.958
2022-09-23,2022 National Championships,MA,Todd Briley,Joe Lavelle,-0.560,-4.499,479.696,484.195
2022-09-23,2022 National Championships,MA,Todd Briley,Danial Ebling,-1.803,-14.631,479.696,494.327
2022-09-23,2022 National Championships,MA,Todd Briley,Harold Denham,-1.827,-14.830,479.696,494.526
2022-09-23,2022 National Championships,MA,Todd Briley,Diego De Castro,-1.912,-15.536,479.696,495.232
2022-09-23,2022 National Championships,MA,Todd Briley,Jonathon Nagel,-2.239,-18.244,479.696,497.940
2022-09-23,2022 National Championships,MA,Todd Briley,Joshua Campfield,-2.264,-18.446,479.696,498.142
2022-09-23,2022 National Championships,MA,Todd Briley,Valerie Briley,-2.373,-19.358,479.696,499.054
2022-09-23,2022 National Championships,MA,Todd Briley,Leonard Kirk,-2.541,-20.754,479.696,500.450
2022-09-23,2022 National Championships,MA,Todd Briley,Drew Little,-2.631,-21.508,479.696,501.204
2022-09-23,2022 National Championships,MA,Todd Briley,Angelica Miller,-2.748,-22.485,479.696,502.181
2022-09-23,2022 National Championships,MA,Todd Briley,Glenn Farrant,-3.968,-32.812,479.696,512.508
2022-09-23,2022 National Championships,MA,Todd Briley,Dillon Nafziger,-4.251,-35.236,479.696,514.932
2022-09-23,2022 National Championships,MA,Todd Briley,Alicia Quiet,-4.404,-36.553,479.696,516.249
2022-09-23,2022 National Championships,MA,Todd Briley,Elizabeth Austin,-4.587,-38.132,479.696,517.828
2022-09-23,2022 National Championships,MA,Todd Briley,Benjamin Howe,-4.870,-40.585,479.696,520.281
2022-09-23,2022 National Championships,MA,Todd Briley,Bob Martin,-4.901,-40.855,479.696,520.551
2023-10-06,2023 National Championship,MA,Todd Briley,Chris Endres,1.118,10.917,591.152,580.235
2023-10-06,2023 National Championship,MA,Todd Briley,Mark Macoubrie,-0.247,-2.435,591.152,593.587
2023-10-06,2023 National Championship,MA,Todd Briley,Danial Ebling,-1.514,-15.112,591.152,606.264
2023-10-06,2023 National Championship,MA,Todd Briley,Niles Davis,-1.571,-15.681,591.152,606.833
2023-10-06,2023 National Championship,MA,Todd Briley,Shane Blankenship,-1.636,-16.345,591.152,607.497
2023-10-06,2023 National Championship,MA,Todd Briley,Benjamin Howe,-2.490,-25.048,591.152,616.200
2023-10-06,2023 National Championship,MA,Todd Briley,Alex Reinkordt,-2.793,-28.172,591.152,619.324
2023-10-06,2023 National Championship,MA,Todd Briley,Kevin Schatz,-3.036,-30.684,591.152,621.836
2023-10-06,2023 National Championship,MA,Todd Briley,Valerie Briley,-3.720,-37.827,591.152,628.979
2023-10-06,2023 National Championship,MA,Todd Briley,Joshua Campfield,-4.530,-46.384,591.152,637.536
2023-10-06,2023 National Championship,MA,Todd Briley,Nefty Bloom,-5.274,-54.350,591.152,645.502
2023-10-06,2023 National Championship,MA,Todd Briley,Ryan Plourde,-5.786,-59.895,591.152,651.047
2023-10-06,2023 National Championship,MA,Todd Briley,Joshua Mefford,-6.250,-64.967,591.152,656.119
2023-10-06,2023 National Championship,MA,Todd Briley,Jess Moeding,-7.609,-80.042,591.152,671.194
2023-10-06,2023 National Championship,MA,Todd Briley,Austin Dowda,-8.179,-86.477,591.152,677.629
2023-10-06,2023 National Championship,MA,Todd Briley,Kent Hamilton,-9.310,-99.446,591.152,690.598
2023-10-06,2023 National Championship,MA,Todd Briley,Blake McIntyre,-10.618,-114.767,591.152,705.919
2023-10-06,2023 National Championship,MA,Todd Briley,Chris Delaney,-10.687,-115.589,591.152,706.741
2023-10-06,2023 National Championship,MA,Todd Briley,Jonathan Olschewski,-11.011,-119.447,591.152,710.599
2023-10-06,2023 National Championship,MA,Todd Briley,James Woodward,-12.049,-131.961,591.152,723.113
2021-10-15,2021 National Championship,C2,Cole Powelson,Jakey Harper,-3.844,-37.974,573.772,611.746
2021-10-15,2021 National Championship,C2,Jakey Harper,Cole Powelson,3.844,37.974,611.746,573.772
2024-08-10,2024 Sediv Divisional,UM,Rogerio Balbino,Jonathan Coatney,-1.822,-18.133,587.966,606.099
2025-08-31,2025 Great Lakes Divisional,UM,Rogerio Balbino,Jonathan Coatney,0.496,6.912,839.654,832.742
2024-10-18,2024 National Championships,UM,Rogerio Balbino,Jonathan Coatney,0.633,7.408,705.490,698.082
2024-10-18,2024 National Championships,UM,Rogerio Balbino,Logan Johnson,-0.368,-4.341,705.490,709.831
2024-10-18,2024 National Championships,UM,Rogerio Balbino,Dane Christensen,-1.596,-19.023,705.490,724.513
2024-08-10,2024 Sediv Divisional,UM,Jonathan Coatney,Rogerio Balbino,1.822,18.133,606.099,587.966
2025-08-31,2025 Great Lakes Divisional,UM,Jonathan Coatney,Rogerio Balbino,-0.496,-6.912,832.742,839.654
2024-10-18,2024 National Championships,UM,Jonathan Coatney,Rogerio Balbino,-0.633,-7.408,698.082,705.490
2024-10-18,2024 National Championships,UM,Jonathan Coatney,Logan Johnson,-1.001,-11.749,698.082,709.831
2024-10-18,2024 National Championships,UM,Jonathan Coatney,Dane Christensen,-2.230,-26.431,698.082,724.513
2024-08-10,2024 Sediv Divisional,RT,Preston Niebuhr,Steve Cerqueira,0.015,0.168,655.574,655.406
2024-08-10,2024 Sediv Divisional,RT,Preston Niebuhr,Meagan Methered,-1.324,-14.632,655.574,670.206
2024-08-10,2024 Sediv Divisional,RT,Preston Niebuhr,Eli Drennan,-1.547,-17.125,655.574,672.699
2024-08-10,2024 Sediv Divisional,RT,Preston Niebuhr,Ashley Roper,-1.735,-19.237,655.574,674.811
2024-08-10,2024 Sediv Divisional,RT,Preston Niebuhr,Michael Donovan,-3.836,-43.302,655.574,698.876
2024-08-10,2024 Sediv Divisional,RT,Preston Niebuhr,Edwin Estep,-5.096,-58.147,655.574,713.721
2024-08-10,2024 Sediv Divisional,RT,Preston Niebuhr,Zachary Williams,-9.299,-110.134,655.574,765.708
2024-08-10,2024 Sediv Divisional,RT,Preston Niebuhr,Zachary Miller,-13.038,-159.817,655.574,815.391
2024-08-10,2024 Sediv Divisional,RT,Meagan Methered,Steve Cerqueira,1.340,14.800,670.206,655.406
2024-08-10,2024 Sediv Divisional,RT,Meagan Methered,Preston Niebuhr,1.324,14.632,670.206,655.574
2024-08-10,2024 Sediv Divisional,RT,Meagan Methered,Eli Drennan,-0.223,-2.493,670.206,672.699
2024-08-10,2024 Sediv Divisional,RT,Meagan Methered,Ashley Roper,-0.411,-4.605,670.206,674.811
2024-08-10,2024 Sediv Divisional,RT,Meagan Methered,Michael Donovan,-2.513,-28.670,670.206,698.876
2024-08-10,2024 Sediv Divisional,RT,Meagan Methered,Edwin Estep,-3.773,-43.515,670.206,713.721
2024-08-10,2024 Sediv Divisional,RT,Meagan Methered,Zachary Williams,-7.981,-95.502,670.206,765.708
2024-08-10,2024 Sediv Divisional,RT,Meagan Methered,Zachary Miller,-11.727,-145.185,670.206,815.391
2024-08-10,2024 Sediv Divisional,RT,Zachary Williams,Steve Cerqueira,9.314,110.302,765.708,655.406
2024-08-10,2024 Sediv Divisional,RT,Zachary Williams,Preston Niebuhr,9.299,110.134,765.708,655.574
2024-08-10,2024 Sediv Divisional,RT,Zachary Williams,Meagan Methered,7.981,95.502,765.708,670.206
2024-08-10,2024 Sediv Divisional,RT,Zachary Williams,Eli Drennan,7.759,93.009,765.708,672.699
2024-08-10,2024 Sediv Divisional,RT,Zachary Williams,Ashley Roper,7.572,90.897,765.708,674.811
2024-08-10,2024 Sediv Divisional,RT,Zachary Williams,Michael Donovan,5.476,66.832,765.708,698.876
2024-08-10,2024 Sediv Divisional,RT,Zachary Williams,Edwin Estep,4.217,51.987,765.708,713.721
2024-08-10,2024 Sediv Divisional,RT,Zachary Williams,Zachary Miller,-3.771,-49.683,765.708,815.391
2024-08-10,2024 Sediv Divisional,RT,Zachary Miller,Steve Cerqueira,13.053,159.985,815.391,655.406
2024-08-10,2024 Sediv Divisional,RT,Zachary Miller,Preston Niebuhr,13.038,159.817,815.391,655.574
2024-08-10,2024 Sediv Divisional,RT,Zachary Miller,Meagan Methered,11.727,145.185,815.391,670.206
2024-08-10,2024 Sediv Divisional,RT,Zachary Miller,Eli Drennan,11.507,142.692,815.391,672.699
2024-08-10,2024 Sediv Divisional,RT,Zachary Miller,Ashley Roper,11.320,140.580,815.391,674.811
2024-08-10,2024 Sediv Divisional,RT,Zachary Miller,Michael Donovan,9.233,116.515,815.391,698.876
2024-08-10,2024 Sediv Divisional,RT,Zachary Miller,Edwin Estep,7.979,101.670,815.391,713.721
2024-08-10,2024 Sediv Divisional,RT,Zachary Miller,Zachary Williams,3.771,49.683,815.391,765.708
2024-08-10,2024 Sediv Divisional,SF,Johnny Brewster,Tom Harrington,1.965,19.946,618.889,598.943
2024-08-10,2024 Sediv Divisional,SF,Johnny Brewster,Shawna Bowman,1.389,14.164,618.889,604.725
2024-08-10,2024 Sediv Divisional,SF,Johnny Brewster,Kane Nale,-3.601,-38.298,618.889,657.187
2024-10-18,2024 National Championships,SF,Johnny Brewster,Donald Carl,2.887,34.806,740.669,705.863
2024-10-18,2024 National Championships,SF,Johnny Brewster,Tom Harrington,2.668,32.221,740.669,708.448
2024-10-18,2024 National Championships,SF,Johnny Brewster,Hubert Borowski,2.609,31.522,740.669,709.147
2024-10-18,2024 National Championships,SF,Johnny Brewster,Vincent Dozeman,1.430,17.450,740.669,723.219
2024-10-18,2024 National Championships,SF,Johnny Brewster,Shawna Bowman,0.578,7.103,740.669,733.566
2024-10-18,2024 National Championships,SF,Johnny Brewster,Lee Reynolds,-0.725,-9.009,740.669,749.678
2024-10-18,2024 National Championships,SF,Johnny Brewster,Samantha Steelman,-0.856,-10.648,740.669,751.317
2024-10-18,2024 National Championships,SF,Johnny Brewster,Kane Nale,-4.222,-54.013,740.669,794.682
2024-10-18,2024 National Championships,SF,Johnny Brewster,Chris Crafford,-4.398,-56.350,740.669,797.019
2024-08-10,2024 Sediv Divisional,SF,Kane Nale,Tom Harrington,5.564,58.244,657.187,598.943
2024-08-10,2024 Sediv Divisional,SF,Kane Nale,Shawna Bowman,4.989,52.462,657.187,604.725
2024-08-10,2024 Sediv Divisional,SF,Kane Nale,Johnny Brewster,3.601,38.298,657.187,618.889
2025-10-17,2025 National Championship,SF,Kane Nale,Tom Harrington,14.295,205.335,964.541,759.206
2025-10-17,2025 National Championship,SF,Kane Nale,Chris Raglin,14.106,202.913,964.541,761.628
2025-10-17,2025 National Championship,SF,Kane Nale,Ryan Finch,13.363,193.299,964.541,771.242
2025-10-17,2025 National Championship,SF,Kane Nale,Hubert Borowski,12.680,184.357,964.541,780.184
2025-10-17,2025 National Championship,SF,Kane Nale,Shawna Bowman,12.449,181.320,964.541,783.221
2025-10-17,2025 National Championship,SF,Kane Nale,Harold Denham,10.333,152.945,964.541,811.596
2025-10-17,2025 National Championship,SF,Kane Nale,Alicia Harrington,9.124,136.316,964.541,828.225
2025-10-17,2025 National Championship,SF,Kane Nale,Keith Lightfoot,8.781,131.539,964.541,833.002
2024-10-18,2024 National Championships,SF,Kane Nale,Donald Carl,7.103,88.819,794.682,705.863
2024-10-18,2024 National Championships,SF,Kane Nale,Tom Harrington,6.884,86.234,794.682,708.448
2024-10-18,2024 National Championships,SF,Kane Nale,Hubert Borowski,6.825,85.535,794.682,709.147
2024-10-18,2024 National Championships,SF,Kane Nale,Vincent Dozeman,5.650,71.463,794.682,723.219
2024-10-18,2024 National Championships,SF,Kane Nale,Shawna Bowman,4.799,61.116,794.682,733.566
2024-10-18,2024 National Championships,SF,Kane Nale,Johnny Brewster,4.222,54.013,794.682,740.669
2024-10-18,2024 National Championships,SF,Kane Nale,Lee Reynolds,3.497,45.004,794.682,749.678
2024-10-18,2024 National Championships,SF,Kane Nale,Samantha Steelman,3.366,43.365,794.682,751.317
2024-10-18,2024 National Championships,SF,Kane Nale,Chris Crafford,-0.176,-2.337,794.682,797.019
2024-08-10,2024 Sediv Divisional,SR,Don Perlick,Logan Altmyer,2.378,24.331,626.077,601.746
2024-08-10,2024 Sediv Divisional,SR,Don Perlick,Adam Raymer,1.261,13.025,626.077,613.052
2024-08-10,2024 Sediv Divisional,SR,Don Perlick,Steven Critchfield,-6.577,-72.608,626.077,698.685
2024-08-10,2024 Sediv Divisional,SR,Don Perlick,John Jones,-20.313,-255.145,626.077,881.222
2024-08-31,2024 Great Lakes Divisional,SR,Don Perlick,Michael Golden,8.990,95.771,687.046,591.275
2024-08-31,2024 Great Lakes Divisional,SR,Don Perlick,Greggory Rome,2.443,27.415,687.046,659.631
2024-08-10,2024 Sediv Divisional,SR,Steven Critchfield,Logan Altmyer,8.945,96.939,698.685,601.746
2024-08-10,2024 Sediv Divisional,SR,Steven Critchfield,Adam Raymer,7.834,85.633,698.685,613.052
2024-08-10,2024 Sediv Divisional,SR,Steven Critchfield,Don Perlick,6.577,72.608,698.685,626.077
2024-08-10,2024 Sediv Divisional,SR,Steven Critchfield,John Jones,-13.864,-182.537,698.685,881.222
2024-08-10,2024 Sediv Divisional,SR,John Jones,Logan Altmyer,22.615,279.476,881.222,601.746
2024-08-10,2024 Sediv Divisional,SR,John Jones,Adam Raymer,21.536,268.170,881.222,613.052
2024-08-10,2024 Sediv Divisional,SR,John Jones,Don Perlick,20.313,255.145,881.222,626.077
2024-08-10,2024 Sediv Divisional,SR,John Jones,Steven Critchfield,13.864,182.537,881.222,698.685
2024-08-10,2024 Sediv Divisional,SA,Robert Seelig,Shelton Wright,0.434,4.107,570.208,566.101
2024-08-10,2024 Sediv Divisional,SA,Robert Seelig,Charles Wright,0.004,0.039,570.208,570.169
2024-08-10,2024 Sediv Divisional,SA,Robert Seelig,Timothy Thompson,-0.351,-3.345,570.208,573.553
2024-08-10,2024 Sediv Divisional,SA,Robert Seelig,Casey Hamm,-3.035,-29.596,570.208,599.804
2024-08-10,2024 Sediv Divisional,SA,Robert Seelig,Michael Harbeson,-4.589,-45.350,570.208,615.558
2024-08-10,2024 Sediv Divisional,SA,Robert Seelig,Thomas Morris,-5.567,-55.483,570.208,625.691
2024-08-10,2024 Sediv Divisional,SA,Robert Seelig,Tristan Washburn,-5.600,-55.825,570.208,626.033
2024-08-10,2024 Sediv Divisional,SA,Robert Seelig,Chris Mattingly,-10.423,-108.479,570.208,678.687
2024-08-10,2024 Sediv Divisional,SA,Robert Seelig,Jamie Lyvers,-15.036,-163.358,570.208,733.566
2024-08-10,2024 Sediv Divisional,SA,Robert Seelig,Jennifer Samardak,-22.801,-267.525,570.208,837.733
2025-10-17,2025 National Championship,SA,Robert Seelig,Timothy Thompson,1.352,16.375,734.859,718.484
2025-10-17,2025 National Championship,SA,Robert Seelig,Charles Wright,-0.356,-4.372,734.859,739.231
2025-10-17,2025 National Championship,SA,Robert Seelig,Jan Gerber,-0.798,-9.840,734.859,744.699
2025-10-17,2025 National Championship,SA,Robert Seelig,Shelton Wright,-4.041,-51.213,734.859,786.072
2025-10-17,2025 National Championship,SA,Robert Seelig,Jesse Thompson,-6.034,-77.814,734.859,812.673
2025-10-17,2025 National Championship,SA,Robert Seelig,Steve Ducharme,-8.733,-115.347,734.859,850.206
2024-06-14,2024 Central Divisional,SA,Robert Seelig,Timothy Thompson,-0.003,-0.052,1075.921,1075.973
2025-07-05,2025 Midwest Divisional,SA,Robert Seelig,Timothy Thompson,2.296,32.576,867.585,835.009
2025-07-05,2025 Midwest Divisional,SA,Robert Seelig,Jesse Thompson,-4.231,-63.413,867.585,930.998
2023-10-06,2023 National Championship,SA,Robert Seelig,Timothy Thompson,1.557,16.269,635.031,618.762
2023-10-06,2023 National Championship,SA,Robert Seelig,Jan Gerber,0.570,6.000,635.031,629.031
2023-10-06,2023 National Championship,SA,Robert Seelig,Zachary Smith,-1.013,-10.808,635.031,645.839
2023-10-06,2023 National Championship,SA,Robert Seelig,Sean Heinrich,-1.569,-16.828,635.031,651.859
2023-10-06,2023 National Championship,SA,Robert Seelig,Ryan Ruhle,-3.503,-38.189,635.031,673.220
2023-10-06,2023 National Championship,SA,Robert Seelig,ML Culpepper,-3.579,-39.046,635.031,674.077
2023-10-06,2023 National Championship,SA,Robert Seelig,Mason Smith,-3.611,-39.406,635.031,674.437
2023-10-06,2023 National Championship,SA,Robert Seelig,Steve Ducharme,-5.070,-56.030,635.031,691.061
2023-10-06,2023 National Championship,SA,Robert Seelig,Randy Eickhoff,-6.559,-73.429,635.031,708.460
2023-10-06,2023 National Championship,SA,Robert Seelig,Rick Myers,-11.043,-128.719,635.031,763.750
2024-10-18,2024 National Championships,SA,Robert Seelig,Shelton Wright,2.156,24.845,703.780,678.935
2024-10-18,2024 National Championships,SA,Robert Seelig,Timothy Thompson,1.658,19.188,703.780,684.592
2024-10-18,2024 National Championships,SA,Robert Seelig,Jan Gerber,1.476,17.107,703.780,686.673
2024-10-18,2024 National Championships,SA,Robert Seelig,Charles Wright,1.119,13.002,703.780,690.778
2024-10-18,2024 National Championships,SA,Robert Seelig,Ryan Finch,-1.749,-20.820,703.780,724.600
2024-10-18,2024 National Championships,SA,Robert Seelig,Charles Krampert,-3.384,-40.841,703.780,744.621
2024-10-18,2024 National Championships,SA,Robert Seelig,Steve Ducharme,-4.691,-57.256,703.780,761.036
2024-08-10,2024 Sediv Divisional,SA,Michael Harbeson,Shelton Wright,5.022,49.457,615.558,566.101
2024-08-10,2024 Sediv Divisional,SA,Michael Harbeson,Charles Wright,4.594,45.389,615.558,570.169
2024-08-10,2024 Sediv Divisional,SA,Michael Harbeson,Robert Seelig,4.589,45.350,615.558,570.208
2024-08-10,2024 Sediv Divisional,SA,Michael Harbeson,Timothy Thompson,4.239,42.005,615.558,573.553
2024-08-10,2024 Sediv Divisional,SA,Michael Harbeson,Casey Hamm,1.555,15.754,615.558,599.804
2024-08-10,2024 Sediv Divisional,SA,Michael Harbeson,Thomas Morris,-0.980,-10.133,615.558,625.691
2024-08-10,2024 Sediv Divisional,SA,Michael Harbeson,Tristan Washburn,-1.012,-10.475,615.558,626.033
2024-08-10,2024 Sediv Divisional,SA,Michael Harbeson,Chris Mattingly,-5.853,-63.129,615.558,678.687
2024-08-10,2024 Sediv Divisional,SA,Michael Harbeson,Jamie Lyvers,-10.496,-118.008,615.558,733.566
2024-08-10,2024 Sediv Divisional,SA,Michael Harbeson,Jennifer Samardak,-18.345,-222.175,615.558,837.733
2024-08-10,2024 Sediv Divisional,SA,Tristan Washburn,Shelton Wright,6.033,59.932,626.033,566.101
2024-08-10,2024 Sediv Divisional,SA,Tristan Washburn,Charles Wright,5.604,55.864,626.033,570.169
2024-08-10,2024 Sediv Divisional,SA,Tristan Washburn,Robert Seelig,5.600,55.825,626.033,570.208
2024-08-10,2024 Sediv Divisional,SA,Tristan Washburn,Timothy Thompson,5.250,52.480,626.033,573.553
2024-08-10,2024 Sediv Divisional,SA,Tristan Washburn,Casey Hamm,2.568,26.229,626.033,599.804
2024-08-10,2024 Sediv Divisional,SA,Tristan Washburn,Michael Harbeson,1.012,10.475,626.033,615.558
2024-08-10,2024 Sediv Divisional,SA,Tristan Washburn,Thomas Morris,0.033,0.342,626.033,625.691
2024-08-10,2024 Sediv Divisional,SA,Tristan Washburn,Chris Mattingly,-4.843,-52.654,626.033,678.687
2024-08-10,2024 Sediv Divisional,SA,Tristan Washburn,Jamie Lyvers,-9.491,-107.533,626.033,733.566
2024-08-10,2024 Sediv Divisional,SA,Tristan Washburn,Jennifer Samardak,-17.355,-211.700,626.033,837.733
2024-08-10,2024 Sediv Divisional,SA,Chris Mattingly,Shelton Wright,10.854,112.586,678.687,566.101
2024-08-10,2024 Sediv Divisional,SA,Chris Mattingly,Charles Wright,10.427,108.518,678.687,570.169
2024-08-10,2024 Sediv Divisional,SA,Chris Mattingly,Robert Seelig,10.423,108.479,678.687,570.208
2024-08-10,2024 Sediv Divisional,SA,Chris Mattingly,Timothy Thompson,10.075,105.134,678.687,573.553
2024-08-10,2024 Sediv Divisional,SA,Chris Mattingly,Casey Hamm,7.404,78.883,678.687,599.804
2024-08-10,2024 Sediv Divisional,SA,Chris Mattingly,Michael Harbeson,5.853,63.129,678.687,615.558
2024-08-10,2024 Sediv Divisional,SA,Chris Mattingly,Thomas Morris,4.876,52.996,678.687,625.691
2024-08-10,2024 Sediv Divisional,SA,Chris Mattingly,Tristan Washburn,4.843,52.654,678.687,626.033
2024-08-10,2024 Sediv Divisional,SA,Chris Mattingly,Jamie Lyvers,-4.663,-54.879,678.687,733.566
2024-08-10,2024 Sediv Divisional,SA,Chris Mattingly,Jennifer Samardak,-12.586,-159.046,678.687,837.733
2024-08-10,2024 Sediv Divisional,SA,Jamie Lyvers,Shelton Wright,15.462,167.465,733.566,566.101
2024-08-10,2024 Sediv Divisional,SA,Jamie Lyvers,Charles Wright,15.040,163.397,733.566,570.169
2024-08-10,2024 Sediv Divisional,SA,Jamie Lyvers,Robert Seelig,15.036,163.358,733.566,570.208
2024-08-10,2024 Sediv Divisional,SA,Jamie Lyvers,Timothy Thompson,14.690,160.013,733.566,573.553
2024-08-10,2024 Sediv Divisional,SA,Jamie Lyvers,Casey Hamm,12.038,133.762,733.566,599.804
2024-08-10,2024 Sediv Divisional,SA,Jamie Lyvers,Michael Harbeson,10.496,118.008,733.566,615.558
2024-08-10,2024 Sediv Divisional,SA,Jamie Lyvers,Thomas Morris,9.524,107.875,733.566,625.691
2024-08-10,2024 Sediv Divisional,SA,Jamie Lyvers,Tristan Washburn,9.491,107.533,733.566,626.033
2024-08-10,2024 Sediv Divisional,SA,Jamie Lyvers,Chris Mattingly,4.663,54.879,733.566,678.687
2024-08-10,2024 Sediv Divisional,SA,Jamie Lyvers,Jennifer Samardak,-7.955,-104.167,733.566,837.733
2024-08-10,2024 Sediv Divisional,PF,Jason Fuller,Matthew Thompson,-0.557,-5.458,585.188,590.646
2024-08-10,2024 Sediv Divisional,PF,Jason Fuller,Christian Retterer,-1.506,-14.879,585.188,600.067
2024-08-10,2024 Sediv Divisional,PF,Jason Fuller,Edwin Cunill,-3.341,-33.521,585.188,618.709
2024-08-10,2024 Sediv Divisional,PF,Jason Fuller,Ryan Hard,-3.372,-33.843,585.188,619.031
2024-08-10,2024 Sediv Divisional,PF,Jason Fuller,Alan Copeland,-4.298,-43.474,585.188,628.662
2024-08-10,2024 Sediv Divisional,PF,Jason Fuller,Chaz Smith,-6.827,-70.600,585.188,655.788
2024-08-10,2024 Sediv Divisional,PF,Jason Fuller,James Meeks,-14.195,-157.025,585.188,742.213
2024-10-18,2024 National Championships,PF,Jason Fuller,Christian Retterer,-1.609,-18.897,695.077,713.974
2024-10-18,2024 National Championships,PF,Jason Fuller,David Capesius,-1.921,-22.615,695.077,717.692
2024-10-18,2024 National Championships,PF,Jason Fuller,Edwin Cunill,-2.515,-29.763,695.077,724.840
2024-10-18,2024 National Championships,PF,Jason Fuller,Peter Dozeman,-3.272,-38.971,695.077,734.048
2024-10-18,2024 National Championships,PF,Jason Fuller,Bradley Kropp,-4.523,-54.448,695.077,749.525
2024-10-18,2024 National Championships,PF,Jason Fuller,Bryan Tippens,-5.967,-72.747,695.077,767.824
2024-08-10,2024 Sediv Divisional,PF,Alan Copeland,Jason Fuller,4.298,43.474,628.662,585.188
2024-08-10,2024 Sediv Divisional,PF,Alan Copeland,Matthew Thompson,3.741,38.016,628.662,590.646
2024-08-10,2024 Sediv Divisional,PF,Alan Copeland,Christian Retterer,2.793,28.595,628.662,600.067
2024-08-10,2024 Sediv Divisional,PF,Alan Copeland,Edwin Cunill,0.958,9.953,628.662,618.709
2024-08-10,2024 Sediv Divisional,PF,Alan Copeland,Ryan Hard,0.926,9.631,628.662,619.031
2024-08-10,2024 Sediv Divisional,PF,Alan Copeland,Chaz Smith,-2.534,-27.126,628.662,655.788
2024-08-10,2024 Sediv Divisional,PF,Alan Copeland,James Meeks,-9.940,-113.551,628.662,742.213
2024-08-10,2024 Sediv Divisional,PF,James Meeks,Jason Fuller,14.195,157.025,742.213,585.188
2024-08-10,2024 Sediv Divisional,PF,James Meeks,Matthew Thompson,13.646,151.567,742.213,590.646
2024-08-10,2024 Sediv Divisional,PF,James Meeks,Christian Retterer,12.708,142.146,742.213,600.067
2024-08-10,2024 Sediv Divisional,PF,James Meeks,Edwin Cunill,10.890,123.504,742.213,618.709
2024-08-10,2024 Sediv Divisional,PF,James Meeks,Ryan Hard,10.859,123.182,742.213,619.031
2024-08-10,2024 Sediv Divisional,PF,James Meeks,Alan Copeland,9.940,113.551,742.213,628.662
2024-08-10,2024 Sediv Divisional,PF,James Meeks,Chaz Smith,7.418,86.425,742.213,655.788
2024-08-10,2024 Sediv Divisional,PR,Rudy Bowen,Jeremiah Hemphill,2.303,24.973,663.072,638.099
2024-08-10,2024 Sediv Divisional,PR,Rudy Bowen,Casey Tolbert,1.471,16.061,663.072,647.011
2024-10-18,2024 National Championships,PR,Rudy Bowen,Shawn Roberts,6.869,83.675,772.775,689.100
2024-10-18,2024 National Championships,PR,Rudy Bowen,Niles Davis,5.758,70.760,772.775,702.015
2024-10-18,2024 National Championships,PR,Rudy Bowen,Joshua Mefford,4.216,52.463,772.775,720.312
2024-10-18,2024 National Championships,PR,Rudy Bowen,Gonzalo San Miguel,3.587,44.857,772.775,727.918
2024-10-18,2024 National Championships,PR,Rudy Bowen,Jeremiah Hemphill,3.495,43.745,772.775,729.030
2024-10-18,2024 National Championships,PR,Rudy Bowen,Jason Lee,2.590,32.653,772.775,740.122
2024-10-18,2024 National Championships,PR,Rudy Bowen,Katie Orgler,1.758,22.311,772.775,750.464
2024-10-18,2024 National Championships,PR,Rudy Bowen,Pete Remner,1.433,18.234,772.775,754.541
2024-10-18,2024 National Championships,PR,Rudy Bowen,Casey Tolbert,0.737,9.435,772.775,763.340
2024-10-18,2024 National Championships,PR,Rudy Bowen,William Watson,-0.658,-8.525,772.775,781.300
2024-10-18,2024 National Championships,PR,Rudy Bowen,Chris Johnson,-1.853,-24.243,772.775,797.018
2024-10-18,2024 National Championships,PR,Rudy Bowen,Ben Guiraldes,-2.009,-26.312,772.775,799.087
2024-10-18,2024 National Championships,PR,Rudy Bowen,Chris Raglin,-4.404,-58.881,772.775,831.656
2024-10-18,2024 National Championships,PR,Rudy Bowen,Karissa Peel,-8.762,-121.742,772.775,894.517
2024-08-10,2024 Sediv Divisional,PA,Matt Thiemann,ML Culpepper,-4.753,-48.661,589.914,638.575
2024-08-10,2024 Sediv Divisional,PA,Matt Thiemann,Nicholas Maier,-8.816,-93.554,589.914,683.468
2024-08-10,2024 Sediv Divisional,PA,Matt Thiemann,Zachary O'Hare,-10.781,-116.460,589.914,706.374
2024-08-10,2024 Sediv Divisional,PA,Matt Thiemann,Brandon Clayton,-11.199,-121.435,589.914,711.349
2024-08-10,2024 Sediv Divisional,PA,ML Culpepper,Matt Thiemann,4.753,48.661,638.575,589.914
2024-08-10,2024 Sediv Divisional,PA,ML Culpepper,Nicholas Maier,-4.075,-44.893,638.575,683.468
2024-08-10,2024 Sediv Divisional,PA,ML Culpepper,Zachary O'Hare,-6.049,-67.799,638.575,706.374
2024-08-10,2024 Sediv Divisional,PA,ML Culpepper,Brandon Clayton,-6.469,-72.774,638.575,711.349
2024-08-10,2024 Sediv Divisional,PA,Nicholas Maier,Matt Thiemann,8.816,93.554,683.468,589.914
2024-08-10,2024 Sediv Divisional,PA,Nicholas Maier,ML Culpepper,4.075,44.893,683.468,638.575
2024-08-10,2024 Sediv Divisional,PA,Nicholas Maier,Zachary O'Hare,-1.978,-22.906,683.468,706.374
2024-08-10,2024 Sediv Divisional,PA,Nicholas Maier,Brandon Clayton,-2.399,-27.881,683.468,711.349
2024-08-10,2024 Sediv Divisional,PA,Brandon Clayton,Matt Thiemann,11.199,121.435,711.349,589.914
2024-08-10,2024 Sediv Divisional,PA,Brandon Clayton,ML Culpepper,6.469,72.774,711.349,638.575
2024-08-10,2024 Sediv Divisional,PA,Brandon Clayton,Nicholas Maier,2.399,27.881,711.349,683.468
2024-08-10,2024 Sediv Divisional,PA,Brandon Clayton,Zachary O'Hare,0.421,4.975,711.349,706.374
2024-08-10,2024 Sediv Divisional,MF,John Schellenberg,Colin Kilby,0.635,6.538,620.595,614.057
2024-08-10,2024 Sediv Divisional,MF,John Schellenberg,Brian Peel,-0.567,-5.896,620.595,626.491
2024-08-10,2024 Sediv Divisional,MF,John Schellenberg,Jerry Ashmore,-0.607,-6.312,620.595,626.907
2024-08-10,2024 Sediv Divisional,MF,John Schellenberg,William Dehne,-0.748,-7.786,620.595,628.381
2025-10-17,2025 National Championship,MF,John Schellenberg,Andy Thomas,7.091,83.176,745.390,662.214
2025-10-17,2025 National Championship,MF,John Schellenberg,Jarrod Barlow,3.877,46.661,745.390,698.729
2025-10-17,2025 National Championship,MF,John Schellenberg,Colin Kilby,2.745,33.334,745.390,712.056
2025-10-17,2025 National Championship,MF,John Schellenberg,Justin Harris,2.545,30.958,745.390,714.432
2025-10-17,2025 National Championship,MF,John Schellenberg,Brian Peel,2.095,25.574,745.390,719.816
2025-10-17,2025 National Championship,MF,John Schellenberg,Donald Carl,0.429,5.309,745.390,740.081
2025-10-17,2025 National Championship,MF,John Schellenberg,Logan Dehne,-0.478,-5.964,745.390,751.354
2025-10-17,2025 National Championship,MF,John Schellenberg,Charles Carl,-2.435,-30.871,745.390,776.261
2025-10-17,2025 National Championship,MF,John Schellenberg,Quinn Harris,-4.074,-52.392,745.390,797.782
2025-10-17,2025 National Championship,MF,John Schellenberg,William Dehne,-4.455,-57.484,745.390,802.874
2025-10-17,2025 National Championship,MF,John Schellenberg,Karissa Peel,-6.860,-90.391,745.390,835.781
2025-10-17,2025 National Championship,MF,John Schellenberg,Nelson Santos,-14.637,-207.099,745.390,952.489
2025-10-17,2025 National Championship,MF,John Schellenberg,James Dale,-14.779,-209.390,745.390,954.780
2025-10-17,2025 National Championship,MF,John Schellenberg,Zbigniew Lorenc,-16.034,-229.917,745.390,975.307
2024-10-18,2024 National Championships,MF,John Schellenberg,Andy Thomas,3.909,46.063,730.040,683.977
2024-10-18,2024 National Championships,MF,John Schellenberg,Zbigniew Lorenc,3.769,44.464,730.040,685.576
2024-10-18,2024 National Championships,MF,John Schellenberg,Blanton Payne,3.560,42.069,730.040,687.971
2024-10-18,2024 National Championships,MF,John Schellenberg,Jarrod Barlow,2.437,29.063,730.040,700.977
2024-10-18,2024 National Championships,MF,John Schellenberg,Colin Kilby,2.012,24.072,730.040,705.968
2024-10-18,2024 National Championships,MF,John Schellenberg,Justin Harris,1.679,20.145,730.040,709.895
2024-10-18,2024 National Championships,MF,John Schellenberg,Brian Peel,1.620,19.446,730.040,710.594
2024-10-18,2024 National Championships,MF,John Schellenberg,Bret Hunter,1.405,16.896,730.040,713.144
2024-10-18,2024 National Championships,MF,John Schellenberg,Jim Rowland,1.327,15.964,730.040,714.076
2024-10-18,2024 National Championships,MF,John Schellenberg,Logan Dehne,-0.017,-0.208,730.040,730.248
2024-10-18,2024 National Championships,MF,John Schellenberg,William Dehne,-1.426,-17.559,730.040,747.599
2024-10-18,2024 National Championships,MF,John Schellenberg,Jerry Ashmore,-1.923,-23.779,730.040,753.819
2024-10-18,2024 National Championships,MF,John Schellenberg,Josh Karczewski,-2.450,-30.436,730.040,760.476
2024-10-18,2024 National Championships,MF,John Schellenberg,Pete Bates,-4.988,-63.326,730.040,793.366
2024-10-18,2024 National Championships,MF,John Schellenberg,Alan Hoppe Jr,-8.797,-115.500,730.040,845.540
2024-10-18,2024 National Championships,MF,John Schellenberg,Alan Hoppe,-9.158,-120.637,730.040,850.677
2024-08-10,2024 Sediv Divisional,MF,Jerry Ashmore,Colin Kilby,1.243,12.850,626.907,614.057
2024-08-10,2024 Sediv Divisional,MF,Jerry Ashmore,John Schellenberg,0.607,6.312,626.907,620.595
2024-08-10,2024 Sediv Divisional,MF,Jerry Ashmore,Brian Peel,0.040,0.416,626.907,626.491
2024-08-10,2024 Sediv Divisional,MF,Jerry Ashmore,William Dehne,-0.141,-1.474,626.907,628.381
2024-10-18,2024 National Championships,MF,Jerry Ashmore,Andy Thomas,5.829,69.842,753.819,683.977
2024-10-18,2024 National Championships,MF,Jerry Ashmore,Zbigniew Lorenc,5.689,68.243,753.819,685.576
2024-10-18,2024 National Championships,MF,Jerry Ashmore,Blanton Payne,5.481,65.848,753.819,687.971
2024-10-18,2024 National Championships,MF,Jerry Ashmore,Jarrod Barlow,4.359,52.842,753.819,700.977
2024-10-18,2024 National Championships,MF,Jerry Ashmore,Colin Kilby,3.934,47.851,753.819,705.968
2024-10-18,2024 National Championships,MF,Jerry Ashmore,Justin Harris,3.601,43.924,753.819,709.895
2024-10-18,2024 National Championships,MF,Jerry Ashmore,Brian Peel,3.542,43.225,753.819,710.594
2024-10-18,2024 National Championships,MF,Jerry Ashmore,Bret Hunter,3.327,40.675,753.819,713.144
2024-10-18,2024 National Championships,MF,Jerry Ashmore,Jim Rowland,3.249,39.743,753.819,714.076
2024-10-18,2024 National Championships,MF,Jerry Ashmore,John Schellenberg,1.923,23.779,753.819,730.040
2024-10-18,2024 National Championships,MF,Jerry Ashmore,Logan Dehne,1.906,23.571,753.819,730.248
2024-10-18,2024 National Championships,MF,Jerry Ashmore,William Dehne,0.497,6.220,753.819,747.599
2024-10-18,2024 National Championships,MF,Jerry Ashmore,Josh Karczewski,-0.528,-6.657,753.819,760.476
2024-10-18,2024 National Championships,MF,Jerry Ashmore,Pete Bates,-3.067,-39.547,753.819,793.366
2024-10-18,2024 National Championships,MF,Jerry Ashmore,Alan Hoppe Jr,-6.882,-91.721,753.819,845.540
2024-10-18,2024 National Championships,MF,Jerry Ashmore,Alan Hoppe,-7.244,-96.858,753.819,850.677
2024-08-10,2024 Sediv Divisional,MF,William Dehne,Colin Kilby,1.383,14.324,628.381,614.057
2024-08-10,2024 Sediv Divisional,MF,William Dehne,John Schellenberg,0.748,7.786,628.381,620.595
2024-08-10,2024 Sediv Divisional,MF,William Dehne,Brian Peel,0.181,1.890,628.381,626.491
2024-08-10,2024 Sediv Divisional,MF,William Dehne,Jerry Ashmore,0.141,1.474,628.381,626.907
2025-10-17,2025 National Championship,MF,William Dehne,Andy Thomas,11.521,140.660,802.874,662.214
2025-10-17,2025 National Championship,MF,William Dehne,Jarrod Barlow,8.323,104.145,802.874,698.729
2025-10-17,2025 National Championship,MF,William Dehne,Colin Kilby,7.194,90.818,802.874,712.056
2025-10-17,2025 National Championship,MF,William Dehne,Justin Harris,6.995,88.442,802.874,714.432
2025-10-17,2025 National Championship,MF,William Dehne,Brian Peel,6.546,83.058,802.874,719.816
2025-10-17,2025 National Championship,MF,William Dehne,Donald Carl,4.884,62.793,802.874,740.081
2025-10-17,2025 National Championship,MF,William Dehne,John Schellenberg,4.455,57.484,802.874,745.390
2025-10-17,2025 National Championship,MF,William Dehne,Logan Dehne,3.978,51.520,802.874,751.354
2025-10-17,2025 National Championship,MF,William Dehne,Charles Carl,2.022,26.613,802.874,776.261
2025-10-17,2025 National Championship,MF,William Dehne,Quinn Harris,0.382,5.092,802.874,797.782
2025-10-17,2025 National Championship,MF,William Dehne,Karissa Peel,-2.410,-32.907,802.874,835.781
2025-10-17,2025 National Championship,MF,William Dehne,Nelson Santos,-10.228,-149.615,802.874,952.489
2025-10-17,2025 National Championship,MF,William Dehne,James Dale,-10.371,-151.906,802.874,954.780
2025-10-17,2025 National Championship,MF,William Dehne,Zbigniew Lorenc,-11.637,-172.433,802.874,975.307
2024-10-18,2024 National Championships,MF,William Dehne,Andy Thomas,5.333,63.622,747.599,683.977
2024-10-18,2024 National Championships,MF,William Dehne,Zbigniew Lorenc,5.193,62.023,747.599,685.576
2024-10-18,2024 National Championships,MF,William Dehne,Blanton Payne,4.984,59.628,747.599,687.971
2024-10-18,2024 National Championships,MF,William Dehne,Jarrod Barlow,3.862,46.622,747.599,700.977
2024-10-18,2024 National Championships,MF,William Dehne,Colin Kilby,3.437,41.631,747.599,705.968
2024-10-18,2024 National Championships,MF,William Dehne,Justin Harris,3.104,37.704,747.599,709.895
2024-10-18,2024 National Championships,MF,William Dehne,Brian Peel,3.045,37.005,747.599,710.594
2024-10-18,2024 National Championships,MF,William Dehne,Bret Hunter,2.830,34.455,747.599,713.144
2024-10-18,2024 National Championships,MF,William Dehne,Jim Rowland,2.752,33.523,747.599,714.076
2024-10-18,2024 National Championships,MF,William Dehne,John Schellenberg,1.426,17.559,747.599,730.040
2024-10-18,2024 National Championships,MF,William Dehne,Logan Dehne,1.409,17.351,747.599,730.248
2024-10-18,2024 National Championships,MF,William Dehne,Jerry Ashmore,-0.497,-6.220,747.599,753.819
2024-10-18,2024 National Championships,MF,William Dehne,Josh Karczewski,-1.025,-12.877,747.599,760.476
2024-10-18,2024 National Championships,MF,William Dehne,Pete Bates,-3.564,-45.767,747.599,793.366
2024-10-18,2024 National Championships,MF,William Dehne,Alan Hoppe Jr,-7.377,-97.941,747.599,845.540
2024-10-18,2024 National Championships,MF,William Dehne,Alan Hoppe,-7.739,-103.078,747.599,850.677
2024-08-10,2024 Sediv Divisional,MR,John Barnett,Leon Drake,-1.753,-18.599,627.403,646.002
2024-08-10,2024 Sediv Divisional,MR,John Barnett,Robert White,-4.649,-50.576,627.403,677.979
2024-08-10,2024 Sediv Divisional,MR,Leon Drake,John Barnett,1.753,18.599,646.002,627.403
2024-08-10,2024 Sediv Divisional,MR,Leon Drake,Robert White,-2.898,-31.977,646.002,677.979
2025-10-17,2025 National Championship,MR,Leon Drake,Vaughn Micciche,3.525,42.494,744.566,702.072
2025-10-17,2025 National Championship,MR,Leon Drake,Davis Faver,1.442,17.678,744.566,726.888
2025-10-17,2025 National Championship,MR,Leon Drake,Rudy Bowen,0.789,9.732,744.566,734.834
2025-10-17,2025 National Championship,MR,Leon Drake,Philip Mickleborough,-0.497,-6.197,744.566,750.763
2025-10-17,2025 National Championship,MR,Leon Drake,Jeff Davis,-4.483,-57.787,744.566,802.353
2022-09-23,2022 National Championships,MR,Leon Drake,Joshua Davis,-1.419,-12.856,537.246,550.102
2022-09-23,2022 National Championships,MR,Leon Drake,Doug Leibman,-2.792,-25.597,537.246,562.843
2022-09-23,2022 National Championships,MR,Leon Drake,Kellen McIntyre,-3.693,-34.119,537.246,571.365
2022-09-23,2022 National Championships,MR,Leon Drake,Ryan Redenbaugh,-3.986,-36.922,537.246,574.168
2022-09-23,2022 National Championships,MR,Leon Drake,Brian Tefft Sr,-4.145,-38.442,537.246,575.688
2022-09-23,2022 National Championships,MR,Leon Drake,Bill Taylor,-4.673,-43.535,537.246,580.781
2022-09-23,2022 National Championships,MR,Leon Drake,Ian Jennings,-5.617,-52.764,537.246,590.010
2022-09-23,2022 National Championships,MR,Leon Drake,Brian Strack,-5.632,-52.909,537.246,590.155
2022-09-23,2022 National Championships,MR,Leon Drake,Kyle McIntyre,-6.384,-60.378,537.246,597.624
2023-10-06,2023 National Championship,MR,Leon Drake,Jason Fuller,0.147,1.534,625.381,623.847
2023-10-06,2023 National Championship,MR,Leon Drake,Doug Leibman,-3.313,-35.511,625.381,660.892
2023-10-06,2023 National Championship,MR,Leon Drake,Todd Wicker,-4.173,-45.061,625.381,670.442
2023-10-06,2023 National Championship,MR,Leon Drake,Ryan Redenbaugh,-4.415,-47.771,625.381,673.152
2023-10-06,2023 National Championship,MR,Leon Drake,Andrew Benagh,-4.535,-49.121,625.381,674.502
2023-10-06,2023 National Championship,MR,Leon Drake,Rodman Hunsaker,-5.152,-56.105,625.381,681.486
2023-10-06,2023 National Championship,MR,Leon Drake,Larry Smith,-5.245,-57.171,625.381,682.552
2023-10-06,2023 National Championship,MR,Leon Drake,Parker Field,-6.990,-77.362,625.381,702.743
2024-10-18,2024 National Championships,MR,Leon Drake,Vaughn Micciche,-0.419,-5.015,716.026,721.041
2024-10-18,2024 National Championships,MR,Leon Drake,Doug Leibman,-3.209,-39.350,716.026,755.376
2024-10-18,2024 National Championships,MR,Leon Drake,Tyler Burchett,-3.471,-42.656,716.026,758.682
2024-10-18,2024 National Championships,MR,Leon Drake,Robert Bob White,-3.718,-45.793,716.026,761.819
2024-10-18,2024 National Championships,MR,Leon Drake,Austin Walton,-4.193,-51.844,716.026,767.870
2024-10-18,2024 National Championships,MR,Leon Drake,Steve Cerqueira,-4.794,-59.589,716.026,775.615
2024-10-18,2024 National Championships,MR,Leon Drake,Kent Hamilton,-4.978,-61.972,716.026,777.998
2024-10-18,2024 National Championships,MR,Leon Drake,Meagan Cerqueira,-7.073,-89.697,716.026,805.723
2024-10-18,2024 National Championships,MR,Leon Drake,Ashley Roper,-7.121,-90.340,716.026,806.366
2024-10-18,2024 National Championships,MR,Leon Drake,Chris Endres,-8.009,-102.413,716.026,818.439
2024-08-10,2024 Sediv Divisional,MA,Maddux Mullinax,Benjamin Howe,2.513,25.326,617.456,592.130
2024-08-10,2024 Sediv Divisional,MA,Maddux Mullinax,John Joyce,-0.108,-1.111,617.456,618.567
2024-08-10,2024 Sediv Divisional,MA,Maddux Mullinax,Ceili McClarney,-2.555,-26.860,617.456,644.316
2024-08-10,2024 Sediv Divisional,MA,Maddux Mullinax,Kyle Benedict,-7.977,-87.940,617.456,705.396
2024-08-10,2024 Sediv Divisional,MA,John Joyce,Benjamin Howe,2.620,26.437,618.567,592.130
2024-08-10,2024 Sediv Divisional,MA,John Joyce,Maddux Mullinax,0.108,1.111,618.567,617.456
2024-08-10,2024 Sediv Divisional,MA,John Joyce,Ceili McClarney,-2.447,-25.749,618.567,644.316
2024-08-10,2024 Sediv Divisional,MA,John Joyce,Kyle Benedict,-7.870,-86.829,618.567,705.396
2024-08-10,2024 Sediv Divisional,MA,Ceili McClarney,Benjamin Howe,5.065,52.186,644.316,592.130
2024-08-10,2024 Sediv Divisional,MA,Ceili McClarney,Maddux Mullinax,2.555,26.860,644.316,617.456
2024-08-10,2024 Sediv Divisional,MA,Ceili McClarney,John Joyce,2.447,25.749,644.316,618.567
2024-08-10,2024 Sediv Divisional,MA,Ceili McClarney,Kyle Benedict,-5.430,-61.080,644.316,705.396
2024-08-10,2024 Sediv Divisional,MA,Kyle Benedict,Benjamin Howe,10.475,113.266,705.396,592.130
2024-08-10,2024 Sediv Divisional,MA,Kyle Benedict,Maddux Mullinax,7.977,87.940,705.396,617.456
2024-08-10,2024 Sediv Divisional,MA,Kyle Benedict,John Joyce,7.870,86.829,705.396,618.567
2024-08-10,2024 Sediv Divisional,MA,Kyle Benedict,Ceili McClarney,5.430,61.080,705.396,644.316
2025-11-08,2025 Central Divisional,SF,Brian Schrowang,Ben Deschane,-0.704,-13.392,1135.059,1148.451
2025-11-08,2025 Central Divisional,SF,Brian Schrowang,Peter Stein,-2.143,-41.277,1135.059,1176.336
2025-11-08,2025 Central Divisional,SF,Brian Schrowang,Michael Ballman,-2.318,-44.718,1135.059,1179.777
2025-11-08,2025 Central Divisional,SF,Brian Schrowang,Jeff Wagenknecht,-3.377,-65.744,1135.059,1200.803
2025-11-08,2025 Central Divisional,SF,Brian Schrowang,Madeleine Anderson,-7.149,-143.811,1135.059,1278.870
2025-11-08,2025 Central Divisional,SF,Ben Deschane,Brian Schrowang,0.704,13.392,1148.451,1135.059
2025-11-08,2025 Central Divisional,SF,Ben Deschane,Peter Stein,-1.439,-27.885,1148.451,1176.336
2025-11-08,2025 Central Divisional,SF,Ben Deschane,Michael Ballman,-1.615,-31.326,1148.451,1179.777
2025-11-08,2025 Central Divisional,SF,Ben Deschane,Jeff Wagenknecht,-2.674,-52.352,1148.451,1200.803
2025-11-08,2025 Central Divisional,SF,Ben Deschane,Madeleine Anderson,-6.448,-130.419,1148.451,1278.870
2025-11-08,2025 Central Divisional,SF,Peter Stein,Brian Schrowang,2.143,41.277,1176.336,1135.059
2025-11-08,2025 Central Divisional,SF,Peter Stein,Ben Deschane,1.439,27.885,1176.336,1148.451
2025-11-08,2025 Central Divisional,SF,Peter Stein,Michael Ballman,-0.175,-3.441,1176.336,1179.777
2025-11-08,2025 Central Divisional,SF,Peter Stein,Jeff Wagenknecht,-1.235,-24.467,1176.336,1200.803
2025-11-08,2025 Central Divisional,SF,Peter Stein,Madeleine Anderson,-5.011,-102.534,1176.336,1278.870
2025-11-08,2025 Central Divisional,SF,Michael Ballman,Brian Schrowang,2.318,44.718,1179.777,1135.059
2025-11-08,2025 Central Divisional,SF,Michael Ballman,Ben Deschane,1.615,31.326,1179.777,1148.451
2025-11-08,2025 Central Divisional,SF,Michael Ballman,Peter Stein,0.175,3.441,1179.777,1176.336
2025-11-08,2025 Central Divisional,SF,Michael Ballman,Jeff Wagenknecht,-1.060,-21.026,1179.777,1200.803
2025-11-08,2025 Central Divisional,SF,Michael Ballman,Madeleine Anderson,-4.836,-99.093,1179.777,1278.870
2025-11-08,2025 Central Divisional,SF,Jeff Wagenknecht,Brian Schrowang,3.377,65.744,1200.803,1135.059
2025-11-08,2025 Central Divisional,SF,Jeff Wagenknecht,Ben Deschane,2.674,52.352,1200.803,1148.451
2025-11-08,2025 Central Divisional,SF,Jeff Wagenknecht,Peter Stein,1.235,24.467,1200.803,1176.336
2025-11-08,2025 Central Divisional,SF,Jeff Wagenknecht,Michael Ballman,1.060,21.026,1200.803,1179.777
2025-11-08,2025 Central Divisional,SF,Jeff Wagenknecht,Madeleine Anderson,-3.778,-78.067,1200.803,1278.870
2025-11-08,2025 Central Divisional,SF,Madeleine Anderson,Brian Schrowang,7.149,143.811,1278.870,1135.059
2025-11-08,2025 Central Divisional,SF,Madeleine Anderson,Ben Deschane,6.448,130.419,1278.870,1148.451
2025-11-08,2025 Central Divisional,SF,Madeleine Anderson,Peter Stein,5.011,102.534,1278.870,1176.336
2025-11-08,2025 Central Divisional,SF,Madeleine Anderson,Michael Ballman,4.836,99.093,1278.870,1179.777
2025-11-08,2025 Central Divisional,SF,Madeleine Anderson,Jeff Wagenknecht,3.778,78.067,1278.870,1200.803
2025-11-08,2025 Central Divisional,SA,Hugh Hart,Michael Goldenstein,-0.823,-12.603,912.405,925.008
2025-11-08,2025 Central Divisional,SA,Hugh Hart,Jason Janowski,-1.939,-29.966,912.405,942.371
2025-11-08,2025 Central Divisional,SA,Hugh Hart,David Lindemann,-4.096,-64.483,912.405,976.888
2025-11-08,2025 Central Divisional,SA,Hugh Hart,Jeffrey Janowski,-4.504,-71.161,912.405,983.566
2025-11-08,2025 Central Divisional,SA,Hugh Hart,Marcus Burr,-4.786,-75.796,912.405,988.201
2025-11-08,2025 Central Divisional,SA,Hugh Hart,Evan Brewer,-5.852,-93.557,912.405,1005.962
2025-11-08,2025 Central Divisional,SA,Hugh Hart,Connor Reiss,-8.980,-147.599,912.405,1060.004
2025-11-08,2025 Central Divisional,SA,Michael Goldenstein,Hugh Hart,0.823,12.603,925.008,912.405
2025-11-08,2025 Central Divisional,SA,Michael Goldenstein,Jason Janowski,-1.116,-17.363,925.008,942.371
2025-11-08,2025 Central Divisional,SA,Michael Goldenstein,David Lindemann,-3.273,-51.880,925.008,976.888
2025-11-08,2025 Central Divisional,SA,Michael Goldenstein,Jeffrey Janowski,-3.682,-58.558,925.008,983.566
2025-11-08,2025 Central Divisional,SA,Michael Goldenstein,Marcus Burr,-3.964,-63.193,925.008,988.201
2025-11-08,2025 Central Divisional,SA,Michael Goldenstein,Evan Brewer,-5.031,-80.954,925.008,1005.962
2025-11-08,2025 Central Divisional,SA,Michael Goldenstein,Connor Reiss,-8.161,-134.996,925.008,1060.004
2025-11-08,2025 Central Divisional,SA,Jason Janowski,Hugh Hart,1.939,29.966,942.371,912.405
2025-11-08,2025 Central Divisional,SA,Jason Janowski,Michael Goldenstein,1.116,17.363,942.371,925.008
2025-11-08,2025 Central Divisional,SA,Jason Janowski,David Lindemann,-2.158,-34.517,942.371,976.888
2025-11-08,2025 Central Divisional,SA,Jason Janowski,Jeffrey Janowski,-2.567,-41.195,942.371,983.566
2025-11-08,2025 Central Divisional,SA,Jason Janowski,Marcus Burr,-2.849,-45.830,942.371,988.201
2025-11-08,2025 Central Divisional,SA,Jason Janowski,Evan Brewer,-3.917,-63.591,942.371,1005.962
2025-11-08,2025 Central Divisional,SA,Jason Janowski,Connor Reiss,-7.050,-117.633,942.371,1060.004
2025-11-08,2025 Central Divisional,SA,David Lindemann,Hugh Hart,4.096,64.483,976.888,912.405
2025-11-08,2025 Central Divisional,SA,David Lindemann,Michael Goldenstein,3.273,51.880,976.888,925.008
2025-11-08,2025 Central Divisional,SA,David Lindemann,Jason Janowski,2.158,34.517,976.888,942.371
2025-11-08,2025 Central Divisional,SA,David Lindemann,Jeffrey Janowski,-0.409,-6.678,976.888,983.566
2025-11-08,2025 Central Divisional,SA,David Lindemann,Marcus Burr,-0.691,-11.313,976.888,988.201
2025-11-08,2025 Central Divisional,SA,David Lindemann,Evan Brewer,-1.760,-29.074,976.888,1005.962
2025-11-08,2025 Central Divisional,SA,David Lindemann,Connor Reiss,-4.897,-83.116,976.888,1060.004
2025-11-08,2025 Central Divisional,SA,Jeffrey Janowski,Hugh Hart,4.504,71.161,983.566,912.405
2025-11-08,2025 Central Divisional,SA,Jeffrey Janowski,Michael Goldenstein,3.682,58.558,983.566,925.008
2025-11-08,2025 Central Divisional,SA,Jeffrey Janowski,Jason Janowski,2.567,41.195,983.566,942.371
2025-11-08,2025 Central Divisional,SA,Jeffrey Janowski,David Lindemann,0.409,6.678,983.566,976.888
2025-11-08,2025 Central Divisional,SA,Jeffrey Janowski,Marcus Burr,-0.282,-4.635,983.566,988.201
2025-11-08,2025 Central Divisional,SA,Jeffrey Janowski,Evan Brewer,-1.351,-22.396,983.566,1005.962
2025-11-08,2025 Central Divisional,SA,Jeffrey Janowski,Connor Reiss,-4.488,-76.438,983.566,1060.004
2025-11-08,2025 Central Divisional,SA,Marcus Burr,Hugh Hart,4.786,75.796,988.201,912.405
2025-11-08,2025 Central Divisional,SA,Marcus Burr,Michael Goldenstein,3.964,63.193,988.201,925.008
2025-11-08,2025 Central Divisional,SA,Marcus Burr,Jason Janowski,2.849,45.830,988.201,942.371
2025-11-08,2025 Central Divisional,SA,Marcus Burr,David Lindemann,0.691,11.313,988.201,976.888
2025-11-08,2025 Central Divisional,SA,Marcus Burr,Jeffrey Janowski,0.282,4.635,988.201,983.566
2025-11-08,2025 Central Divisional,SA,Marcus Burr,Evan Brewer,-1.069,-17.761,988.201,1005.962
2025-11-08,2025 Central Divisional,SA,Marcus Burr,Connor Reiss,-4.207,-71.803,988.201,1060.004
2025-11-08,2025 Central Divisional,SA,Evan Brewer,Hugh Hart,5.852,93.557,1005.962,912.405
2025-11-08,2025 Central Divisional,SA,Evan Brewer,Michael Goldenstein,5.031,80.954,1005.962,925.008
2025-11-08,2025 Central Divisional,SA,Evan Brewer,Jason Janowski,3.917,63.591,1005.962,942.371
2025-11-08,2025 Central Divisional,SA,Evan Brewer,David Lindemann,1.760,29.074,1005.962,976.888
2025-11-08,2025 Central Divisional,SA,Evan Brewer,Jeffrey Janowski,1.351,22.396,1005.962,983.566
2025-11-08,2025 Central Divisional,SA,Evan Brewer,Marcus Burr,1.069,17.761,1005.962,988.201
2025-11-08,2025 Central Divisional,SA,Evan Brewer,Connor Reiss,-3.139,-54.042,1005.962,1060.004
2025-11-08,2025 Central Divisional,SA,Connor Reiss,Hugh Hart,8.980,147.599,1060.004,912.405
2025-11-08,2025 Central Divisional,SA,Connor Reiss,Michael Goldenstein,8.161,134.996,1060.004,925.008
2025-11-08,2025 Central Divisional,SA,Connor Reiss,Jason Janowski,7.050,117.633,1060.004,942.371
2025-11-08,2025 Central Divisional,SA,Connor Reiss,David Lindemann,4.897,83.116,1060.004,976.888
2025-11-08,2025 Central Divisional,SA,Connor Reiss,Jeffrey Janowski,4.488,76.438,1060.004,983.566
2025-11-08,2025 Central Divisional,SA,Connor Reiss,Marcus Burr,4.207,71.803,1060.004,988.201
2025-11-08,2025 Central Divisional,SA,Connor Reiss,Evan Brewer,3.139,54.042,1060.004,1005.962
2025-11-08,2025 Central Divisional,PF,Devin Palmer,Edwin Cunill,0.727,9.746,809.702,799.956
2025-11-08,2025 Central Divisional,PF,Devin Palmer,David Capesius,-2.431,-33.487,809.702,843.189
2025-11-08,2025 Central Divisional,PF,Devin Palmer,Sara Sherman,-5.615,-79.491,809.702,889.193
2025-11-08,2025 Central Divisional,PF,Devin Palmer,Connor Berry,-6.776,-96.911,809.702,906.613
2025-11-08,2025 Central Divisional,PF,Devin Palmer,Matt Schwab,-7.315,-105.117,809.702,914.819
2025-10-17,2025 National Championship,PF,Devin Palmer,Christian Retterer,9.623,117.754,793.100,675.346
2025-10-17,2025 National Championship,PF,Devin Palmer,Matthew Thompson,9.469,116.013,793.100,677.087
2025-10-17,2025 National Championship,PF,Devin Palmer,David Capesius,8.965,110.270,793.100,682.830
2025-10-17,2025 National Championship,PF,Devin Palmer,Jim Rowland,8.109,100.397,793.100,692.703
2025-10-17,2025 National Championship,PF,Devin Palmer,Edwin Cunill,6.128,77.064,793.100,716.036
2025-10-17,2025 National Championship,PF,Devin Palmer,Bartek Borowski,4.781,60.770,793.100,732.330
2025-10-17,2025 National Championship,PF,Devin Palmer,Dan Sanford,4.771,60.657,793.100,732.443
2025-10-17,2025 National Championship,PF,Devin Palmer,Bradley Kropp,0.250,3.293,793.100,789.807
2025-10-17,2025 National Championship,PF,Devin Palmer,Warren Elliott,0.039,0.513,793.100,792.587
2025-10-17,2025 National Championship,PF,Devin Palmer,Charles Palmer,-0.581,-7.720,793.100,800.820
2025-11-08,2025 Central Divisional,PF,David Capesius,Edwin Cunill,3.157,43.233,843.189,799.956
2025-11-08,2025 Central Divisional,PF,David Capesius,Devin Palmer,2.431,33.487,843.189,809.702
2025-11-08,2025 Central Divisional,PF,David Capesius,Sara Sherman,-3.187,-46.004,843.189,889.193
2025-11-08,2025 Central Divisional,PF,David Capesius,Connor Berry,-4.350,-63.424,843.189,906.613
2025-11-08,2025 Central Divisional,PF,David Capesius,Matt Schwab,-4.889,-71.630,843.189,914.819
2025-10-17,2025 National Championship,PF,David Capesius,Christian Retterer,0.661,7.484,682.830,675.346
2025-10-17,2025 National Championship,PF,David Capesius,Matthew Thompson,0.507,5.743,682.830,677.087
2025-10-17,2025 National Championship,PF,David Capesius,Jim Rowland,-0.861,-9.873,682.830,692.703
2025-10-17,2025 National Championship,PF,David Capesius,Edwin Cunill,-2.849,-33.206,682.830,716.036
2025-10-17,2025 National Championship,PF,David Capesius,Bartek Borowski,-4.197,-49.500,682.830,732.330
2025-10-17,2025 National Championship,PF,David Capesius,Dan Sanford,-4.207,-49.613,682.830,732.443
2025-10-17,2025 National Championship,PF,David Capesius,Bradley Kropp,-8.717,-106.977,682.830,789.807
2025-10-17,2025 National Championship,PF,David Capesius,Warren Elliott,-8.927,-109.757,682.830,792.587
2025-10-17,2025 National Championship,PF,David Capesius,Devin Palmer,-8.965,-110.270,682.830,793.100
2025-10-17,2025 National Championship,PF,David Capesius,Charles Palmer,-9.543,-117.990,682.830,800.820
2022-09-23,2022 National Championships,PF,David Capesius,Jim Rowland,1.599,14.160,538.251,524.091
2022-09-23,2022 National Championships,PF,David Capesius,Donald Carl,1.524,13.500,538.251,524.751
2022-09-23,2022 National Championships,PF,David Capesius,Christian Retterer,1.521,13.476,538.251,524.775
2022-09-23,2022 National Championships,PF,David Capesius,Jacob Light,0.845,7.530,538.251,530.721
2022-09-23,2022 National Championships,PF,David Capesius,Chris O Driscoll,-0.097,-0.875,538.251,539.126
2022-09-23,2022 National Championships,PF,David Capesius,John Black,-0.806,-7.275,538.251,545.526
2022-09-23,2022 National Championships,PF,David Capesius,Cameron Gransee,-1.597,-14.522,538.251,552.773
2022-09-23,2022 National Championships,PF,David Capesius,Jacob Hickman,-1.989,-18.141,538.251,556.392
2022-09-23,2022 National Championships,PF,David Capesius,Ed Trudeau,-2.800,-25.715,538.251,563.966
2022-09-23,2022 National Championships,PF,David Capesius,Meredith Campbell,-6.110,-57.750,538.251,596.001
2023-10-06,2023 National Championship,PF,David Capesius,Jim Rowland,0.236,2.551,648.885,646.334
2023-10-06,2023 National Championship,PF,David Capesius,Christian Retterer,0.204,2.205,648.885,646.680
2023-10-06,2023 National Championship,PF,David Capesius,Greg Cheney,-2.929,-32.470,648.885,681.355
2023-10-06,2023 National Championship,PF,David Capesius,Warren Elliott,-6.741,-77.243,648.885,726.128
2024-10-18,2024 National Championships,PF,David Capesius,Jason Fuller,1.921,22.615,717.692,695.077
2024-10-18,2024 National Championships,PF,David Capesius,Christian Retterer,0.312,3.718,717.692,713.974
2024-10-18,2024 National Championships,PF,David Capesius,Edwin Cunill,-0.595,-7.148,717.692,724.840
2024-10-18,2024 National Championships,PF,David Capesius,Peter Dozeman,-1.352,-16.356,717.692,734.048
2024-10-18,2024 National Championships,PF,David Capesius,Bradley Kropp,-2.604,-31.833,717.692,749.525
2024-10-18,2024 National Championships,PF,David Capesius,Bryan Tippens,-4.050,-50.132,717.692,767.824
2025-11-08,2025 Central Divisional,PF,Sara Sherman,Edwin Cunill,6.340,89.237,889.193,799.956
2025-11-08,2025 Central Divisional,PF,Sara Sherman,Devin Palmer,5.615,79.491,889.193,809.702
2025-11-08,2025 Central Divisional,PF,Sara Sherman,David Capesius,3.187,46.004,889.193,843.189
2025-11-08,2025 Central Divisional,PF,Sara Sherman,Connor Berry,-1.164,-17.420,889.193,906.613
2025-11-08,2025 Central Divisional,PF,Sara Sherman,Matt Schwab,-1.705,-25.626,889.193,914.819
2025-11-08,2025 Central Divisional,PF,Connor Berry,Edwin Cunill,7.500,106.657,906.613,799.956
2025-11-08,2025 Central Divisional,PF,Connor Berry,Devin Palmer,6.776,96.911,906.613,809.702
2025-11-08,2025 Central Divisional,PF,Connor Berry,David Capesius,4.350,63.424,906.613,843.189
2025-11-08,2025 Central Divisional,PF,Connor Berry,Sara Sherman,1.164,17.420,906.613,889.193
2025-11-08,2025 Central Divisional,PF,Connor Berry,Matt Schwab,-0.541,-8.206,906.613,914.819
2025-11-08,2025 Central Divisional,PF,Matt Schwab,Edwin Cunill,8.038,114.863,914.819,799.956
2025-11-08,2025 Central Divisional,PF,Matt Schwab,Devin Palmer,7.315,105.117,914.819,809.702
2025-11-08,2025 Central Divisional,PF,Matt Schwab,David Capesius,4.889,71.630,914.819,843.189
2025-11-08,2025 Central Divisional,PF,Matt Schwab,Sara Sherman,1.705,25.626,914.819,889.193
2025-11-08,2025 Central Divisional,PF,Matt Schwab,Connor Berry,0.541,8.206,914.819,906.613
2025-11-08,2025 Central Divisional,PR,Adam Lacy,Blade Kuehnke,-2.770,-47.725,1009.859,1057.584
2025-11-08,2025 Central Divisional,PR,Adam Lacy,Sam Sherman,-5.683,-100.397,1009.859,1110.256
2025-11-08,2025 Central Divisional,PR,Adam Lacy,Dustin Pick,-6.004,-106.368,1009.859,1116.227
2025-11-08,2025 Central Divisional,PR,Blade Kuehnke,Adam Lacy,2.770,47.725,1057.584,1009.859
2025-11-08,2025 Central Divisional,PR,Blade Kuehnke,Sam Sherman,-2.916,-52.672,1057.584,1110.256
2025-11-08,2025 Central Divisional,PR,Blade Kuehnke,Dustin Pick,-3.237,-58.643,1057.584,1116.227
2025-11-08,2025 Central Divisional,PR,Sam Sherman,Adam Lacy,5.683,100.397,1110.256,1009.859
2025-11-08,2025 Central Divisional,PR,Sam Sherman,Blade Kuehnke,2.916,52.672,1110.256,1057.584
2025-11-08,2025 Central Divisional,PR,Sam Sherman,Dustin Pick,-0.322,-5.971,1110.256,1116.227
2025-11-08,2025 Central Divisional,PR,Dustin Pick,Adam Lacy,6.004,106.368,1116.227,1009.859
2025-11-08,2025 Central Divisional,PR,Dustin Pick,Blade Kuehnke,3.237,58.643,1116.227,1057.584
2025-11-08,2025 Central Divisional,PR,Dustin Pick,Sam Sherman,0.322,5.971,1116.227,1110.256
2025-11-08,2025 Central Divisional,PA,Alec Stilwell,Andy Mertel,-13.072,-264.993,1083.772,1348.765
2025-11-08,2025 Central Divisional,PA,Alec Stilwell,Bryan Onofre,-13.600,-277.064,1083.772,1360.836
2025-11-08,2025 Central Divisional,PA,Andy Mertel,Alec Stilwell,13.072,264.993,1348.765,1083.772
2025-11-08,2025 Central Divisional,PA,Andy Mertel,Bryan Onofre,-0.535,-12.071,1348.765,1360.836
2025-11-08,2025 Central Divisional,PA,Bryan Onofre,Alec Stilwell,13.600,277.064,1360.836,1083.772
2025-11-08,2025 Central Divisional,PA,Bryan Onofre,Andy Mertel,0.535,12.071,1360.836,1348.765
2025-11-08,2025 Central Divisional,MF,Shane Blankenship,Andy Weigel,-5.214,-98.497,1084.202,1182.699
2025-11-08,2025 Central Divisional,MF,Shane Blankenship,Ryan Klopf,-6.114,-116.405,1084.202,1200.607
2025-11-08,2025 Central Divisional,MF,Shane Blankenship,Cooper Endres,-12.945,-262.211,1084.202,1346.413
2025-11-08,2025 Central Divisional,MF,Andy Weigel,Shane Blankenship,5.214,98.497,1182.699,1084.202
2025-11-08,2025 Central Divisional,MF,Andy Weigel,Ryan Klopf,-0.902,-17.908,1182.699,1200.607
2025-11-08,2025 Central Divisional,MF,Andy Weigel,Cooper Endres,-7.768,-163.714,1182.699,1346.413
2025-11-08,2025 Central Divisional,MF,Ryan Klopf,Shane Blankenship,6.114,116.405,1200.607,1084.202
2025-11-08,2025 Central Divisional,MF,Ryan Klopf,Andy Weigel,0.902,17.908,1200.607,1182.699
2025-11-08,2025 Central Divisional,MF,Ryan Klopf,Cooper Endres,-6.869,-145.806,1200.607,1346.413
2025-11-08,2025 Central Divisional,MF,Cooper Endres,Shane Blankenship,12.945,262.211,1346.413,1084.202
2025-11-08,2025 Central Divisional,MF,Cooper Endres,Andy Weigel,7.768,163.714,1346.413,1182.699
2025-11-08,2025 Central Divisional,MF,Cooper Endres,Ryan Klopf,6.869,145.806,1346.413,1200.607
2025-11-08,2025 Central Divisional,MR,Eric Anderson,Chris Endres,-2.284,-46.997,1211.133,1258.130
2025-11-08,2025 Central Divisional,MR,Eric Anderson,Travis Hinkle,-3.727,-77.637,1211.133,1288.770
2025-11-08,2025 Central Divisional,MR,Chris Endres,Eric Anderson,2.284,46.997,1258.130,1211.133
2025-11-08,2025 Central Divisional,MR,Chris Endres,Travis Hinkle,-1.444,-30.640,1258.130,1288.770
2024-10-18,2024 National Championships,MR,Chris Endres,Leon Drake,8.009,102.413,818.439,716.026
2024-10-18,2024 National Championships,MR,Chris Endres,Vaughn Micciche,7.592,97.398,818.439,721.041
2024-10-18,2024 National Championships,MR,Chris Endres,Doug Leibman,4.808,63.063,818.439,755.376
2024-10-18,2024 National Championships,MR,Chris Endres,Tyler Burchett,4.547,59.757,818.439,758.682
2024-10-18,2024 National Championships,MR,Chris Endres,Robert Bob White,4.300,56.620,818.439,761.819
2024-10-18,2024 National Championships,MR,Chris Endres,Austin Walton,3.825,50.569,818.439,767.870
2024-10-18,2024 National Championships,MR,Chris Endres,Steve Cerqueira,3.224,42.824,818.439,775.615
2024-10-18,2024 National Championships,MR,Chris Endres,Kent Hamilton,3.040,40.441,818.439,777.998
2024-10-18,2024 National Championships,MR,Chris Endres,Meagan Cerqueira,0.940,12.716,818.439,805.723
2024-10-18,2024 National Championships,MR,Chris Endres,Ashley Roper,0.892,12.073,818.439,806.366
2025-11-08,2025 Central Divisional,MR,Travis Hinkle,Eric Anderson,3.727,77.637,1288.770,1211.133
2025-11-08,2025 Central Divisional,MR,Travis Hinkle,Chris Endres,1.444,30.640,1288.770,1258.130
2025-11-08,2025 Central Divisional,MA,Eric Less,Aaron Booms,-2.335,-36.602,922.170,958.772
2025-11-08,2025 Central Divisional,MA,Eric Less,Jay Kurth,-2.564,-40.262,922.170,962.432
2025-11-08,2025 Central Divisional,MA,Eric Less,Benjamin Howe,-5.509,-88.748,922.170,1010.918
2025-11-08,2025 Central Divisional,MA,Eric Less,Jamison Whisenhunt,-6.020,-97.417,922.170,1019.587
2025-11-08,2025 Central Divisional,MA,Eric Less,Adam Deschane,-13.430,-232.433,922.170,1154.603
2025-11-08,2025 Central Divisional,MA,Eric Less,Erik Olson,-15.094,-265.369,922.170,1187.539
2025-11-08,2025 Central Divisional,MA,Eric Less,Dave Eggert,-15.420,-271.938,922.170,1194.108
2025-11-08,2025 Central Divisional,MA,Eric Less,gray Harrison,-17.293,-310.540,922.170,1232.710
2025-11-08,2025 Central Divisional,MA,Eric Less,Gary Griffith,-20.939,-389.857,922.170,1312.027
2020-08-15,2020 DirtFish National Championship,MA,Eric Less,Austin Dowda,3.111,24.283,480.504,456.221
2020-08-15,2020 DirtFish National Championship,MA,Eric Less,Jason Fuller,2.392,18.783,480.504,461.721
2020-08-15,2020 DirtFish National Championship,MA,Eric Less,Jess Moeding,2.342,18.393,480.504,462.111
2020-08-15,2020 DirtFish National Championship,MA,Eric Less,Kent Hamilton,1.497,11.840,480.504,468.664
2020-08-15,2020 DirtFish National Championship,MA,Eric Less,Todd Briley,0.864,6.869,480.504,473.635
2020-08-15,2020 DirtFish National Championship,MA,Eric Less,Danial Ebling,0.011,0.089,480.504,480.415
2020-08-15,2020 DirtFish National Championship,MA,Eric Less,Jonathan Olschewski,-0.103,-0.826,480.504,481.330
2020-08-15,2020 DirtFish National Championship,MA,Eric Less,Trenton Von Holten,-0.395,-3.171,480.504,483.675
2020-08-15,2020 DirtFish National Championship,MA,Eric Less,Chase Girard,-1.467,-11.895,480.504,492.399
2020-08-15,2020 DirtFish National Championship,MA,Eric Less,Valerie Briley,-2.629,-21.526,480.504,502.030
2020-08-15,2020 DirtFish National Championship,MA,Eric Less,Kevin Schatz,-2.904,-23.830,480.504,504.334
2020-08-15,2020 DirtFish National Championship,MA,Eric Less,Philip Pickard,-3.259,-26.828,480.504,507.332
2020-08-15,2020 DirtFish National Championship,MA,Eric Less,Joe Lavelle,-3.728,-30.812,480.504,511.316
2020-08-15,2020 DirtFish National Championship,MA,Eric Less,Nathan Jones,-4.629,-38.558,480.504,519.062
2020-08-15,2020 DirtFish National Championship,MA,Eric Less,Benjamin Hanke,-5.315,-44.541,480.504,525.045
2020-08-15,2020 DirtFish National Championship,MA,Eric Less,Steven Bright,-5.527,-46.403,480.504,526.907
2020-08-15,2020 DirtFish National Championship,MA,Eric Less,Caleb Maggard,-7.946,-68.148,480.504,548.652
2020-08-15,2020 DirtFish National Championship,MA,Eric Less,Richard Thompson,-31.875,-347.592,480.504,828.096
2025-11-08,2025 Central Divisional,MA,Aaron Booms,Eric Less,2.335,36.602,958.772,922.170
2025-11-08,2025 Central Divisional,MA,Aaron Booms,Jay Kurth,-0.229,-3.660,958.772,962.432
2025-11-08,2025 Central Divisional,MA,Aaron Booms,Benjamin Howe,-3.177,-52.146,958.772,1010.918
2025-11-08,2025 Central Divisional,MA,Aaron Booms,Jamison Whisenhunt,-3.689,-60.815,958.772,1019.587
2025-11-08,2025 Central Divisional,MA,Aaron Booms,Adam Deschane,-11.120,-195.831,958.772,1154.603
2025-11-08,2025 Central Divisional,MA,Aaron Booms,Erik Olson,-12.790,-228.767,958.772,1187.539
2025-11-08,2025 Central Divisional,MA,Aaron Booms,Dave Eggert,-13.117,-235.336,958.772,1194.108
2025-11-08,2025 Central Divisional,MA,Aaron Booms,gray Harrison,-15.000,-273.938,958.772,1232.710
2025-11-08,2025 Central Divisional,MA,Aaron Booms,Gary Griffith,-18.668,-353.255,958.772,1312.027
2025-10-17,2025 National Championship,MA,Aaron Booms,Todd Briley,2.100,23.607,686.170,662.563
2025-10-17,2025 National Championship,MA,Aaron Booms,Mark Macoubrie,0.720,8.189,686.170,677.981
2025-10-17,2025 National Championship,MA,Aaron Booms,Benjamin Howe,0.442,5.040,686.170,681.130
2025-10-17,2025 National Championship,MA,Aaron Booms,Michael Tritt,-0.284,-3.261,686.170,689.431
2025-10-17,2025 National Championship,MA,Aaron Booms,Alan Rodriguez,-1.482,-17.155,686.170,703.325
2025-10-17,2025 National Championship,MA,Aaron Booms,Benji Knox,-1.731,-20.082,686.170,706.252
2025-10-17,2025 National Championship,MA,Aaron Booms,Jason Baney,-2.413,-28.158,686.170,714.328
2025-10-17,2025 National Championship,MA,Aaron Booms,Michael Sedlack,-5.143,-61.455,686.170,747.625
2025-10-17,2025 National Championship,MA,Aaron Booms,Nicholas Stoll,-5.228,-62.510,686.170,748.680
2025-10-17,2025 National Championship,MA,Aaron Booms,John Barnett,-10.767,-135.273,686.170,821.443
2024-10-18,2024 National Championships,MA,Aaron Booms,Mark Macoubrie,1.676,19.513,708.511,688.998
2024-10-18,2024 National Championships,MA,Aaron Booms,Warren Elliott,1.645,19.166,708.511,689.345
2024-10-18,2024 National Championships,MA,Aaron Booms,Benjamin Howe,0.343,4.033,708.511,704.478
2024-10-18,2024 National Championships,MA,Aaron Booms,Michael Detota,0.202,2.377,708.511,706.134
2024-10-18,2024 National Championships,MA,Aaron Booms,Alan Rodriguez,-0.240,-2.841,708.511,711.352
2024-10-18,2024 National Championships,MA,Aaron Booms,Chris Delaney,-0.912,-10.853,708.511,719.364
2024-10-18,2024 National Championships,MA,Aaron Booms,James Woodward,-1.735,-20.783,708.511,729.294
2025-11-08,2025 Central Divisional,MA,Jay Kurth,Eric Less,2.564,40.262,962.432,922.170
2025-11-08,2025 Central Divisional,MA,Jay Kurth,Aaron Booms,0.229,3.660,962.432,958.772
2025-11-08,2025 Central Divisional,MA,Jay Kurth,Benjamin Howe,-2.948,-48.486,962.432,1010.918
2025-11-08,2025 Central Divisional,MA,Jay Kurth,Jamison Whisenhunt,-3.460,-57.155,962.432,1019.587
2025-11-08,2025 Central Divisional,MA,Jay Kurth,Adam Deschane,-10.893,-192.171,962.432,1154.603
2025-11-08,2025 Central Divisional,MA,Jay Kurth,Erik Olson,-12.564,-225.107,962.432,1187.539
2025-11-08,2025 Central Divisional,MA,Jay Kurth,Dave Eggert,-12.892,-231.676,962.432,1194.108
2025-11-08,2025 Central Divisional,MA,Jay Kurth,gray Harrison,-14.775,-270.278,962.432,1232.710
2025-11-08,2025 Central Divisional,MA,Jay Kurth,Gary Griffith,-18.445,-349.595,962.432,1312.027
2025-11-08,2025 Central Divisional,MA,Jamison Whisenhunt,Eric Less,6.020,97.417,1019.587,922.170
2025-11-08,2025 Central Divisional,MA,Jamison Whisenhunt,Aaron Booms,3.689,60.815,1019.587,958.772
2025-11-08,2025 Central Divisional,MA,Jamison Whisenhunt,Jay Kurth,3.460,57.155,1019.587,962.432
2025-11-08,2025 Central Divisional,MA,Jamison Whisenhunt,Benjamin Howe,0.512,8.669,1019.587,1010.918
2025-11-08,2025 Central Divisional,MA,Jamison Whisenhunt,Adam Deschane,-7.452,-135.016,1019.587,1154.603
2025-11-08,2025 Central Divisional,MA,Jamison Whisenhunt,Erik Olson,-9.131,-167.952,1019.587,1187.539
2025-11-08,2025 Central Divisional,MA,Jamison Whisenhunt,Dave Eggert,-9.460,-174.521,1019.587,1194.108
2025-11-08,2025 Central Divisional,MA,Jamison Whisenhunt,gray Harrison,-11.355,-213.123,1019.587,1232.710
2025-11-08,2025 Central Divisional,MA,Jamison Whisenhunt,Gary Griffith,-15.051,-292.440,1019.587,1312.027
2025-11-08,2025 Central Divisional,MA,Adam Deschane,Eric Less,13.430,232.433,1154.603,922.170
2025-11-08,2025 Central Divisional,MA,Adam Deschane,Aaron Booms,11.120,195.831,1154.603,958.772
2025-11-08,2025 Central Divisional,MA,Adam Deschane,Jay Kurth,10.893,192.171,1154.603,962.432
2025-11-08,2025 Central Divisional,MA,Adam Deschane,Benjamin Howe,7.962,143.685,1154.603,1010.918
2025-11-08,2025 Central Divisional,MA,Adam Deschane,Jamison Whisenhunt,7.452,135.016,1154.603,1019.587
2025-11-08,2025 Central Divisional,MA,Adam Deschane,Erik Olson,-1.687,-32.936,1154.603,1187.539
2025-11-08,2025 Central Divisional,MA,Adam Deschane,Dave Eggert,-2.018,-39.505,1154.603,1194.108
2025-11-08,2025 Central Divisional,MA,Adam Deschane,gray Harrison,-3.926,-78.107,1154.603,1232.710
2025-11-08,2025 Central Divisional,MA,Adam Deschane,Gary Griffith,-7.659,-157.424,1154.603,1312.027
2025-11-08,2025 Central Divisional,MA,Erik Olson,Eric Less,15.094,265.369,1187.539,922.170
2025-11-08,2025 Central Divisional,MA,Erik Olson,Aaron Booms,12.790,228.767,1187.539,958.772
2025-11-08,2025 Central Divisional,MA,Erik Olson,Jay Kurth,12.564,225.107,1187.539,962.432
2025-11-08,2025 Central Divisional,MA,Erik Olson,Benjamin Howe,9.641,176.621,1187.539,1010.918
2025-11-08,2025 Central Divisional,MA,Erik Olson,Jamison Whisenhunt,9.131,167.952,1187.539,1019.587
2025-11-08,2025 Central Divisional,MA,Erik Olson,Adam Deschane,1.687,32.936,1187.539,1154.603
2025-11-08,2025 Central Divisional,MA,Erik Olson,Dave Eggert,-0.331,-6.569,1187.539,1194.108
2025-11-08,2025 Central Divisional,MA,Erik Olson,gray Harrison,-2.240,-45.171,1187.539,1232.710
2025-11-08,2025 Central Divisional,MA,Erik Olson,Gary Griffith,-5.976,-124.488,1187.539,1312.027
2025-11-08,2025 Central Divisional,MA,Dave Eggert,Eric Less,15.420,271.938,1194.108,922.170
2025-11-08,2025 Central Divisional,MA,Dave Eggert,Aaron Booms,13.117,235.336,1194.108,958.772
2025-11-08,2025 Central Divisional,MA,Dave Eggert,Jay Kurth,12.892,231.676,1194.108,962.432
2025-11-08,2025 Central Divisional,MA,Dave Eggert,Benjamin Howe,9.969,183.190,1194.108,1010.918
2025-11-08,2025 Central Divisional,MA,Dave Eggert,Jamison Whisenhunt,9.460,174.521,1194.108,1019.587
2025-11-08,2025 Central Divisional,MA,Dave Eggert,Adam Deschane,2.018,39.505,1194.108,1154.603
2025-11-08,2025 Central Divisional,MA,Dave Eggert,Erik Olson,0.331,6.569,1194.108,1187.539
2025-11-08,2025 Central Divisional,MA,Dave Eggert,gray Harrison,-1.909,-38.602,1194.108,1232.710
2025-11-08,2025 Central Divisional,MA,Dave Eggert,Gary Griffith,-5.646,-117.919,1194.108,1312.027
2025-11-08,2025 Central Divisional,MA,gray Harrison,Eric Less,17.293,310.540,1232.710,922.170
2025-11-08,2025 Central Divisional,MA,gray Harrison,Aaron Booms,15.000,273.938,1232.710,958.772
2025-11-08,2025 Central Divisional,MA,gray Harrison,Jay Kurth,14.775,270.278,1232.710,962.432
2025-11-08,2025 Central Divisional,MA,gray Harrison,Benjamin Howe,11.863,221.792,1232.710,1010.918
2025-11-08,2025 Central Divisional,MA,gray Harrison,Jamison Whisenhunt,11.355,213.123,1232.710,1019.587
2025-11-08,2025 Central Divisional,MA,gray Harrison,Adam Deschane,3.926,78.107,1232.710,1154.603
2025-11-08,2025 Central Divisional,MA,gray Harrison,Erik Olson,2.240,45.171,1232.710,1187.539
2025-11-08,2025 Central Divisional,MA,gray Harrison,Dave Eggert,1.909,38.602,1232.710,1194.108
2025-11-08,2025 Central Divisional,MA,gray Harrison,Gary Griffith,-3.740,-79.317,1232.710,1312.027
2025-11-08,2025 Central Divisional,MA,Gary Griffith,Eric Less,20.939,389.857,1312.027,922.170
2025-11-08,2025 Central Divisional,MA,Gary Griffith,Aaron Booms,18.668,353.255,1312.027,958.772
2025-11-08,2025 Central Divisional,MA,Gary Griffith,Jay Kurth,18.445,349.595,1312.027,962.432
2025-11-08,2025 Central Divisional,MA,Gary Griffith,Benjamin Howe,15.555,301.109,1312.027,1010.918
2025-11-08,2025 Central Divisional,MA,Gary Griffith,Jamison Whisenhunt,15.051,292.440,1312.027,1019.587
2025-11-08,2025 Central Divisional,MA,Gary Griffith,Adam Deschane,7.659,157.424,1312.027,1154.603
2025-11-08,2025 Central Divisional,MA,Gary Griffith,Erik Olson,5.976,124.488,1312.027,1187.539
2025-11-08,2025 Central Divisional,MA,Gary Griffith,Dave Eggert,5.646,117.919,1312.027,1194.108
2025-11-08,2025 Central Divisional,MA,Gary Griffith,gray Harrison,3.740,79.317,1312.027,1232.710
2025-11-08,2025 Central Divisional,UM,Zachary Schmaedeke,Dale Bahr,-3.426,-49.699,845.433,895.132
2025-11-08,2025 Central Divisional,UM,Dale Bahr,Zachary Schmaedeke,3.426,49.699,895.132,845.433
2020-08-15,2020 DirtFish National Championship,SF,Collin Oelkers,Evan Markewycz,-1.266,-10.385,486.981,497.366
2020-08-15,2020 DirtFish National Championship,SF,Collin Oelkers,Rob Krider,-1.888,-15.566,486.981,502.547
2020-08-15,2020 DirtFish National Championship,SF,Collin Oelkers,Hal Denham,-1.901,-15.674,486.981,502.655
2020-08-15,2020 DirtFish National Championship,SF,Collin Oelkers,Keith Lightfoot,-3.557,-29.756,486.981,516.737
2020-08-15,2020 DirtFish National Championship,SF,Collin Oelkers,Ken Krenk,-5.869,-50.081,486.981,537.062
2020-08-15,2020 DirtFish National Championship,SF,Collin Oelkers,Sawyer Amick,-7.169,-61.882,486.981,548.863
2020-08-15,2020 DirtFish National Championship,SF,Collin Oelkers,Abner Perney,-7.227,-62.417,486.981,549.398
2020-08-15,2020 DirtFish National Championship,SF,Evan Markewycz,Collin Oelkers,1.266,10.385,497.366,486.981
2020-08-15,2020 DirtFish National Championship,SF,Evan Markewycz,Rob Krider,-0.622,-5.181,497.366,502.547
2020-08-15,2020 DirtFish National Championship,SF,Evan Markewycz,Hal Denham,-0.635,-5.289,497.366,502.655
2020-08-15,2020 DirtFish National Championship,SF,Evan Markewycz,Keith Lightfoot,-2.292,-19.371,497.366,516.737
2020-08-15,2020 DirtFish National Championship,SF,Evan Markewycz,Ken Krenk,-4.605,-39.696,497.366,537.062
2020-08-15,2020 DirtFish National Championship,SF,Evan Markewycz,Sawyer Amick,-5.907,-51.497,497.366,548.863
2020-08-15,2020 DirtFish National Championship,SF,Evan Markewycz,Abner Perney,-5.965,-52.032,497.366,549.398
2022-09-23,2022 National Championships,SF,Evan Markewycz,Dwight Wood,0.886,8.086,551.831,543.745
2022-09-23,2022 National Championships,SF,Evan Markewycz,Antonio Serracino,-0.179,-1.645,551.831,553.476
2022-09-23,2022 National Championships,SF,Evan Markewycz,Brett Nelson,-0.672,-6.219,551.831,558.050
2022-09-23,2022 National Championships,SF,Evan Markewycz,Brian Cather,-1.309,-12.174,551.831,564.005
2022-09-23,2022 National Championships,SF,Evan Markewycz,Wallace Wood,-1.471,-13.696,551.831,565.527
2022-09-23,2022 National Championships,SF,Evan Markewycz,Chris Whitney,-1.876,-17.527,551.831,569.358
2022-09-23,2022 National Championships,SF,Evan Markewycz,Chris Ollenburg,-2.123,-19.882,551.831,571.713
2022-09-23,2022 National Championships,SF,Evan Markewycz,Shawna Bowman,-2.209,-20.701,551.831,572.532
2022-09-23,2022 National Championships,SF,Evan Markewycz,Caleb Warren,-2.377,-22.299,551.831,574.130
2022-09-23,2022 National Championships,SF,Evan Markewycz,Josh Armantrout,-6.652,-64.765,551.831,616.596
2020-08-15,2020 DirtFish National Championship,SF,Rob Krider,Collin Oelkers,1.888,15.566,502.547,486.981
2020-08-15,2020 DirtFish National Championship,SF,Rob Krider,Evan Markewycz,0.622,5.181,502.547,497.366
2020-08-15,2020 DirtFish National Championship,SF,Rob Krider,Hal Denham,-0.013,-0.108,502.547,502.655
2020-08-15,2020 DirtFish National Championship,SF,Rob Krider,Keith Lightfoot,-1.671,-14.190,502.547,516.737
2020-08-15,2020 DirtFish National Championship,SF,Rob Krider,Ken Krenk,-3.984,-34.515,502.547,537.062
2020-08-15,2020 DirtFish National Championship,SF,Rob Krider,Sawyer Amick,-5.286,-46.316,502.547,548.863
2020-08-15,2020 DirtFish National Championship,SF,Rob Krider,Abner Perney,-5.344,-46.851,502.547,549.398
2020-08-15,2020 DirtFish National Championship,SF,Keith Lightfoot,Collin Oelkers,3.557,29.756,516.737,486.981
2020-08-15,2020 DirtFish National Championship,SF,Keith Lightfoot,Evan Markewycz,2.292,19.371,516.737,497.366
2020-08-15,2020 DirtFish National Championship,SF,Keith Lightfoot,Rob Krider,1.671,14.190,516.737,502.547
2020-08-15,2020 DirtFish National Championship,SF,Keith Lightfoot,Hal Denham,1.658,14.082,516.737,502.655
2020-08-15,2020 DirtFish National Championship,SF,Keith Lightfoot,Ken Krenk,-2.314,-20.325,516.737,537.062
2020-08-15,2020 DirtFish National Championship,SF,Keith Lightfoot,Sawyer Amick,-3.618,-32.126,516.737,548.863
2020-08-15,2020 DirtFish National Championship,SF,Keith Lightfoot,Abner Perney,-3.676,-32.661,516.737,549.398
2025-10-17,2025 National Championship,SF,Keith Lightfoot,Tom Harrington,5.562,73.796,833.002,759.206
2025-10-17,2025 National Championship,SF,Keith Lightfoot,Chris Raglin,5.371,71.374,833.002,761.628
2025-10-17,2025 National Championship,SF,Keith Lightfoot,Ryan Finch,4.620,61.760,833.002,771.242
2025-10-17,2025 National Championship,SF,Keith Lightfoot,Hubert Borowski,3.929,52.818,833.002,780.184
2025-10-17,2025 National Championship,SF,Keith Lightfoot,Shawna Bowman,3.696,49.781,833.002,783.221
2025-10-17,2025 National Championship,SF,Keith Lightfoot,Harold Denham,1.562,21.406,833.002,811.596
2025-10-17,2025 National Championship,SF,Keith Lightfoot,Alicia Harrington,0.345,4.777,833.002,828.225
2025-10-17,2025 National Championship,SF,Keith Lightfoot,Kane Nale,-8.781,-131.539,833.002,964.541
2020-08-15,2020 DirtFish National Championship,SF,Ken Krenk,Collin Oelkers,5.869,50.081,537.062,486.981
2020-08-15,2020 DirtFish National Championship,SF,Ken Krenk,Evan Markewycz,4.605,39.696,537.062,497.366
2020-08-15,2020 DirtFish National Championship,SF,Ken Krenk,Rob Krider,3.984,34.515,537.062,502.547
2020-08-15,2020 DirtFish National Championship,SF,Ken Krenk,Hal Denham,3.971,34.407,537.062,502.655
2020-08-15,2020 DirtFish National Championship,SF,Ken Krenk,Keith Lightfoot,2.314,20.325,537.062,516.737
2020-08-15,2020 DirtFish National Championship,SF,Ken Krenk,Sawyer Amick,-1.304,-11.801,537.062,548.863
2020-08-15,2020 DirtFish National Championship,SF,Ken Krenk,Abner Perney,-1.363,-12.336,537.062,549.398
2023-10-06,2023 National Championship,SF,Ken Krenk,Brad Turnbull,6.501,72.340,703.852,631.512
2023-10-06,2023 National Championship,SF,Ken Krenk,Caleb Warren,3.914,44.459,703.852,659.393
2023-10-06,2023 National Championship,SF,Ken Krenk,Harold Denham,3.730,42.442,703.852,661.410
2023-10-06,2023 National Championship,SF,Ken Krenk,Dan Sanford,3.217,36.758,703.852,667.094
2023-10-06,2023 National Championship,SF,Ken Krenk,Geoffrey Hamilton,2.690,30.859,703.852,672.993
2023-10-06,2023 National Championship,SF,Ken Krenk,Parker Sattler,1.202,13.964,703.852,689.888
2023-10-06,2023 National Championship,SF,Ken Krenk,Josh Armantrout,-0.333,-3.913,703.852,707.765
2020-08-15,2020 DirtFish National Championship,SF,Sawyer Amick,Collin Oelkers,7.169,61.882,548.863,486.981
2020-08-15,2020 DirtFish National Championship,SF,Sawyer Amick,Evan Markewycz,5.907,51.497,548.863,497.366
2020-08-15,2020 DirtFish National Championship,SF,Sawyer Amick,Rob Krider,5.286,46.316,548.863,502.547
2020-08-15,2020 DirtFish National Championship,SF,Sawyer Amick,Hal Denham,5.273,46.208,548.863,502.655
2020-08-15,2020 DirtFish National Championship,SF,Sawyer Amick,Keith Lightfoot,3.618,32.126,548.863,516.737
2020-08-15,2020 DirtFish National Championship,SF,Sawyer Amick,Ken Krenk,1.304,11.801,548.863,537.062
2020-08-15,2020 DirtFish National Championship,SF,Sawyer Amick,Abner Perney,-0.058,-0.535,548.863,549.398
2020-08-15,2020 DirtFish National Championship,SF,Abner Perney,Collin Oelkers,7.227,62.417,549.398,486.981
2020-08-15,2020 DirtFish National Championship,SF,Abner Perney,Evan Markewycz,5.965,52.032,549.398,497.366
2020-08-15,2020 DirtFish National Championship,SF,Abner Perney,Rob Krider,5.344,46.851,549.398,502.547
2020-08-15,2020 DirtFish National Championship,SF,Abner Perney,Hal Denham,5.332,46.743,549.398,502.655
2020-08-15,2020 DirtFish National Championship,SF,Abner Perney,Keith Lightfoot,3.676,32.661,549.398,516.737
2020-08-15,2020 DirtFish National Championship,SF,Abner Perney,Ken Krenk,1.363,12.336,549.398,537.062
2020-08-15,2020 DirtFish National Championship,SF,Abner Perney,Sawyer Amick,0.058,0.535,549.398,548.863
2020-08-15,2020 DirtFish National Championship,SR,Brian Tefft Jr.,Sean Grogan,2.553,22.440,538.696,516.256
2020-08-15,2020 DirtFish National Championship,SR,Brian Tefft Jr.,John L. Voegeli,0.826,7.365,538.696,531.331
2020-08-15,2020 DirtFish National Championship,SR,Brian Tefft Jr.,Logan Altmyer,0.597,5.330,538.696,533.366
2020-08-15,2020 DirtFish National Championship,SR,Brian Tefft Jr.,Adam Raymer,0.065,0.584,538.696,538.112
2020-08-15,2020 DirtFish National Championship,SR,Brian Tefft Jr.,Don Breneman,-0.199,-1.787,538.696,540.483
2020-08-15,2020 DirtFish National Championship,SR,Brian Tefft Jr.,Mark Macoubrie,-0.231,-2.078,538.696,540.774
2020-08-15,2020 DirtFish National Championship,SR,Brian Tefft Jr.,Lothrop Withington IV,-1.091,-9.888,538.696,548.584
2020-08-15,2020 DirtFish National Championship,SR,Brian Tefft Jr.,Joey Green,-4.024,-37.383,538.696,576.079
2020-08-15,2020 DirtFish National Championship,SR,Brian Tefft Jr.,James Wood,-6.677,-63.483,538.696,602.179
2020-08-15,2020 DirtFish National Championship,SR,Brian Tefft Jr.,Lucian Perniciaro,-7.922,-76.149,538.696,614.845
2020-08-15,2020 DirtFish National Championship,SR,Brian Tefft Jr.,Mathew Grainger,-10.136,-99.405,538.696,638.101
2020-08-15,2020 DirtFish National Championship,SR,Brian Tefft Jr.,Daulton Hurst,-15.672,-161.842,538.696,700.538
2020-08-15,2020 DirtFish National Championship,SR,Lothrop Withington IV,Sean Grogan,3.643,32.328,548.584,516.256
2020-08-15,2020 DirtFish National Championship,SR,Lothrop Withington IV,John L. Voegeli,1.917,17.253,548.584,531.331
2020-08-15,2020 DirtFish National Championship,SR,Lothrop Withington IV,Logan Altmyer,1.688,15.218,548.584,533.366
2020-08-15,2020 DirtFish National Championship,SR,Lothrop Withington IV,Adam Raymer,1.156,10.472,548.584,538.112
2020-08-15,2020 DirtFish National Championship,SR,Lothrop Withington IV,Brian Tefft Jr.,1.091,9.888,548.584,538.696
2020-08-15,2020 DirtFish National Championship,SR,Lothrop Withington IV,Don Breneman,0.893,8.101,548.584,540.483
2020-08-15,2020 DirtFish National Championship,SR,Lothrop Withington IV,Mark Macoubrie,0.860,7.810,548.584,540.774
2020-08-15,2020 DirtFish National Championship,SR,Lothrop Withington IV,Joey Green,-2.934,-27.495,548.584,576.079
2020-08-15,2020 DirtFish National Championship,SR,Lothrop Withington IV,James Wood,-5.589,-53.595,548.584,602.179
2020-08-15,2020 DirtFish National Championship,SR,Lothrop Withington IV,Lucian Perniciaro,-6.834,-66.261,548.584,614.845
2020-08-15,2020 DirtFish National Championship,SR,Lothrop Withington IV,Mathew Grainger,-9.052,-89.517,548.584,638.101
2020-08-15,2020 DirtFish National Championship,SR,Lothrop Withington IV,Daulton Hurst,-14.598,-151.954,548.584,700.538
2020-08-15,2020 DirtFish National Championship,SR,Joey Green,Sean Grogan,6.572,59.823,576.079,516.256
2020-08-15,2020 DirtFish National Championship,SR,Joey Green,John L. Voegeli,4.849,44.748,576.079,531.331
2020-08-15,2020 DirtFish National Championship,SR,Joey Green,Logan Altmyer,4.620,42.713,576.079,533.366
2020-08-15,2020 DirtFish National Championship,SR,Joey Green,Adam Raymer,4.089,37.967,576.079,538.112
2020-08-15,2020 DirtFish National Championship,SR,Joey Green,Brian Tefft Jr.,4.024,37.383,576.079,538.696
2020-08-15,2020 DirtFish National Championship,SR,Joey Green,Don Breneman,3.826,35.596,576.079,540.483
2020-08-15,2020 DirtFish National Championship,SR,Joey Green,Mark Macoubrie,3.793,35.305,576.079,540.774
2020-08-15,2020 DirtFish National Championship,SR,Joey Green,Lothrop Withington IV,2.934,27.495,576.079,548.584
2020-08-15,2020 DirtFish National Championship,SR,Joey Green,James Wood,-2.658,-26.100,576.079,602.179
2020-08-15,2020 DirtFish National Championship,SR,Joey Green,Lucian Perniciaro,-3.906,-38.766,576.079,614.845
2020-08-15,2020 DirtFish National Championship,SR,Joey Green,Mathew Grainger,-6.130,-62.022,576.079,638.101
2020-08-15,2020 DirtFish National Championship,SR,Joey Green,Daulton Hurst,-11.699,-124.459,576.079,700.538
2020-08-15,2020 DirtFish National Championship,SR,James Wood,Sean Grogan,9.219,85.923,602.179,516.256
2020-08-15,2020 DirtFish National Championship,SR,James Wood,John L. Voegeli,7.500,70.848,602.179,531.331
2020-08-15,2020 DirtFish National Championship,SR,James Wood,Logan Altmyer,7.272,68.813,602.179,533.366
2020-08-15,2020 DirtFish National Championship,SR,James Wood,Adam Raymer,6.742,64.067,602.179,538.112
2020-08-15,2020 DirtFish National Championship,SR,James Wood,Brian Tefft Jr.,6.677,63.483,602.179,538.696
2020-08-15,2020 DirtFish National Championship,SR,James Wood,Don Breneman,6.479,61.696,602.179,540.483
2020-08-15,2020 DirtFish National Championship,SR,James Wood,Mark Macoubrie,6.447,61.405,602.179,540.774
2020-08-15,2020 DirtFish National Championship,SR,James Wood,Lothrop Withington IV,5.589,53.595,602.179,548.584
2020-08-15,2020 DirtFish National Championship,SR,James Wood,Joey Green,2.658,26.100,602.179,576.079
2020-08-15,2020 DirtFish National Championship,SR,James Wood,Lucian Perniciaro,-1.249,-12.666,602.179,614.845
2020-08-15,2020 DirtFish National Championship,SR,James Wood,Mathew Grainger,-3.476,-35.922,602.179,638.101
2020-08-15,2020 DirtFish National Championship,SR,James Wood,Daulton Hurst,-9.060,-98.359,602.179,700.538
2023-10-06,2023 National Championship,SR,James Wood,Keith Lightfoot,6.760,79.994,750.032,670.038
2023-10-06,2023 National Championship,SR,James Wood,Jared Phillippe,5.483,65.551,750.032,684.481
2023-10-06,2023 National Championship,SR,James Wood,Trevor Phillippe,5.224,62.583,750.032,687.449
2023-10-06,2023 National Championship,SR,James Wood,Jackson Lee,4.629,55.710,750.032,694.322
2023-10-06,2023 National Championship,SR,James Wood,Jason Lee,0.550,6.846,750.032,743.186
2020-08-15,2020 DirtFish National Championship,SR,Lucian Perniciaro,Sean Grogan,10.459,98.589,614.845,516.256
2020-08-15,2020 DirtFish National Championship,SR,Lucian Perniciaro,John L. Voegeli,8.744,83.514,614.845,531.331
2020-08-15,2020 DirtFish National Championship,SR,Lucian Perniciaro,Logan Altmyer,8.515,81.479,614.845,533.366
2020-08-15,2020 DirtFish National Championship,SR,Lucian Perniciaro,Adam Raymer,7.986,76.733,614.845,538.112
2020-08-15,2020 DirtFish National Championship,SR,Lucian Perniciaro,Brian Tefft Jr.,7.922,76.149,614.845,538.696
2020-08-15,2020 DirtFish National Championship,SR,Lucian Perniciaro,Don Breneman,7.724,74.362,614.845,540.483
2020-08-15,2020 DirtFish National Championship,SR,Lucian Perniciaro,Mark Macoubrie,7.692,74.071,614.845,540.774
2020-08-15,2020 DirtFish National Championship,SR,Lucian Perniciaro,Lothrop Withington IV,6.834,66.261,614.845,548.584
2020-08-15,2020 DirtFish National Championship,SR,Lucian Perniciaro,Joey Green,3.906,38.766,614.845,576.079
2020-08-15,2020 DirtFish National Championship,SR,Lucian Perniciaro,James Wood,1.249,12.666,614.845,602.179
2020-08-15,2020 DirtFish National Championship,SR,Lucian Perniciaro,Mathew Grainger,-2.227,-23.256,614.845,638.101
2020-08-15,2020 DirtFish National Championship,SR,Lucian Perniciaro,Daulton Hurst,-7.818,-85.693,614.845,700.538
2020-08-15,2020 DirtFish National Championship,SR,Mathew Grainger,Sean Grogan,12.666,121.845,638.101,516.256
2020-08-15,2020 DirtFish National Championship,SR,Mathew Grainger,John L. Voegeli,10.956,106.770,638.101,531.331
2020-08-15,2020 DirtFish National Championship,SR,Mathew Grainger,Logan Altmyer,10.729,104.735,638.101,533.366
2020-08-15,2020 DirtFish National Championship,SR,Mathew Grainger,Adam Raymer,10.201,99.989,638.101,538.112
2020-08-15,2020 DirtFish National Championship,SR,Mathew Grainger,Brian Tefft Jr.,10.136,99.405,638.101,538.696
2020-08-15,2020 DirtFish National Championship,SR,Mathew Grainger,Don Breneman,9.939,97.618,638.101,540.483
2020-08-15,2020 DirtFish National Championship,SR,Mathew Grainger,Mark Macoubrie,9.907,97.327,638.101,540.774
2020-08-15,2020 DirtFish National Championship,SR,Mathew Grainger,Lothrop Withington IV,9.052,89.517,638.101,548.584
2020-08-15,2020 DirtFish National Championship,SR,Mathew Grainger,Joey Green,6.130,62.022,638.101,576.079
2020-08-15,2020 DirtFish National Championship,SR,Mathew Grainger,James Wood,3.476,35.922,638.101,602.179
2020-08-15,2020 DirtFish National Championship,SR,Mathew Grainger,Lucian Perniciaro,2.227,23.256,638.101,614.845
2020-08-15,2020 DirtFish National Championship,SR,Mathew Grainger,Daulton Hurst,-5.597,-62.437,638.101,700.538
2020-08-15,2020 DirtFish National Championship,SR,Daulton Hurst,Sean Grogan,18.174,184.282,700.538,516.256
2020-08-15,2020 DirtFish National Championship,SR,Daulton Hurst,John L. Voegeli,16.483,169.207,700.538,531.331
2020-08-15,2020 DirtFish National Championship,SR,Daulton Hurst,Logan Altmyer,16.258,167.172,700.538,533.366
2020-08-15,2020 DirtFish National Championship,SR,Daulton Hurst,Adam Raymer,15.736,162.426,700.538,538.112
2020-08-15,2020 DirtFish National Championship,SR,Daulton Hurst,Brian Tefft Jr.,15.672,161.842,700.538,538.696
2020-08-15,2020 DirtFish National Championship,SR,Daulton Hurst,Don Breneman,15.476,160.055,700.538,540.483
2020-08-15,2020 DirtFish National Championship,SR,Daulton Hurst,Mark Macoubrie,15.445,159.764,700.538,540.774
2020-08-15,2020 DirtFish National Championship,SR,Daulton Hurst,Lothrop Withington IV,14.598,151.954,700.538,548.584
2020-08-15,2020 DirtFish National Championship,SR,Daulton Hurst,Joey Green,11.699,124.459,700.538,576.079
2020-08-15,2020 DirtFish National Championship,SR,Daulton Hurst,James Wood,9.060,98.359,700.538,602.179
2020-08-15,2020 DirtFish National Championship,SR,Daulton Hurst,Lucian Perniciaro,7.818,85.693,700.538,614.845
2020-08-15,2020 DirtFish National Championship,SR,Daulton Hurst,Mathew Grainger,5.597,62.437,700.538,638.101
2020-08-15,2020 DirtFish National Championship,SA,Josh Armantrout,Jan Gerber,-0.256,-2.107,492.873,494.980
2020-08-15,2020 DirtFish National Championship,SA,Josh Armantrout,Timothy Thompson,-0.850,-7.033,492.873,499.906
2020-08-15,2020 DirtFish National Championship,SA,Josh Armantrout,Chris Endres,-2.121,-17.733,492.873,510.606
2020-08-15,2020 DirtFish National Championship,SA,Josh Armantrout,Steve Ducharme,-2.441,-20.464,492.873,513.337
2020-08-15,2020 DirtFish National Championship,SA,Josh Armantrout,Noah Quick,-3.052,-25.726,492.873,518.599
2020-08-15,2020 DirtFish National Championship,SA,Josh Armantrout,Jorge Gonzalez,-3.494,-29.560,492.873,522.433
2020-08-15,2020 DirtFish National Championship,SA,Josh Armantrout,Toby Harris,-3.916,-33.253,492.873,526.126
2020-08-15,2020 DirtFish National Championship,SA,Josh Armantrout,Sean Heinrich,-4.258,-36.264,492.873,529.137
2020-08-15,2020 DirtFish National Championship,SA,Josh Armantrout,Jared Carpenter,-5.712,-49.264,492.873,542.137
2020-08-15,2020 DirtFish National Championship,SA,Josh Armantrout,Cassandra Cedeno,-6.370,-55.256,492.873,548.129
2020-08-15,2020 DirtFish National Championship,SA,Josh Armantrout,Andrew Wilharm,-9.376,-83.544,492.873,576.417
2020-08-15,2020 DirtFish National Championship,SA,Josh Armantrout,Crisanne Thompson,-12.248,-112.048,492.873,604.921
2020-08-15,2020 DirtFish National Championship,SA,Chris Endres,Josh Armantrout,2.121,17.733,510.606,492.873
2020-08-15,2020 DirtFish National Championship,SA,Chris Endres,Jan Gerber,1.865,15.626,510.606,494.980
2020-08-15,2020 DirtFish National Championship,SA,Chris Endres,Timothy Thompson,1.271,10.700,510.606,499.906
2020-08-15,2020 DirtFish National Championship,SA,Chris Endres,Steve Ducharme,-0.320,-2.731,510.606,513.337
2020-08-15,2020 DirtFish National Championship,SA,Chris Endres,Noah Quick,-0.932,-7.993,510.606,518.599
2020-08-15,2020 DirtFish National Championship,SA,Chris Endres,Jorge Gonzalez,-1.374,-11.827,510.606,522.433
2020-08-15,2020 DirtFish National Championship,SA,Chris Endres,Toby Harris,-1.796,-15.520,510.606,526.126
2020-08-15,2020 DirtFish National Championship,SA,Chris Endres,Sean Heinrich,-2.139,-18.531,510.606,529.137
2020-08-15,2020 DirtFish National Championship,SA,Chris Endres,Rupert Berrington,-3.491,-30.595,510.606,541.201
2020-08-15,2020 DirtFish National Championship,SA,Chris Endres,Jared Carpenter,-3.594,-31.531,510.606,542.137
2020-08-15,2020 DirtFish National Championship,SA,Chris Endres,Cassandra Cedeno,-4.253,-37.523,510.606,548.129
2020-08-15,2020 DirtFish National Championship,SA,Chris Endres,Andrew Wilharm,-7.265,-65.811,510.606,576.417
2020-08-15,2020 DirtFish National Championship,SA,Chris Endres,Crisanne Thompson,-10.146,-94.315,510.606,604.921
2020-08-15,2020 DirtFish National Championship,SA,Jorge Gonzalez,Josh Armantrout,3.494,29.560,522.433,492.873
2020-08-15,2020 DirtFish National Championship,SA,Jorge Gonzalez,Jan Gerber,3.238,27.453,522.433,494.980
2020-08-15,2020 DirtFish National Championship,SA,Jorge Gonzalez,Timothy Thompson,2.644,22.527,522.433,499.906
2020-08-15,2020 DirtFish National Championship,SA,Jorge Gonzalez,Chris Endres,1.374,11.827,522.433,510.606
2020-08-15,2020 DirtFish National Championship,SA,Jorge Gonzalez,Steve Ducharme,1.054,9.096,522.433,513.337
2020-08-15,2020 DirtFish National Championship,SA,Jorge Gonzalez,Noah Quick,0.442,3.834,522.433,518.599
2020-08-15,2020 DirtFish National Championship,SA,Jorge Gonzalez,Toby Harris,-0.423,-3.693,522.433,526.126
2020-08-15,2020 DirtFish National Championship,SA,Jorge Gonzalez,Sean Heinrich,-0.765,-6.704,522.433,529.137
2020-08-15,2020 DirtFish National Championship,SA,Jorge Gonzalez,Rupert Berrington,-2.117,-18.768,522.433,541.201
2020-08-15,2020 DirtFish National Championship,SA,Jorge Gonzalez,Jared Carpenter,-2.221,-19.704,522.433,542.137
2020-08-15,2020 DirtFish National Championship,SA,Jorge Gonzalez,Cassandra Cedeno,-2.880,-25.696,522.433,548.129
2020-08-15,2020 DirtFish National Championship,SA,Jorge Gonzalez,Andrew Wilharm,-5.895,-53.984,522.433,576.417
2020-08-15,2020 DirtFish National Championship,SA,Jorge Gonzalez,Crisanne Thompson,-8.780,-82.488,522.433,604.921
2020-08-15,2020 DirtFish National Championship,SA,Toby Harris,Josh Armantrout,3.916,33.253,526.126,492.873
2020-08-15,2020 DirtFish National Championship,SA,Toby Harris,Jan Gerber,3.660,31.146,526.126,494.980
2020-08-15,2020 DirtFish National Championship,SA,Toby Harris,Timothy Thompson,3.067,26.220,526.126,499.906
2020-08-15,2020 DirtFish National Championship,SA,Toby Harris,Chris Endres,1.796,15.520,526.126,510.606
2020-08-15,2020 DirtFish National Championship,SA,Toby Harris,Steve Ducharme,1.476,12.789,526.126,513.337
2020-08-15,2020 DirtFish National Championship,SA,Toby Harris,Noah Quick,0.865,7.527,526.126,518.599
2020-08-15,2020 DirtFish National Championship,SA,Toby Harris,Jorge Gonzalez,0.423,3.693,526.126,522.433
2020-08-15,2020 DirtFish National Championship,SA,Toby Harris,Sean Heinrich,-0.342,-3.011,526.126,529.137
2020-08-15,2020 DirtFish National Championship,SA,Toby Harris,Rupert Berrington,-1.695,-15.075,526.126,541.201
2020-08-15,2020 DirtFish National Championship,SA,Toby Harris,Jared Carpenter,-1.799,-16.011,526.126,542.137
2020-08-15,2020 DirtFish National Championship,SA,Toby Harris,Cassandra Cedeno,-2.458,-22.003,526.126,548.129
2020-08-15,2020 DirtFish National Championship,SA,Toby Harris,Andrew Wilharm,-5.474,-50.291,526.126,576.417
2020-08-15,2020 DirtFish National Championship,SA,Toby Harris,Crisanne Thompson,-8.360,-78.795,526.126,604.921
2020-08-15,2020 DirtFish National Championship,SA,Rupert Berrington,Jan Gerber,5.353,46.221,541.201,494.980
2020-08-15,2020 DirtFish National Championship,SA,Rupert Berrington,Timothy Thompson,4.760,41.295,541.201,499.906
2020-08-15,2020 DirtFish National Championship,SA,Rupert Berrington,Chris Endres,3.491,30.595,541.201,510.606
2020-08-15,2020 DirtFish National Championship,SA,Rupert Berrington,Steve Ducharme,3.171,27.864,541.201,513.337
2020-08-15,2020 DirtFish National Championship,SA,Rupert Berrington,Noah Quick,2.559,22.602,541.201,518.599
2020-08-15,2020 DirtFish National Championship,SA,Rupert Berrington,Jorge Gonzalez,2.117,18.768,541.201,522.433
2020-08-15,2020 DirtFish National Championship,SA,Rupert Berrington,Toby Harris,1.695,15.075,541.201,526.126
2020-08-15,2020 DirtFish National Championship,SA,Rupert Berrington,Sean Heinrich,1.353,12.064,541.201,529.137
2020-08-15,2020 DirtFish National Championship,SA,Rupert Berrington,Jared Carpenter,-0.104,-0.936,541.201,542.137
2020-08-15,2020 DirtFish National Championship,SA,Rupert Berrington,Cassandra Cedeno,-0.763,-6.928,541.201,548.129
2020-08-15,2020 DirtFish National Championship,SA,Rupert Berrington,Andrew Wilharm,-3.781,-35.216,541.201,576.417
2020-08-15,2020 DirtFish National Championship,SA,Rupert Berrington,Crisanne Thompson,-6.672,-63.720,541.201,604.921
2022-09-23,2022 National Championships,SA,Rupert Berrington,Timothy Thompson,5.360,48.442,566.508,518.066
2022-09-23,2022 National Championships,SA,Rupert Berrington,Jan Gerber,5.207,47.118,566.508,519.390
2022-09-23,2022 National Championships,SA,Rupert Berrington,Brian Tefft Jr.,4.418,40.235,566.508,526.273
2022-09-23,2022 National Championships,SA,Rupert Berrington,Sean Heinrich,3.580,32.821,566.508,533.687
2022-09-23,2022 National Championships,SA,Rupert Berrington,Steve Ducharme,1.978,18.374,566.508,548.134
2022-09-23,2022 National Championships,SA,Rupert Berrington,Zachary Smith,1.700,15.826,566.508,550.682
2022-09-23,2022 National Championships,SA,Rupert Berrington,Ryan Ruhle,0.310,2.922,566.508,563.586
2022-09-23,2022 National Championships,SA,Rupert Berrington,David Durney,-2.037,-19.561,566.508,586.069
2020-08-15,2020 DirtFish National Championship,SA,Jared Carpenter,Josh Armantrout,5.712,49.264,542.137,492.873
2020-08-15,2020 DirtFish National Championship,SA,Jared Carpenter,Jan Gerber,5.456,47.157,542.137,494.980
2020-08-15,2020 DirtFish National Championship,SA,Jared Carpenter,Timothy Thompson,4.863,42.231,542.137,499.906
2020-08-15,2020 DirtFish National Championship,SA,Jared Carpenter,Chris Endres,3.594,31.531,542.137,510.606
2020-08-15,2020 DirtFish National Championship,SA,Jared Carpenter,Steve Ducharme,3.274,28.800,542.137,513.337
2020-08-15,2020 DirtFish National Championship,SA,Jared Carpenter,Noah Quick,2.663,23.538,542.137,518.599
2020-08-15,2020 DirtFish National Championship,SA,Jared Carpenter,Jorge Gonzalez,2.221,19.704,542.137,522.433
2020-08-15,2020 DirtFish National Championship,SA,Jared Carpenter,Toby Harris,1.799,16.011,542.137,526.126
2020-08-15,2020 DirtFish National Championship,SA,Jared Carpenter,Sean Heinrich,1.456,13.000,542.137,529.137
2020-08-15,2020 DirtFish National Championship,SA,Jared Carpenter,Rupert Berrington,0.104,0.936,542.137,541.201
2020-08-15,2020 DirtFish National Championship,SA,Jared Carpenter,Cassandra Cedeno,-0.660,-5.992,542.137,548.129
2020-08-15,2020 DirtFish National Championship,SA,Jared Carpenter,Andrew Wilharm,-3.678,-34.280,542.137,576.417
2020-08-15,2020 DirtFish National Championship,SA,Jared Carpenter,Crisanne Thompson,-6.568,-62.784,542.137,604.921
2020-08-15,2020 DirtFish National Championship,SA,Cassandra Cedeno,Josh Armantrout,6.370,55.256,548.129,492.873
2020-08-15,2020 DirtFish National Championship,SA,Cassandra Cedeno,Jan Gerber,6.114,53.149,548.129,494.980
2020-08-15,2020 DirtFish National Championship,SA,Cassandra Cedeno,Timothy Thompson,5.522,48.223,548.129,499.906
2020-08-15,2020 DirtFish National Championship,SA,Cassandra Cedeno,Chris Endres,4.253,37.523,548.129,510.606
2020-08-15,2020 DirtFish National Championship,SA,Cassandra Cedeno,Steve Ducharme,3.933,34.792,548.129,513.337
2020-08-15,2020 DirtFish National Championship,SA,Cassandra Cedeno,Noah Quick,3.322,29.530,548.129,518.599
2020-08-15,2020 DirtFish National Championship,SA,Cassandra Cedeno,Jorge Gonzalez,2.880,25.696,548.129,522.433
2020-08-15,2020 DirtFish National Championship,SA,Cassandra Cedeno,Toby Harris,2.458,22.003,548.129,526.126
2020-08-15,2020 DirtFish National Championship,SA,Cassandra Cedeno,Sean Heinrich,2.116,18.992,548.129,529.137
2020-08-15,2020 DirtFish National Championship,SA,Cassandra Cedeno,Rupert Berrington,0.763,6.928,548.129,541.201
2020-08-15,2020 DirtFish National Championship,SA,Cassandra Cedeno,Jared Carpenter,0.660,5.992,548.129,542.137
2020-08-15,2020 DirtFish National Championship,SA,Cassandra Cedeno,Andrew Wilharm,-3.019,-28.288,548.129,576.417
2020-08-15,2020 DirtFish National Championship,SA,Cassandra Cedeno,Crisanne Thompson,-5.910,-56.792,548.129,604.921
2020-08-15,2020 DirtFish National Championship,SA,Andrew Wilharm,Josh Armantrout,9.376,83.544,576.417,492.873
2020-08-15,2020 DirtFish National Championship,SA,Andrew Wilharm,Jan Gerber,9.121,81.437,576.417,494.980
2020-08-15,2020 DirtFish National Championship,SA,Andrew Wilharm,Chris Endres,7.265,65.811,576.417,510.606
2020-08-15,2020 DirtFish National Championship,SA,Andrew Wilharm,Steve Ducharme,6.946,63.080,576.417,513.337
2020-08-15,2020 DirtFish National Championship,SA,Andrew Wilharm,Noah Quick,6.336,57.818,576.417,518.599
2020-08-15,2020 DirtFish National Championship,SA,Andrew Wilharm,Jorge Gonzalez,5.895,53.984,576.417,522.433
2020-08-15,2020 DirtFish National Championship,SA,Andrew Wilharm,Toby Harris,5.474,50.291,576.417,526.126
2020-08-15,2020 DirtFish National Championship,SA,Andrew Wilharm,Sean Heinrich,5.132,47.280,576.417,529.137
2020-08-15,2020 DirtFish National Championship,SA,Andrew Wilharm,Rupert Berrington,3.781,35.216,576.417,541.201
2020-08-15,2020 DirtFish National Championship,SA,Andrew Wilharm,Jared Carpenter,3.678,34.280,576.417,542.137
2020-08-15,2020 DirtFish National Championship,SA,Andrew Wilharm,Cassandra Cedeno,3.019,28.288,576.417,548.129
2020-08-15,2020 DirtFish National Championship,SA,Andrew Wilharm,Crisanne Thompson,-2.895,-28.504,576.417,604.921
2020-08-15,2020 DirtFish National Championship,SA,Crisanne Thompson,Josh Armantrout,12.248,112.048,604.921,492.873
2020-08-15,2020 DirtFish National Championship,SA,Crisanne Thompson,Jan Gerber,11.995,109.941,604.921,494.980
2020-08-15,2020 DirtFish National Championship,SA,Crisanne Thompson,Timothy Thompson,11.406,105.015,604.921,499.906
2020-08-15,2020 DirtFish National Championship,SA,Crisanne Thompson,Chris Endres,10.146,94.315,604.921,510.606
2020-08-15,2020 DirtFish National Championship,SA,Crisanne Thompson,Steve Ducharme,9.828,91.584,604.921,513.337
2020-08-15,2020 DirtFish National Championship,SA,Crisanne Thompson,Noah Quick,9.220,86.322,604.921,518.599
2020-08-15,2020 DirtFish National Championship,SA,Crisanne Thompson,Jorge Gonzalez,8.780,82.488,604.921,522.433
2020-08-15,2020 DirtFish National Championship,SA,Crisanne Thompson,Toby Harris,8.360,78.795,604.921,526.126
2020-08-15,2020 DirtFish National Championship,SA,Crisanne Thompson,Sean Heinrich,8.019,75.784,604.921,529.137
2020-08-15,2020 DirtFish National Championship,SA,Crisanne Thompson,Rupert Berrington,6.672,63.720,604.921,541.201
2020-08-15,2020 DirtFish National Championship,SA,Crisanne Thompson,Jared Carpenter,6.568,62.784,604.921,542.137
2020-08-15,2020 DirtFish National Championship,SA,Crisanne Thompson,Cassandra Cedeno,5.910,56.792,604.921,548.129
2020-08-15,2020 DirtFish National Championship,SA,Crisanne Thompson,Andrew Wilharm,2.895,28.504,604.921,576.417
2020-08-15,2020 DirtFish National Championship,PF,Robert Seelig,Edwin Cunill,-0.211,-1.713,486.444,488.157
2020-08-15,2020 DirtFish National Championship,PF,Robert Seelig,Donald Carl,-0.454,-3.696,486.444,490.140
2020-08-15,2020 DirtFish National Championship,PF,Robert Seelig,Matt Wolfe,-0.641,-5.225,486.444,491.669
2020-08-15,2020 DirtFish National Championship,PF,Robert Seelig,Jim Rowland,-1.047,-8.567,486.444,495.011
2020-08-15,2020 DirtFish National Championship,PF,Robert Seelig,Christian Retterer,-1.433,-11.758,486.444,498.202
2020-08-15,2020 DirtFish National Championship,PF,Robert Seelig,John England,-2.416,-19.986,486.444,506.430
2020-08-15,2020 DirtFish National Championship,PF,Robert Seelig,Greg Cheney,-2.981,-24.787,486.444,511.231
2020-08-15,2020 DirtFish National Championship,PF,Robert Seelig,Sidney Scott,-2.986,-24.825,486.444,511.269
2020-08-15,2020 DirtFish National Championship,PF,Robert Seelig,Cole Fincham,-3.486,-29.110,486.444,515.554
2020-08-15,2020 DirtFish National Championship,PF,Robert Seelig,Andrea Wolfe,-3.682,-30.796,486.444,517.240
2020-08-15,2020 DirtFish National Championship,PF,Robert Seelig,Elmer Wilson,-3.887,-32.569,486.444,519.013
2020-08-15,2020 DirtFish National Championship,PF,Robert Seelig,Scott Schmidt,-4.623,-38.984,486.444,525.428
2020-08-15,2020 DirtFish National Championship,PF,Robert Seelig,Ian Jennings,-5.625,-47.844,486.444,534.288
2020-08-15,2020 DirtFish National Championship,PF,Robert Seelig,Ron Foley,-7.349,-63.469,486.444,549.913
2020-08-15,2020 DirtFish National Championship,PF,Robert Seelig,Mark Williams,-13.337,-121.652,486.444,608.096
2020-08-15,2020 DirtFish National Championship,PF,Robert Seelig,Warren Elliott,-22.072,-219.282,486.444,705.726
2020-08-15,2020 DirtFish National Championship,PF,John England,Robert Seelig,2.416,19.986,506.430,486.444
2020-08-15,2020 DirtFish National Championship,PF,John England,Edwin Cunill,2.205,18.273,506.430,488.157
2020-08-15,2020 DirtFish National Championship,PF,John England,Donald Carl,1.962,16.290,506.430,490.140
2020-08-15,2020 DirtFish National Championship,PF,John England,Matt Wolfe,1.775,14.761,506.430,491.669
2020-08-15,2020 DirtFish National Championship,PF,John England,Jim Rowland,1.368,11.419,506.430,495.011
2020-08-15,2020 DirtFish National Championship,PF,John England,Christian Retterer,0.983,8.228,506.430,498.202
2020-08-15,2020 DirtFish National Championship,PF,John England,Greg Cheney,-0.566,-4.801,506.430,511.231
2020-08-15,2020 DirtFish National Championship,PF,John England,Sidney Scott,-0.571,-4.839,506.430,511.269
2020-08-15,2020 DirtFish National Championship,PF,John England,Cole Fincham,-1.071,-9.124,506.430,515.554
2020-08-15,2020 DirtFish National Championship,PF,John England,Andrea Wolfe,-1.267,-10.810,506.430,517.240
2020-08-15,2020 DirtFish National Championship,PF,John England,Elmer Wilson,-1.472,-12.583,506.430,519.013
2020-08-15,2020 DirtFish National Championship,PF,John England,Scott Schmidt,-2.209,-18.998,506.430,525.428
2020-08-15,2020 DirtFish National Championship,PF,John England,Ian Jennings,-3.212,-27.858,506.430,534.288
2020-08-15,2020 DirtFish National Championship,PF,John England,Ron Foley,-4.940,-43.483,506.430,549.913
2020-08-15,2020 DirtFish National Championship,PF,John England,Mark Williams,-10.946,-101.666,506.430,608.096
2020-08-15,2020 DirtFish National Championship,PF,John England,Warren Elliott,-19.730,-199.296,506.430,705.726
2024-08-31,2024 Great Lakes Divisional,PF,John England,Sidney Scott,1.658,16.877,619.137,602.260
2024-08-31,2024 Great Lakes Divisional,PF,John England,Alex Ashbaugh,0.973,9.960,619.137,609.177
2020-08-15,2020 DirtFish National Championship,PF,Greg Cheney,Robert Seelig,2.981,24.787,511.231,486.444
2020-08-15,2020 DirtFish National Championship,PF,Greg Cheney,Edwin Cunill,2.771,23.074,511.231,488.157
2020-08-15,2020 DirtFish National Championship,PF,Greg Cheney,Donald Carl,2.527,21.091,511.231,490.140
2020-08-15,2020 DirtFish National Championship,PF,Greg Cheney,Matt Wolfe,2.341,19.562,511.231,491.669
2020-08-15,2020 DirtFish National Championship,PF,Greg Cheney,Jim Rowland,1.934,16.220,511.231,495.011
2020-08-15,2020 DirtFish National Championship,PF,Greg Cheney,Christian Retterer,1.549,13.029,511.231,498.202
2020-08-15,2020 DirtFish National Championship,PF,Greg Cheney,John England,0.566,4.801,511.231,506.430
2020-08-15,2020 DirtFish National Championship,PF,Greg Cheney,Sidney Scott,-0.004,-0.038,511.231,511.269
2020-08-15,2020 DirtFish National Championship,PF,Greg Cheney,Cole Fincham,-0.505,-4.323,511.231,515.554
2020-08-15,2020 DirtFish National Championship,PF,Greg Cheney,Andrea Wolfe,-0.701,-6.009,511.231,517.240
2020-08-15,2020 DirtFish National Championship,PF,Greg Cheney,Elmer Wilson,-0.906,-7.782,511.231,519.013
2020-08-15,2020 DirtFish National Championship,PF,Greg Cheney,Scott Schmidt,-1.643,-14.197,511.231,525.428
2020-08-15,2020 DirtFish National Championship,PF,Greg Cheney,Ian Jennings,-2.646,-23.057,511.231,534.288
2020-08-15,2020 DirtFish National Championship,PF,Greg Cheney,Ron Foley,-4.374,-38.682,511.231,549.913
2020-08-15,2020 DirtFish National Championship,PF,Greg Cheney,Mark Williams,-10.385,-96.865,511.231,608.096
2020-08-15,2020 DirtFish National Championship,PF,Greg Cheney,Warren Elliott,-19.178,-194.495,511.231,705.726
2023-10-06,2023 National Championship,PF,Greg Cheney,Jim Rowland,3.165,35.021,681.355,646.334
2023-10-06,2023 National Championship,PF,Greg Cheney,Christian Retterer,3.133,34.675,681.355,646.680
2023-10-06,2023 National Championship,PF,Greg Cheney,David Capesius,2.929,32.470,681.355,648.885
2023-10-06,2023 National Championship,PF,Greg Cheney,Warren Elliott,-3.817,-44.773,681.355,726.128
2020-08-15,2020 DirtFish National Championship,PF,Cole Fincham,Robert Seelig,3.486,29.110,515.554,486.444
2020-08-15,2020 DirtFish National Championship,PF,Cole Fincham,Edwin Cunill,3.275,27.397,515.554,488.157
2020-08-15,2020 DirtFish National Championship,PF,Cole Fincham,Donald Carl,3.032,25.414,515.554,490.140
2020-08-15,2020 DirtFish National Championship,PF,Cole Fincham,Matt Wolfe,2.846,23.885,515.554,491.669
2020-08-15,2020 DirtFish National Championship,PF,Cole Fincham,Jim Rowland,2.439,20.543,515.554,495.011
2020-08-15,2020 DirtFish National Championship,PF,Cole Fincham,Christian Retterer,2.054,17.352,515.554,498.202
2020-08-15,2020 DirtFish National Championship,PF,Cole Fincham,John England,1.071,9.124,515.554,506.430
2020-08-15,2020 DirtFish National Championship,PF,Cole Fincham,Greg Cheney,0.505,4.323,515.554,511.231
2020-08-15,2020 DirtFish National Championship,PF,Cole Fincham,Sidney Scott,0.501,4.285,515.554,511.269
2020-08-15,2020 DirtFish National Championship,PF,Cole Fincham,Andrea Wolfe,-0.196,-1.686,515.554,517.240
2020-08-15,2020 DirtFish National Championship,PF,Cole Fincham,Elmer Wilson,-0.401,-3.459,515.554,519.013
2020-08-15,2020 DirtFish National Championship,PF,Cole Fincham,Scott Schmidt,-1.138,-9.874,515.554,525.428
2020-08-15,2020 DirtFish National Championship,PF,Cole Fincham,Ian Jennings,-2.141,-18.734,515.554,534.288
2020-08-15,2020 DirtFish National Championship,PF,Cole Fincham,Ron Foley,-3.870,-34.359,515.554,549.913
2020-08-15,2020 DirtFish National Championship,PF,Cole Fincham,Mark Williams,-9.883,-92.542,515.554,608.096
2020-08-15,2020 DirtFish National Championship,PF,Cole Fincham,Warren Elliott,-18.686,-190.172,515.554,705.726
2020-08-15,2020 DirtFish National Championship,PF,Elmer Wilson,Robert Seelig,3.887,32.569,519.013,486.444
2020-08-15,2020 DirtFish National Championship,PF,Elmer Wilson,Edwin Cunill,3.676,30.856,519.013,488.157
2020-08-15,2020 DirtFish National Championship,PF,Elmer Wilson,Donald Carl,3.433,28.873,519.013,490.140
2020-08-15,2020 DirtFish National Championship,PF,Elmer Wilson,Matt Wolfe,3.247,27.344,519.013,491.669
2020-08-15,2020 DirtFish National Championship,PF,Elmer Wilson,Jim Rowland,2.840,24.002,519.013,495.011
2020-08-15,2020 DirtFish National Championship,PF,Elmer Wilson,Christian Retterer,2.455,20.811,519.013,498.202
2020-08-15,2020 DirtFish National Championship,PF,Elmer Wilson,John England,1.472,12.583,519.013,506.430
2020-08-15,2020 DirtFish National Championship,PF,Elmer Wilson,Greg Cheney,0.906,7.782,519.013,511.231
2020-08-15,2020 DirtFish National Championship,PF,Elmer Wilson,Sidney Scott,0.902,7.744,519.013,511.269
2020-08-15,2020 DirtFish National Championship,PF,Elmer Wilson,Cole Fincham,0.401,3.459,519.013,515.554
2020-08-15,2020 DirtFish National Championship,PF,Elmer Wilson,Andrea Wolfe,0.205,1.773,519.013,517.240
2020-08-15,2020 DirtFish National Championship,PF,Elmer Wilson,Scott Schmidt,-0.737,-6.415,519.013,525.428
2020-08-15,2020 DirtFish National Championship,PF,Elmer Wilson,Ian Jennings,-1.740,-15.275,519.013,534.288
2020-08-15,2020 DirtFish National Championship,PF,Elmer Wilson,Ron Foley,-3.469,-30.900,519.013,549.913
2020-08-15,2020 DirtFish National Championship,PF,Elmer Wilson,Mark Williams,-9.484,-89.083,519.013,608.096
2020-08-15,2020 DirtFish National Championship,PF,Elmer Wilson,Warren Elliott,-18.294,-186.713,519.013,705.726
2020-08-15,2020 DirtFish National Championship,PF,Scott Schmidt,Robert Seelig,4.623,38.984,525.428,486.444
2020-08-15,2020 DirtFish National Championship,PF,Scott Schmidt,Edwin Cunill,4.413,37.271,525.428,488.157
2020-08-15,2020 DirtFish National Championship,PF,Scott Schmidt,Donald Carl,4.170,35.288,525.428,490.140
2020-08-15,2020 DirtFish National Championship,PF,Scott Schmidt,Matt Wolfe,3.983,33.759,525.428,491.669
2020-08-15,2020 DirtFish National Championship,PF,Scott Schmidt,Jim Rowland,3.577,30.417,525.428,495.011
2020-08-15,2020 DirtFish National Championship,PF,Scott Schmidt,Christian Retterer,3.192,27.226,525.428,498.202
2020-08-15,2020 DirtFish National Championship,PF,Scott Schmidt,John England,2.209,18.998,525.428,506.430
2020-08-15,2020 DirtFish National Championship,PF,Scott Schmidt,Greg Cheney,1.643,14.197,525.428,511.231
2020-08-15,2020 DirtFish National Championship,PF,Scott Schmidt,Sidney Scott,1.639,14.159,525.428,511.269
2020-08-15,2020 DirtFish National Championship,PF,Scott Schmidt,Cole Fincham,1.138,9.874,525.428,515.554
2020-08-15,2020 DirtFish National Championship,PF,Scott Schmidt,Andrea Wolfe,0.942,8.188,525.428,517.240
2020-08-15,2020 DirtFish National Championship,PF,Scott Schmidt,Elmer Wilson,0.737,6.415,525.428,519.013
2020-08-15,2020 DirtFish National Championship,PF,Scott Schmidt,Ian Jennings,-1.003,-8.860,525.428,534.288
2020-08-15,2020 DirtFish National Championship,PF,Scott Schmidt,Ron Foley,-2.732,-24.485,525.428,549.913
2020-08-15,2020 DirtFish National Championship,PF,Scott Schmidt,Mark Williams,-8.752,-82.668,525.428,608.096
2020-08-15,2020 DirtFish National Championship,PF,Scott Schmidt,Warren Elliott,-17.574,-180.298,525.428,705.726
2020-08-15,2020 DirtFish National Championship,PF,Ian Jennings,Robert Seelig,5.625,47.844,534.288,486.444
2020-08-15,2020 DirtFish National Championship,PF,Ian Jennings,Edwin Cunill,5.414,46.131,534.288,488.157
2020-08-15,2020 DirtFish National Championship,PF,Ian Jennings,Donald Carl,5.171,44.148,534.288,490.140
2020-08-15,2020 DirtFish National Championship,PF,Ian Jennings,Matt Wolfe,4.985,42.619,534.288,491.669
2020-08-15,2020 DirtFish National Championship,PF,Ian Jennings,Jim Rowland,4.579,39.277,534.288,495.011
2020-08-15,2020 DirtFish National Championship,PF,Ian Jennings,Christian Retterer,4.194,36.086,534.288,498.202
2020-08-15,2020 DirtFish National Championship,PF,Ian Jennings,John England,3.212,27.858,534.288,506.430
2020-08-15,2020 DirtFish National Championship,PF,Ian Jennings,Greg Cheney,2.646,23.057,534.288,511.231
2020-08-15,2020 DirtFish National Championship,PF,Ian Jennings,Sidney Scott,2.642,23.019,534.288,511.269
2020-08-15,2020 DirtFish National Championship,PF,Ian Jennings,Cole Fincham,2.141,18.734,534.288,515.554
2020-08-15,2020 DirtFish National Championship,PF,Ian Jennings,Andrea Wolfe,1.946,17.048,534.288,517.240
2020-08-15,2020 DirtFish National Championship,PF,Ian Jennings,Elmer Wilson,1.740,15.275,534.288,519.013
2020-08-15,2020 DirtFish National Championship,PF,Ian Jennings,Scott Schmidt,1.003,8.860,534.288,525.428
2020-08-15,2020 DirtFish National Championship,PF,Ian Jennings,Ron Foley,-1.729,-15.625,534.288,549.913
2020-08-15,2020 DirtFish National Championship,PF,Ian Jennings,Mark Williams,-7.753,-73.808,534.288,608.096
2020-08-15,2020 DirtFish National Championship,PF,Ian Jennings,Warren Elliott,-16.591,-171.438,534.288,705.726
2020-08-15,2020 DirtFish National Championship,PF,Ron Foley,Robert Seelig,7.349,63.469,549.913,486.444
2020-08-15,2020 DirtFish National Championship,PF,Ron Foley,Edwin Cunill,7.139,61.756,549.913,488.157
2020-08-15,2020 DirtFish National Championship,PF,Ron Foley,Donald Carl,6.897,59.773,549.913,490.140
2020-08-15,2020 DirtFish National Championship,PF,Ron Foley,Matt Wolfe,6.710,58.244,549.913,491.669
2020-08-15,2020 DirtFish National Championship,PF,Ron Foley,Jim Rowland,6.305,54.902,549.913,495.011
2020-08-15,2020 DirtFish National Championship,PF,Ron Foley,Christian Retterer,5.920,51.711,549.913,498.202
2020-08-15,2020 DirtFish National Championship,PF,Ron Foley,John England,4.940,43.483,549.913,506.430
2020-08-15,2020 DirtFish National Championship,PF,Ron Foley,Greg Cheney,4.374,38.682,549.913,511.231
2020-08-15,2020 DirtFish National Championship,PF,Ron Foley,Sidney Scott,4.370,38.644,549.913,511.269
2020-08-15,2020 DirtFish National Championship,PF,Ron Foley,Cole Fincham,3.870,34.359,549.913,515.554
2020-08-15,2020 DirtFish National Championship,PF,Ron Foley,Andrea Wolfe,3.674,32.673,549.913,517.240
2020-08-15,2020 DirtFish National Championship,PF,Ron Foley,Elmer Wilson,3.469,30.900,549.913,519.013
2020-08-15,2020 DirtFish National Championship,PF,Ron Foley,Scott Schmidt,2.732,24.485,549.913,525.428
2020-08-15,2020 DirtFish National Championship,PF,Ron Foley,Ian Jennings,1.729,15.625,549.913,534.288
2020-08-15,2020 DirtFish National Championship,PF,Ron Foley,Mark Williams,-6.029,-58.183,549.913,608.096
2020-08-15,2020 DirtFish National Championship,PF,Ron Foley,Warren Elliott,-14.891,-155.813,549.913,705.726
2020-08-15,2020 DirtFish National Championship,PF,Mark Williams,Robert Seelig,13.337,121.652,608.096,486.444
2020-08-15,2020 DirtFish National Championship,PF,Mark Williams,Edwin Cunill,13.129,119.939,608.096,488.157
2020-08-15,2020 DirtFish National Championship,PF,Mark Williams,Donald Carl,12.889,117.956,608.096,490.140
2020-08-15,2020 DirtFish National Championship,PF,Mark Williams,Matt Wolfe,12.704,116.427,608.096,491.669
2020-08-15,2020 DirtFish National Championship,PF,Mark Williams,Jim Rowland,12.302,113.085,608.096,495.011
2020-08-15,2020 DirtFish National Championship,PF,Mark Williams,Christian Retterer,11.920,109.894,608.096,498.202
2020-08-15,2020 DirtFish National Championship,PF,Mark Williams,John England,10.946,101.666,608.096,506.430
2020-08-15,2020 DirtFish National Championship,PF,Mark Williams,Greg Cheney,10.385,96.865,608.096,511.231
2020-08-15,2020 DirtFish National Championship,PF,Mark Williams,Sidney Scott,10.380,96.827,608.096,511.269
2020-08-15,2020 DirtFish National Championship,PF,Mark Williams,Cole Fincham,9.883,92.542,608.096,515.554
2020-08-15,2020 DirtFish National Championship,PF,Mark Williams,Andrea Wolfe,9.688,90.856,608.096,517.240
2020-08-15,2020 DirtFish National Championship,PF,Mark Williams,Elmer Wilson,9.484,89.083,608.096,519.013
2020-08-15,2020 DirtFish National Championship,PF,Mark Williams,Scott Schmidt,8.752,82.668,608.096,525.428
2020-08-15,2020 DirtFish National Championship,PF,Mark Williams,Ian Jennings,7.753,73.808,608.096,534.288
2020-08-15,2020 DirtFish National Championship,PF,Mark Williams,Ron Foley,6.029,58.183,608.096,549.913
2020-08-15,2020 DirtFish National Championship,PF,Mark Williams,Warren Elliott,-8.917,-97.630,608.096,705.726
2020-08-15,2020 DirtFish National Championship,PF,Warren Elliott,Robert Seelig,22.072,219.282,705.726,486.444
2020-08-15,2020 DirtFish National Championship,PF,Warren Elliott,Edwin Cunill,21.868,217.569,705.726,488.157
2020-08-15,2020 DirtFish National Championship,PF,Warren Elliott,Donald Carl,21.633,215.586,705.726,490.140
2020-08-15,2020 DirtFish National Championship,PF,Warren Elliott,Jim Rowland,21.059,210.715,705.726,495.011
2020-08-15,2020 DirtFish National Championship,PF,Warren Elliott,Christian Retterer,20.685,207.524,705.726,498.202
2020-08-15,2020 DirtFish National Championship,PF,Warren Elliott,John England,19.730,199.296,705.726,506.430
2020-08-15,2020 DirtFish National Championship,PF,Warren Elliott,Greg Cheney,19.178,194.495,705.726,511.231
2020-08-15,2020 DirtFish National Championship,PF,Warren Elliott,Sidney Scott,19.174,194.457,705.726,511.269
2020-08-15,2020 DirtFish National Championship,PF,Warren Elliott,Cole Fincham,18.686,190.172,705.726,515.554
2020-08-15,2020 DirtFish National Championship,PF,Warren Elliott,Andrea Wolfe,18.495,188.486,705.726,517.240
2020-08-15,2020 DirtFish National Championship,PF,Warren Elliott,Elmer Wilson,18.294,186.713,705.726,519.013
2020-08-15,2020 DirtFish National Championship,PF,Warren Elliott,Scott Schmidt,17.574,180.298,705.726,525.428
2020-08-15,2020 DirtFish National Championship,PF,Warren Elliott,Ian Jennings,16.591,171.438,705.726,534.288
2020-08-15,2020 DirtFish National Championship,PF,Warren Elliott,Ron Foley,14.891,155.813,705.726,549.913
2020-08-15,2020 DirtFish National Championship,PF,Warren Elliott,Mark Williams,8.917,97.630,705.726,608.096
2025-10-17,2025 National Championship,PF,Warren Elliott,Christian Retterer,9.584,117.241,792.587,675.346
2025-10-17,2025 National Championship,PF,Warren Elliott,Matthew Thompson,9.431,115.500,792.587,677.087
2025-10-17,2025 National Championship,PF,Warren Elliott,David Capesius,8.927,109.757,792.587,682.830
2025-10-17,2025 National Championship,PF,Warren Elliott,Jim Rowland,8.070,99.884,792.587,692.703
2025-10-17,2025 National Championship,PF,Warren Elliott,Edwin Cunill,6.089,76.551,792.587,716.036
2025-10-17,2025 National Championship,PF,Warren Elliott,Bartek Borowski,4.742,60.257,792.587,732.330
2025-10-17,2025 National Championship,PF,Warren Elliott,Dan Sanford,4.733,60.144,792.587,732.443
2025-10-17,2025 National Championship,PF,Warren Elliott,Bradley Kropp,0.211,2.780,792.587,789.807
2025-10-17,2025 National Championship,PF,Warren Elliott,Devin Palmer,-0.039,-0.513,792.587,793.100
2025-10-17,2025 National Championship,PF,Warren Elliott,Charles Palmer,-0.620,-8.233,792.587,800.820
2023-10-06,2023 National Championship,PF,Warren Elliott,Jim Rowland,6.977,79.794,726.128,646.334
2023-10-06,2023 National Championship,PF,Warren Elliott,Christian Retterer,6.945,79.448,726.128,646.680
2023-10-06,2023 National Championship,PF,Warren Elliott,David Capesius,6.741,77.243,726.128,648.885
2023-10-06,2023 National Championship,PF,Warren Elliott,Greg Cheney,3.817,44.773,726.128,681.355
2020-08-15,2020 DirtFish National Championship,PR,Gonzalo San Miguel,Shawn Roberts,0.652,5.377,497.609,492.232
2020-08-15,2020 DirtFish National Championship,PR,Gonzalo San Miguel,Howie Johnson,-1.831,-15.424,497.609,513.033
2020-08-15,2020 DirtFish National Championship,PR,Gonzalo San Miguel,Katie Orgler,-2.669,-22.643,497.609,520.252
2020-08-15,2020 DirtFish National Championship,PR,Gonzalo San Miguel,Mason Herrick,-2.889,-24.548,497.609,522.157
2020-08-15,2020 DirtFish National Championship,PR,Gonzalo San Miguel,Eric Adams,-3.015,-25.653,497.609,523.262
2020-08-15,2020 DirtFish National Championship,PR,Gonzalo San Miguel,James Green,-3.963,-33.986,497.609,531.595
2020-08-15,2020 DirtFish National Championship,PR,Gonzalo San Miguel,Larry Smith,-4.952,-42.834,497.609,540.443
2020-08-15,2020 DirtFish National Championship,PR,Gonzalo San Miguel,Reuben Samuels,-5.083,-44.019,497.609,541.628
2020-08-15,2020 DirtFish National Championship,PR,Gonzalo San Miguel,Eileen Bolig,-6.380,-55.879,497.609,553.488
2020-08-15,2020 DirtFish National Championship,PR,Gonzalo San Miguel,Conner Herrick,-7.898,-70.115,497.609,567.724
2022-09-23,2022 National Championships,PR,Gonzalo San Miguel,Lothrop Withington IV,1.617,14.899,560.204,545.305
2022-09-23,2022 National Championships,PR,Gonzalo San Miguel,Niles Davis,0.423,3.935,560.204,556.269
2022-09-23,2022 National Championships,PR,Gonzalo San Miguel,Tyler York,-1.197,-11.284,560.204,571.488
2022-09-23,2022 National Championships,PR,Gonzalo San Miguel,Harrison Loomis,-1.797,-17.034,560.204,577.238
2022-09-23,2022 National Championships,PR,Gonzalo San Miguel,Eric Adams,-1.998,-18.968,560.204,579.172
2022-09-23,2022 National Championships,PR,Gonzalo San Miguel,Keith Lightfoot,-2.234,-21.252,560.204,581.456
2022-09-23,2022 National Championships,PR,Gonzalo San Miguel,Max Bear,-3.907,-37.704,560.204,597.908
2023-10-06,2023 National Championship,PR,Gonzalo San Miguel,Lothrop Withington IV,0.137,1.499,655.676,654.177
2023-10-06,2023 National Championship,PR,Gonzalo San Miguel,Shawn Roberts,0.088,0.965,655.676,654.711
2023-10-06,2023 National Championship,PR,Gonzalo San Miguel,Ethan Buettner,-3.647,-41.107,655.676,696.783
2023-10-06,2023 National Championship,PR,Gonzalo San Miguel,James Green,-3.993,-45.139,655.676,700.815
2023-10-06,2023 National Championship,PR,Gonzalo San Miguel,Katie Orgler,-5.450,-62.395,655.676,718.071
2023-10-06,2023 National Championship,PR,Gonzalo San Miguel,Joey Green,-7.887,-92.246,655.676,747.922
2024-10-18,2024 National Championships,PR,Gonzalo San Miguel,Shawn Roberts,3.287,38.818,727.918,689.100
2024-10-18,2024 National Championships,PR,Gonzalo San Miguel,Niles Davis,2.174,25.903,727.918,702.015
2024-10-18,2024 National Championships,PR,Gonzalo San Miguel,Joshua Mefford,0.630,7.606,727.918,720.312
2024-10-18,2024 National Championships,PR,Gonzalo San Miguel,Jeremiah Hemphill,-0.092,-1.112,727.918,729.030
2024-10-18,2024 National Championships,PR,Gonzalo San Miguel,Jason Lee,-0.998,-12.204,727.918,740.122
2024-10-18,2024 National Championships,PR,Gonzalo San Miguel,Katie Orgler,-1.830,-22.546,727.918,750.464
2024-10-18,2024 National Championships,PR,Gonzalo San Miguel,Pete Remner,-2.155,-26.623,727.918,754.541
2024-10-18,2024 National Championships,PR,Gonzalo San Miguel,Casey Tolbert,-2.850,-35.422,727.918,763.340
2024-10-18,2024 National Championships,PR,Gonzalo San Miguel,Rudy Bowen,-3.587,-44.857,727.918,772.775
2024-10-18,2024 National Championships,PR,Gonzalo San Miguel,William Watson,-4.244,-53.382,727.918,781.300
2024-10-18,2024 National Championships,PR,Gonzalo San Miguel,Chris Johnson,-5.438,-69.100,727.918,797.018
2024-10-18,2024 National Championships,PR,Gonzalo San Miguel,Ben Guiraldes,-5.593,-71.169,727.918,799.087
2024-10-18,2024 National Championships,PR,Gonzalo San Miguel,Chris Raglin,-7.982,-103.738,727.918,831.656
2024-10-18,2024 National Championships,PR,Gonzalo San Miguel,Karissa Peel,-12.322,-166.599,727.918,894.517
2020-08-15,2020 DirtFish National Championship,PR,Howie Johnson,Shawn Roberts,2.483,20.801,513.033,492.232
2020-08-15,2020 DirtFish National Championship,PR,Howie Johnson,Gonzalo San Miguel,1.831,15.424,513.033,497.609
2020-08-15,2020 DirtFish National Championship,PR,Howie Johnson,Katie Orgler,-0.838,-7.219,513.033,520.252
2020-08-15,2020 DirtFish National Championship,PR,Howie Johnson,Mason Herrick,-1.058,-9.124,513.033,522.157
2020-08-15,2020 DirtFish National Championship,PR,Howie Johnson,Eric Adams,-1.184,-10.229,513.033,523.262
2020-08-15,2020 DirtFish National Championship,PR,Howie Johnson,James Green,-2.132,-18.562,513.033,531.595
2020-08-15,2020 DirtFish National Championship,PR,Howie Johnson,Larry Smith,-3.122,-27.410,513.033,540.443
2020-08-15,2020 DirtFish National Championship,PR,Howie Johnson,Reuben Samuels,-3.254,-28.595,513.033,541.628
2020-08-15,2020 DirtFish National Championship,PR,Howie Johnson,Eileen Bolig,-4.552,-40.455,513.033,553.488
2020-08-15,2020 DirtFish National Championship,PR,Howie Johnson,Conner Herrick,-6.073,-54.691,513.033,567.724
2020-08-15,2020 DirtFish National Championship,PR,Mason Herrick,Shawn Roberts,3.540,29.925,522.157,492.232
2020-08-15,2020 DirtFish National Championship,PR,Mason Herrick,Gonzalo San Miguel,2.889,24.548,522.157,497.609
2020-08-15,2020 DirtFish National Championship,PR,Mason Herrick,Howie Johnson,1.058,9.124,522.157,513.033
2020-08-15,2020 DirtFish National Championship,PR,Mason Herrick,Katie Orgler,0.219,1.905,522.157,520.252
2020-08-15,2020 DirtFish National Championship,PR,Mason Herrick,Eric Adams,-0.127,-1.105,522.157,523.262
2020-08-15,2020 DirtFish National Championship,PR,Mason Herrick,James Green,-1.075,-9.438,522.157,531.595
2020-08-15,2020 DirtFish National Championship,PR,Mason Herrick,Larry Smith,-2.065,-18.286,522.157,540.443
2020-08-15,2020 DirtFish National Championship,PR,Mason Herrick,Reuben Samuels,-2.196,-19.471,522.157,541.628
2020-08-15,2020 DirtFish National Championship,PR,Mason Herrick,Eileen Bolig,-3.495,-31.331,522.157,553.488
2020-08-15,2020 DirtFish National Championship,PR,Mason Herrick,Conner Herrick,-5.017,-45.567,522.157,567.724
2020-08-15,2020 DirtFish National Championship,PR,Eric Adams,Shawn Roberts,3.667,31.030,523.262,492.232
2020-08-15,2020 DirtFish National Championship,PR,Eric Adams,Gonzalo San Miguel,3.015,25.653,523.262,497.609
2020-08-15,2020 DirtFish National Championship,PR,Eric Adams,Howie Johnson,1.184,10.229,523.262,513.033
2020-08-15,2020 DirtFish National Championship,PR,Eric Adams,Katie Orgler,0.346,3.010,523.262,520.252
2020-08-15,2020 DirtFish National Championship,PR,Eric Adams,Mason Herrick,0.127,1.105,523.262,522.157
2020-08-15,2020 DirtFish National Championship,PR,Eric Adams,James Green,-0.948,-8.333,523.262,531.595
2020-08-15,2020 DirtFish National Championship,PR,Eric Adams,Larry Smith,-1.938,-17.181,523.262,540.443
2020-08-15,2020 DirtFish National Championship,PR,Eric Adams,Reuben Samuels,-2.070,-18.366,523.262,541.628
2020-08-15,2020 DirtFish National Championship,PR,Eric Adams,Eileen Bolig,-3.369,-30.226,523.262,553.488
2020-08-15,2020 DirtFish National Championship,PR,Eric Adams,Conner Herrick,-4.890,-44.462,523.262,567.724
2022-09-23,2022 National Championships,PR,Eric Adams,Lothrop Withington IV,3.614,33.867,579.172,545.305
2022-09-23,2022 National Championships,PR,Eric Adams,Niles Davis,2.421,22.903,579.172,556.269
2022-09-23,2022 National Championships,PR,Eric Adams,Gonzalo San Miguel,1.998,18.968,579.172,560.204
2022-09-23,2022 National Championships,PR,Eric Adams,Tyler York,0.801,7.684,579.172,571.488
2022-09-23,2022 National Championships,PR,Eric Adams,Harrison Loomis,0.201,1.934,579.172,577.238
2022-09-23,2022 National Championships,PR,Eric Adams,Keith Lightfoot,-0.236,-2.284,579.172,581.456
2022-09-23,2022 National Championships,PR,Eric Adams,Max Bear,-1.910,-18.736,579.172,597.908
2020-08-15,2020 DirtFish National Championship,PR,James Green,Shawn Roberts,4.614,39.363,531.595,492.232
2020-08-15,2020 DirtFish National Championship,PR,James Green,Gonzalo San Miguel,3.963,33.986,531.595,497.609
2020-08-15,2020 DirtFish National Championship,PR,James Green,Howie Johnson,2.132,18.562,531.595,513.033
2020-08-15,2020 DirtFish National Championship,PR,James Green,Katie Orgler,1.294,11.343,531.595,520.252
2020-08-15,2020 DirtFish National Championship,PR,James Green,Mason Herrick,1.075,9.438,531.595,522.157
2020-08-15,2020 DirtFish National Championship,PR,James Green,Eric Adams,0.948,8.333,531.595,523.262
2020-08-15,2020 DirtFish National Championship,PR,James Green,Larry Smith,-0.990,-8.848,531.595,540.443
2020-08-15,2020 DirtFish National Championship,PR,James Green,Reuben Samuels,-1.122,-10.033,531.595,541.628
2020-08-15,2020 DirtFish National Championship,PR,James Green,Eileen Bolig,-2.421,-21.893,531.595,553.488
2020-08-15,2020 DirtFish National Championship,PR,James Green,Conner Herrick,-3.944,-36.129,531.595,567.724
2024-06-14,2024 Central Divisional,PR,James Green,Kevin Roewe,-1.899,-36.696,1140.929,1177.625
2023-10-06,2023 National Championship,PR,James Green,Lothrop Withington IV,4.130,46.638,700.815,654.177
2023-10-06,2023 National Championship,PR,James Green,Shawn Roberts,4.081,46.104,700.815,654.711
2023-10-06,2023 National Championship,PR,James Green,Gonzalo San Miguel,3.993,45.139,700.815,655.676
2023-10-06,2023 National Championship,PR,James Green,Ethan Buettner,0.346,4.032,700.815,696.783
2023-10-06,2023 National Championship,PR,James Green,Katie Orgler,-1.459,-17.256,700.815,718.071
2023-10-06,2023 National Championship,PR,James Green,Joey Green,-3.902,-47.107,700.815,747.922
2020-08-15,2020 DirtFish National Championship,PR,Larry Smith,Shawn Roberts,5.602,48.211,540.443,492.232
2020-08-15,2020 DirtFish National Championship,PR,Larry Smith,Gonzalo San Miguel,4.952,42.834,540.443,497.609
2020-08-15,2020 DirtFish National Championship,PR,Larry Smith,Howie Johnson,3.122,27.410,540.443,513.033
2020-08-15,2020 DirtFish National Championship,PR,Larry Smith,Katie Orgler,2.284,20.191,540.443,520.252
2020-08-15,2020 DirtFish National Championship,PR,Larry Smith,Mason Herrick,2.065,18.286,540.443,522.157
2020-08-15,2020 DirtFish National Championship,PR,Larry Smith,Eric Adams,1.938,17.181,540.443,523.262
2020-08-15,2020 DirtFish National Championship,PR,Larry Smith,James Green,0.990,8.848,540.443,531.595
2020-08-15,2020 DirtFish National Championship,PR,Larry Smith,Reuben Samuels,-0.131,-1.185,540.443,541.628
2020-08-15,2020 DirtFish National Championship,PR,Larry Smith,Eileen Bolig,-1.431,-13.045,540.443,553.488
2020-08-15,2020 DirtFish National Championship,PR,Larry Smith,Conner Herrick,-2.954,-27.281,540.443,567.724
2020-08-15,2020 DirtFish National Championship,PR,Reuben Samuels,Shawn Roberts,5.733,49.396,541.628,492.232
2020-08-15,2020 DirtFish National Championship,PR,Reuben Samuels,Gonzalo San Miguel,5.083,44.019,541.628,497.609
2020-08-15,2020 DirtFish National Championship,PR,Reuben Samuels,Howie Johnson,3.254,28.595,541.628,513.033
2020-08-15,2020 DirtFish National Championship,PR,Reuben Samuels,Katie Orgler,2.416,21.376,541.628,520.252
2020-08-15,2020 DirtFish National Championship,PR,Reuben Samuels,Mason Herrick,2.196,19.471,541.628,522.157
2020-08-15,2020 DirtFish National Championship,PR,Reuben Samuels,Eric Adams,2.070,18.366,541.628,523.262
2020-08-15,2020 DirtFish National Championship,PR,Reuben Samuels,James Green,1.122,10.033,541.628,531.595
2020-08-15,2020 DirtFish National Championship,PR,Reuben Samuels,Larry Smith,0.131,1.185,541.628,540.443
2020-08-15,2020 DirtFish National Championship,PR,Reuben Samuels,Eileen Bolig,-1.300,-11.860,541.628,553.488
2020-08-15,2020 DirtFish National Championship,PR,Reuben Samuels,Conner Herrick,-2.823,-26.096,541.628,567.724
2020-08-15,2020 DirtFish National Championship,PR,Eileen Bolig,Shawn Roberts,7.029,61.256,553.488,492.232
2020-08-15,2020 DirtFish National Championship,PR,Eileen Bolig,Gonzalo San Miguel,6.380,55.879,553.488,497.609
2020-08-15,2020 DirtFish National Championship,PR,Eileen Bolig,Howie Johnson,4.552,40.455,553.488,513.033
2020-08-15,2020 DirtFish National Championship,PR,Eileen Bolig,Katie Orgler,3.714,33.236,553.488,520.252
2020-08-15,2020 DirtFish National Championship,PR,Eileen Bolig,Mason Herrick,3.495,31.331,553.488,522.157
2020-08-15,2020 DirtFish National Championship,PR,Eileen Bolig,Eric Adams,3.369,30.226,553.488,523.262
2020-08-15,2020 DirtFish National Championship,PR,Eileen Bolig,James Green,2.421,21.893,553.488,531.595
2020-08-15,2020 DirtFish National Championship,PR,Eileen Bolig,Larry Smith,1.431,13.045,553.488,540.443
2020-08-15,2020 DirtFish National Championship,PR,Eileen Bolig,Reuben Samuels,1.300,11.860,553.488,541.628
2020-08-15,2020 DirtFish National Championship,PR,Eileen Bolig,Conner Herrick,-1.524,-14.236,553.488,567.724
2020-08-15,2020 DirtFish National Championship,PR,Conner Herrick,Shawn Roberts,8.547,75.492,567.724,492.232
2020-08-15,2020 DirtFish National Championship,PR,Conner Herrick,Gonzalo San Miguel,7.898,70.115,567.724,497.609
2020-08-15,2020 DirtFish National Championship,PR,Conner Herrick,Howie Johnson,6.073,54.691,567.724,513.033
2020-08-15,2020 DirtFish National Championship,PR,Conner Herrick,Katie Orgler,5.236,47.472,567.724,520.252
2020-08-15,2020 DirtFish National Championship,PR,Conner Herrick,Mason Herrick,5.017,45.567,567.724,522.157
2020-08-15,2020 DirtFish National Championship,PR,Conner Herrick,Eric Adams,4.890,44.462,567.724,523.262
2020-08-15,2020 DirtFish National Championship,PR,Conner Herrick,James Green,3.944,36.129,567.724,531.595
2020-08-15,2020 DirtFish National Championship,PR,Conner Herrick,Larry Smith,2.954,27.281,567.724,540.443
2020-08-15,2020 DirtFish National Championship,PR,Conner Herrick,Reuben Samuels,2.823,26.096,567.724,541.628
2020-08-15,2020 DirtFish National Championship,PR,Conner Herrick,Eileen Bolig,1.524,14.236,567.724,553.488
2020-08-15,2020 DirtFish National Championship,PA,Candyce Smith,Mike Coons,-1.289,-10.107,465.323,475.430
2020-08-15,2020 DirtFish National Championship,PA,Candyce Smith,Clifton Kangas,-1.649,-12.969,465.323,478.292
2020-08-15,2020 DirtFish National Championship,PA,Candyce Smith,Casey Wise,-1.969,-15.527,465.323,480.850
2020-08-15,2020 DirtFish National Championship,PA,Candyce Smith,Reuben Samuels,-5.210,-42.239,465.323,507.562
2020-08-15,2020 DirtFish National Championship,PA,Candyce Smith,Riley Heaton,-13.263,-115.643,465.323,580.966
2020-08-15,2020 DirtFish National Championship,PA,Mike Coons,Candyce Smith,1.289,10.107,475.430,465.323
2020-08-15,2020 DirtFish National Championship,PA,Mike Coons,Clifton Kangas,-0.360,-2.862,475.430,478.292
2020-08-15,2020 DirtFish National Championship,PA,Mike Coons,Casey Wise,-0.680,-5.420,475.430,480.850
2020-08-15,2020 DirtFish National Championship,PA,Mike Coons,Reuben Samuels,-3.923,-32.132,475.430,507.562
2020-08-15,2020 DirtFish National Championship,PA,Mike Coons,Riley Heaton,-11.988,-105.536,475.430,580.966
2020-08-15,2020 DirtFish National Championship,PA,Casey Wise,Candyce Smith,1.969,15.527,480.850,465.323
2020-08-15,2020 DirtFish National Championship,PA,Casey Wise,Mike Coons,0.680,5.420,480.850,475.430
2020-08-15,2020 DirtFish National Championship,PA,Casey Wise,Clifton Kangas,0.320,2.558,480.850,478.292
2020-08-15,2020 DirtFish National Championship,PA,Casey Wise,Reuben Samuels,-3.243,-26.712,480.850,507.562
2020-08-15,2020 DirtFish National Championship,PA,Casey Wise,Riley Heaton,-11.315,-100.116,480.850,580.966
2020-08-15,2020 DirtFish National Championship,PA,Reuben Samuels,Candyce Smith,5.210,42.239,507.562,465.323
2020-08-15,2020 DirtFish National Championship,PA,Reuben Samuels,Mike Coons,3.923,32.132,507.562,475.430
2020-08-15,2020 DirtFish National Championship,PA,Reuben Samuels,Clifton Kangas,3.563,29.270,507.562,478.292
2020-08-15,2020 DirtFish National Championship,PA,Reuben Samuels,Casey Wise,3.243,26.712,507.562,480.850
2020-08-15,2020 DirtFish National Championship,PA,Reuben Samuels,Riley Heaton,-8.092,-73.404,507.562,580.966
2020-08-15,2020 DirtFish National Championship,PA,Riley Heaton,Candyce Smith,13.263,115.643,580.966,465.323
2020-08-15,2020 DirtFish National Championship,PA,Riley Heaton,Mike Coons,11.988,105.536,580.966,475.430
2020-08-15,2020 DirtFish National Championship,PA,Riley Heaton,Clifton Kangas,11.632,102.674,580.966,478.292
2020-08-15,2020 DirtFish National Championship,PA,Riley Heaton,Casey Wise,11.315,100.116,580.966,480.850
2020-08-15,2020 DirtFish National Championship,PA,Riley Heaton,Reuben Samuels,8.092,73.404,580.966,507.562
2020-08-15,2020 DirtFish National Championship,MF,Greg Mercier,ZB Lorenc,2.101,17.254,501.401,484.147
2020-08-15,2020 DirtFish National Championship,MF,Greg Mercier,Niles Davis,-0.233,-1.950,501.401,503.351
2020-08-15,2020 DirtFish National Championship,MF,Greg Mercier,Scott Embury,-0.512,-4.299,501.401,505.700
2020-08-15,2020 DirtFish National Championship,MF,Greg Mercier,Joshua Mefford,-0.660,-5.546,501.401,506.947
2020-08-15,2020 DirtFish National Championship,MF,Greg Mercier,Jason Lang,-1.270,-10.725,501.401,512.126
2020-08-15,2020 DirtFish National Championship,MF,Greg Mercier,Pete Bates,-1.358,-11.478,501.401,512.879
2020-08-15,2020 DirtFish National Championship,MF,Greg Mercier,Tony Koester,-1.841,-15.622,501.401,517.023
2020-08-15,2020 DirtFish National Championship,MF,Greg Mercier,Christopher Isek,-2.152,-18.309,501.401,519.710
2020-08-15,2020 DirtFish National Championship,MF,Greg Mercier,Trent McQueen,-2.186,-18.610,501.401,520.011
2020-08-15,2020 DirtFish National Championship,MF,Greg Mercier,Erik Votipka,-5.500,-48.166,501.401,549.567
2020-08-15,2020 DirtFish National Championship,MF,Niles Davis,ZB Lorenc,2.334,19.204,503.351,484.147
2020-08-15,2020 DirtFish National Championship,MF,Niles Davis,Greg Mercier,0.233,1.950,503.351,501.401
2020-08-15,2020 DirtFish National Championship,MF,Niles Davis,Scott Embury,-0.279,-2.349,503.351,505.700
2020-08-15,2020 DirtFish National Championship,MF,Niles Davis,Joshua Mefford,-0.427,-3.596,503.351,506.947
2020-08-15,2020 DirtFish National Championship,MF,Niles Davis,Jason Lang,-1.037,-8.775,503.351,512.126
2020-08-15,2020 DirtFish National Championship,MF,Niles Davis,Pete Bates,-1.125,-9.528,503.351,512.879
2020-08-15,2020 DirtFish National Championship,MF,Niles Davis,Tony Koester,-1.608,-13.672,503.351,517.023
2020-08-15,2020 DirtFish National Championship,MF,Niles Davis,Christopher Isek,-1.919,-16.359,503.351,519.710
2020-08-15,2020 DirtFish National Championship,MF,Niles Davis,Trent McQueen,-1.954,-16.660,503.351,520.011
2020-08-15,2020 DirtFish National Championship,MF,Niles Davis,Erik Votipka,-5.267,-46.216,503.351,549.567
2020-08-15,2020 DirtFish National Championship,MF,Scott Embury,ZB Lorenc,2.613,21.553,505.700,484.147
2020-08-15,2020 DirtFish National Championship,MF,Scott Embury,Greg Mercier,0.512,4.299,505.700,501.401
2020-08-15,2020 DirtFish National Championship,MF,Scott Embury,Niles Davis,0.279,2.349,505.700,503.351
2020-08-15,2020 DirtFish National Championship,MF,Scott Embury,Joshua Mefford,-0.148,-1.247,505.700,506.947
2020-08-15,2020 DirtFish National Championship,MF,Scott Embury,Jason Lang,-0.758,-6.426,505.700,512.126
2020-08-15,2020 DirtFish National Championship,MF,Scott Embury,Pete Bates,-0.846,-7.179,505.700,512.879
2020-08-15,2020 DirtFish National Championship,MF,Scott Embury,Tony Koester,-1.329,-11.323,505.700,517.023
2020-08-15,2020 DirtFish National Championship,MF,Scott Embury,Christopher Isek,-1.640,-14.010,505.700,519.710
2020-08-15,2020 DirtFish National Championship,MF,Scott Embury,Trent McQueen,-1.674,-14.311,505.700,520.011
2020-08-15,2020 DirtFish National Championship,MF,Scott Embury,Erik Votipka,-4.988,-43.867,505.700,549.567
2020-08-15,2020 DirtFish National Championship,MF,Joshua Mefford,ZB Lorenc,2.761,22.800,506.947,484.147
2020-08-15,2020 DirtFish National Championship,MF,Joshua Mefford,Greg Mercier,0.660,5.546,506.947,501.401
2020-08-15,2020 DirtFish National Championship,MF,Joshua Mefford,Niles Davis,0.427,3.596,506.947,503.351
2020-08-15,2020 DirtFish National Championship,MF,Joshua Mefford,Scott Embury,0.148,1.247,506.947,505.700
2020-08-15,2020 DirtFish National Championship,MF,Joshua Mefford,Jason Lang,-0.610,-5.179,506.947,512.126
2020-08-15,2020 DirtFish National Championship,MF,Joshua Mefford,Pete Bates,-0.698,-5.932,506.947,512.879
2020-08-15,2020 DirtFish National Championship,MF,Joshua Mefford,Tony Koester,-1.181,-10.076,506.947,517.023
2020-08-15,2020 DirtFish National Championship,MF,Joshua Mefford,Christopher Isek,-1.492,-12.763,506.947,519.710
2020-08-15,2020 DirtFish National Championship,MF,Joshua Mefford,Trent McQueen,-1.527,-13.064,506.947,520.011
2020-08-15,2020 DirtFish National Championship,MF,Joshua Mefford,Erik Votipka,-4.841,-42.620,506.947,549.567
2020-08-15,2020 DirtFish National Championship,MF,Jason Lang,ZB Lorenc,3.370,27.979,512.126,484.147
2020-08-15,2020 DirtFish National Championship,MF,Jason Lang,Greg Mercier,1.270,10.725,512.126,501.401
2020-08-15,2020 DirtFish National Championship,MF,Jason Lang,Niles Davis,1.037,8.775,512.126,503.351
2020-08-15,2020 DirtFish National Championship,MF,Jason Lang,Scott Embury,0.758,6.426,512.126,505.700
2020-08-15,2020 DirtFish National Championship,MF,Jason Lang,Joshua Mefford,0.610,5.179,512.126,506.947
2020-08-15,2020 DirtFish National Championship,MF,Jason Lang,Pete Bates,-0.088,-0.753,512.126,512.879
2020-08-15,2020 DirtFish National Championship,MF,Jason Lang,Tony Koester,-0.571,-4.897,512.126,517.023
2020-08-15,2020 DirtFish National Championship,MF,Jason Lang,Christopher Isek,-0.882,-7.584,512.126,519.710
2020-08-15,2020 DirtFish National Championship,MF,Jason Lang,Trent McQueen,-0.917,-7.885,512.126,520.011
2020-08-15,2020 DirtFish National Championship,MF,Jason Lang,Erik Votipka,-4.232,-37.441,512.126,549.567
2022-09-23,2022 National Championships,MF,Jason Lang,Andy Thomas,2.583,22.381,531.163,508.782
2022-09-23,2022 National Championships,MF,Jason Lang,Aaron Miller,1.940,16.901,531.163,514.262
2022-09-23,2022 National Championships,MF,Jason Lang,Brian Peel,0.303,2.679,531.163,528.484
2022-09-23,2022 National Championships,MF,Jason Lang,Trent McQueen,0.278,2.458,531.163,528.705
2022-09-23,2022 National Championships,MF,Jason Lang,Morgan Schoepke,-0.240,-2.128,531.163,533.291
2022-09-23,2022 National Championships,MF,Jason Lang,Bryson Downing,-0.619,-5.512,531.163,536.675
2022-09-23,2022 National Championships,MF,Jason Lang,Kelly Keefe,-1.930,-17.365,531.163,548.528
2022-09-23,2022 National Championships,MF,Jason Lang,Mike Snyder,-2.514,-22.729,531.163,553.892
2022-09-23,2022 National Championships,MF,Jason Lang,Eric Schaub,-3.628,-33.119,531.163,564.282
2022-09-23,2022 National Championships,MF,Jason Lang,Ryan Haenny,-3.988,-36.515,531.163,567.678
2022-09-23,2022 National Championships,MF,Jason Lang,Matthew Thompson,-4.427,-40.690,531.163,571.853
2022-09-23,2022 National Championships,MF,Jason Lang,Brad Turnbull,-5.023,-46.407,531.163,577.570
2022-09-23,2022 National Championships,MF,Jason Lang,Bret Hunter,-7.276,-68.572,531.163,599.735
2022-09-23,2022 National Championships,MF,Jason Lang,Josh Karczewski,-9.473,-91.049,531.163,622.212
2022-09-23,2022 National Championships,MF,Jason Lang,Tiernan Eiberger,-9.562,-91.975,531.163,623.138
2020-08-15,2020 DirtFish National Championship,MF,Tony Koester,ZB Lorenc,3.941,32.876,517.023,484.147
2020-08-15,2020 DirtFish National Championship,MF,Tony Koester,Greg Mercier,1.841,15.622,517.023,501.401
2020-08-15,2020 DirtFish National Championship,MF,Tony Koester,Niles Davis,1.608,13.672,517.023,503.351
2020-08-15,2020 DirtFish National Championship,MF,Tony Koester,Scott Embury,1.329,11.323,517.023,505.700
2020-08-15,2020 DirtFish National Championship,MF,Tony Koester,Joshua Mefford,1.181,10.076,517.023,506.947
2020-08-15,2020 DirtFish National Championship,MF,Tony Koester,Jason Lang,0.571,4.897,517.023,512.126
2020-08-15,2020 DirtFish National Championship,MF,Tony Koester,Pete Bates,0.483,4.144,517.023,512.879
2020-08-15,2020 DirtFish National Championship,MF,Tony Koester,Christopher Isek,-0.311,-2.687,517.023,519.710
2020-08-15,2020 DirtFish National Championship,MF,Tony Koester,Trent McQueen,-0.346,-2.988,517.023,520.011
2020-08-15,2020 DirtFish National Championship,MF,Tony Koester,Erik Votipka,-3.661,-32.544,517.023,549.567
2020-08-15,2020 DirtFish National Championship,MF,Christopher Isek,ZB Lorenc,4.251,35.563,519.710,484.147
2020-08-15,2020 DirtFish National Championship,MF,Christopher Isek,Greg Mercier,2.152,18.309,519.710,501.401
2020-08-15,2020 DirtFish National Championship,MF,Christopher Isek,Niles Davis,1.919,16.359,519.710,503.351
2020-08-15,2020 DirtFish National Championship,MF,Christopher Isek,Scott Embury,1.640,14.010,519.710,505.700
2020-08-15,2020 DirtFish National Championship,MF,Christopher Isek,Joshua Mefford,1.492,12.763,519.710,506.947
2020-08-15,2020 DirtFish National Championship,MF,Christopher Isek,Jason Lang,0.882,7.584,519.710,512.126
2020-08-15,2020 DirtFish National Championship,MF,Christopher Isek,Pete Bates,0.794,6.831,519.710,512.879
2020-08-15,2020 DirtFish National Championship,MF,Christopher Isek,Tony Koester,0.311,2.687,519.710,517.023
2020-08-15,2020 DirtFish National Championship,MF,Christopher Isek,Trent McQueen,-0.035,-0.301,519.710,520.011
2020-08-15,2020 DirtFish National Championship,MF,Christopher Isek,Erik Votipka,-3.351,-29.857,519.710,549.567
2020-08-15,2020 DirtFish National Championship,MF,Trent McQueen,ZB Lorenc,4.286,35.864,520.011,484.147
2020-08-15,2020 DirtFish National Championship,MF,Trent McQueen,Greg Mercier,2.186,18.610,520.011,501.401
2020-08-15,2020 DirtFish National Championship,MF,Trent McQueen,Niles Davis,1.954,16.660,520.011,503.351
2020-08-15,2020 DirtFish National Championship,MF,Trent McQueen,Scott Embury,1.674,14.311,520.011,505.700
2020-08-15,2020 DirtFish National Championship,MF,Trent McQueen,Joshua Mefford,1.527,13.064,520.011,506.947
2020-08-15,2020 DirtFish National Championship,MF,Trent McQueen,Jason Lang,0.917,7.885,520.011,512.126
2020-08-15,2020 DirtFish National Championship,MF,Trent McQueen,Pete Bates,0.829,7.132,520.011,512.879
2020-08-15,2020 DirtFish National Championship,MF,Trent McQueen,Tony Koester,0.346,2.988,520.011,517.023
2020-08-15,2020 DirtFish National Championship,MF,Trent McQueen,Christopher Isek,0.035,0.301,520.011,519.710
2020-08-15,2020 DirtFish National Championship,MF,Trent McQueen,Erik Votipka,-3.316,-29.556,520.011,549.567
2022-09-23,2022 National Championships,MF,Trent McQueen,Andy Thomas,2.304,19.923,528.705,508.782
2022-09-23,2022 National Championships,MF,Trent McQueen,Aaron Miller,1.662,14.443,528.705,514.262
2022-09-23,2022 National Championships,MF,Trent McQueen,Brian Peel,0.025,0.221,528.705,528.484
2022-09-23,2022 National Championships,MF,Trent McQueen,Jason Lang,-0.278,-2.458,528.705,531.163
2022-09-23,2022 National Championships,MF,Trent McQueen,Morgan Schoepke,-0.518,-4.586,528.705,533.291
2022-09-23,2022 National Championships,MF,Trent McQueen,Bryson Downing,-0.898,-7.970,528.705,536.675
2022-09-23,2022 National Championships,MF,Trent McQueen,Kelly Keefe,-2.208,-19.823,528.705,548.528
2022-09-23,2022 National Championships,MF,Trent McQueen,Mike Snyder,-2.792,-25.187,528.705,553.892
2022-09-23,2022 National Championships,MF,Trent McQueen,Eric Schaub,-3.906,-35.577,528.705,564.282
2022-09-23,2022 National Championships,MF,Trent McQueen,Ryan Haenny,-4.266,-38.973,528.705,567.678
2022-09-23,2022 National Championships,MF,Trent McQueen,Matthew Thompson,-4.705,-43.148,528.705,571.853
2022-09-23,2022 National Championships,MF,Trent McQueen,Brad Turnbull,-5.300,-48.865,528.705,577.570
2022-09-23,2022 National Championships,MF,Trent McQueen,Bret Hunter,-7.553,-71.030,528.705,599.735
2022-09-23,2022 National Championships,MF,Trent McQueen,Josh Karczewski,-9.749,-93.507,528.705,622.212
2022-09-23,2022 National Championships,MF,Trent McQueen,Tiernan Eiberger,-9.838,-94.433,528.705,623.138
2020-08-15,2020 DirtFish National Championship,MF,Erik Votipka,ZB Lorenc,7.594,65.420,549.567,484.147
2020-08-15,2020 DirtFish National Championship,MF,Erik Votipka,Greg Mercier,5.500,48.166,549.567,501.401
2020-08-15,2020 DirtFish National Championship,MF,Erik Votipka,Niles Davis,5.267,46.216,549.567,503.351
2020-08-15,2020 DirtFish National Championship,MF,Erik Votipka,Scott Embury,4.988,43.867,549.567,505.700
2020-08-15,2020 DirtFish National Championship,MF,Erik Votipka,Joshua Mefford,4.841,42.620,549.567,506.947
2020-08-15,2020 DirtFish National Championship,MF,Erik Votipka,Jason Lang,4.232,37.441,549.567,512.126
2020-08-15,2020 DirtFish National Championship,MF,Erik Votipka,Pete Bates,4.144,36.688,549.567,512.879
2020-08-15,2020 DirtFish National Championship,MF,Erik Votipka,Tony Koester,3.661,32.544,549.567,517.023
2020-08-15,2020 DirtFish National Championship,MF,Erik Votipka,Christopher Isek,3.351,29.857,549.567,519.710
2020-08-15,2020 DirtFish National Championship,MF,Erik Votipka,Trent McQueen,3.316,29.556,549.567,520.011
2020-08-15,2020 DirtFish National Championship,MR,Peter Dozeman,Brianne Corn,0.303,2.522,500.160,497.638
2020-08-15,2020 DirtFish National Championship,MR,Peter Dozeman,Doug Leibman,-0.384,-3.215,500.160,503.375
2020-08-15,2020 DirtFish National Championship,MR,Peter Dozeman,Todd Wicker,-2.952,-25.231,500.160,525.391
2020-08-15,2020 DirtFish National Championship,MR,Peter Dozeman,Ryan Redenbaugh,-2.999,-25.640,500.160,525.800
2020-08-15,2020 DirtFish National Championship,MR,Peter Dozeman,Chance Whittle,-3.346,-28.696,500.160,528.856
2020-08-15,2020 DirtFish National Championship,MR,Peter Dozeman,Brian Strack,-4.984,-43.350,500.160,543.510
2020-08-15,2020 DirtFish National Championship,MR,Peter Dozeman,Bill Taylor,-4.997,-43.466,500.160,543.626
2020-08-15,2020 DirtFish National Championship,MR,Peter Dozeman,Thomas Ezel,-5.367,-46.833,500.160,546.993
2020-08-15,2020 DirtFish National Championship,MR,Peter Dozeman,Evan Masher,-6.249,-54.953,500.160,555.113
2020-08-15,2020 DirtFish National Championship,MR,Peter Dozeman,Jeff Wagenknecht,-7.163,-63.498,500.160,563.658
2020-08-15,2020 DirtFish National Championship,MR,Peter Dozeman,Brian Tefft Sr,-7.294,-64.735,500.160,564.895
2020-08-15,2020 DirtFish National Championship,MR,Chance Whittle,Brianne Corn,3.649,31.218,528.856,497.638
2020-08-15,2020 DirtFish National Championship,MR,Chance Whittle,Peter Dozeman,3.346,28.696,528.856,500.160
2020-08-15,2020 DirtFish National Championship,MR,Chance Whittle,Doug Leibman,2.962,25.481,528.856,503.375
2020-08-15,2020 DirtFish National Championship,MR,Chance Whittle,Todd Wicker,0.394,3.465,528.856,525.391
2020-08-15,2020 DirtFish National Championship,MR,Chance Whittle,Ryan Redenbaugh,0.348,3.056,528.856,525.800
2020-08-15,2020 DirtFish National Championship,MR,Chance Whittle,Brian Strack,-1.640,-14.654,528.856,543.510
2020-08-15,2020 DirtFish National Championship,MR,Chance Whittle,Bill Taylor,-1.653,-14.770,528.856,543.626
2020-08-15,2020 DirtFish National Championship,MR,Chance Whittle,Thomas Ezel,-2.023,-18.137,528.856,546.993
2020-08-15,2020 DirtFish National Championship,MR,Chance Whittle,Evan Masher,-2.907,-26.257,528.856,555.113
2020-08-15,2020 DirtFish National Championship,MR,Chance Whittle,Jeff Wagenknecht,-3.823,-34.802,528.856,563.658
2020-08-15,2020 DirtFish National Championship,MR,Chance Whittle,Brian Tefft Sr,-3.954,-36.039,528.856,564.895
2020-08-15,2020 DirtFish National Championship,MR,Bill Taylor,Brianne Corn,5.300,45.988,543.626,497.638
2020-08-15,2020 DirtFish National Championship,MR,Bill Taylor,Peter Dozeman,4.997,43.466,543.626,500.160
2020-08-15,2020 DirtFish National Championship,MR,Bill Taylor,Doug Leibman,4.613,40.251,543.626,503.375
2020-08-15,2020 DirtFish National Championship,MR,Bill Taylor,Todd Wicker,2.047,18.235,543.626,525.391
2020-08-15,2020 DirtFish National Championship,MR,Bill Taylor,Ryan Redenbaugh,2.000,17.826,543.626,525.800
2020-08-15,2020 DirtFish National Championship,MR,Bill Taylor,Chance Whittle,1.653,14.770,543.626,528.856
2020-08-15,2020 DirtFish National Championship,MR,Bill Taylor,Brian Strack,0.013,0.116,543.626,543.510
2020-08-15,2020 DirtFish National Championship,MR,Bill Taylor,Thomas Ezel,-0.370,-3.367,543.626,546.993
2020-08-15,2020 DirtFish National Championship,MR,Bill Taylor,Evan Masher,-1.255,-11.487,543.626,555.113
2020-08-15,2020 DirtFish National Championship,MR,Bill Taylor,Jeff Wagenknecht,-2.171,-20.032,543.626,563.658
2020-08-15,2020 DirtFish National Championship,MR,Bill Taylor,Brian Tefft Sr,-2.302,-21.269,543.626,564.895
2022-09-23,2022 National Championships,MR,Bill Taylor,Leon Drake,4.673,43.535,580.781,537.246
2022-09-23,2022 National Championships,MR,Bill Taylor,Joshua Davis,3.255,30.679,580.781,550.102
2022-09-23,2022 National Championships,MR,Bill Taylor,Doug Leibman,1.882,17.938,580.781,562.843
2022-09-23,2022 National Championships,MR,Bill Taylor,Kellen McIntyre,0.981,9.416,580.781,571.365
2022-09-23,2022 National Championships,MR,Bill Taylor,Ryan Redenbaugh,0.687,6.613,580.781,574.168
2022-09-23,2022 National Championships,MR,Bill Taylor,Brian Tefft Sr,0.528,5.093,580.781,575.688
2022-09-23,2022 National Championships,MR,Bill Taylor,Ian Jennings,-0.946,-9.229,580.781,590.010
2022-09-23,2022 National Championships,MR,Bill Taylor,Brian Strack,-0.961,-9.374,580.781,590.155
2022-09-23,2022 National Championships,MR,Bill Taylor,Kyle McIntyre,-1.715,-16.843,580.781,597.624
2020-08-15,2020 DirtFish National Championship,MR,Thomas Ezel,Brianne Corn,5.670,49.355,546.993,497.638
2020-08-15,2020 DirtFish National Championship,MR,Thomas Ezel,Peter Dozeman,5.367,46.833,546.993,500.160
2020-08-15,2020 DirtFish National Championship,MR,Thomas Ezel,Doug Leibman,4.983,43.618,546.993,503.375
2020-08-15,2020 DirtFish National Championship,MR,Thomas Ezel,Todd Wicker,2.417,21.602,546.993,525.391
2020-08-15,2020 DirtFish National Championship,MR,Thomas Ezel,Ryan Redenbaugh,2.371,21.193,546.993,525.800
2020-08-15,2020 DirtFish National Championship,MR,Thomas Ezel,Chance Whittle,2.023,18.137,546.993,528.856
2020-08-15,2020 DirtFish National Championship,MR,Thomas Ezel,Brian Strack,0.383,3.483,546.993,543.510
2020-08-15,2020 DirtFish National Championship,MR,Thomas Ezel,Bill Taylor,0.370,3.367,546.993,543.626
2020-08-15,2020 DirtFish National Championship,MR,Thomas Ezel,Evan Masher,-0.884,-8.120,546.993,555.113
2020-08-15,2020 DirtFish National Championship,MR,Thomas Ezel,Jeff Wagenknecht,-1.801,-16.665,546.993,563.658
2020-08-15,2020 DirtFish National Championship,MR,Thomas Ezel,Brian Tefft Sr,-1.932,-17.902,546.993,564.895
2020-08-15,2020 DirtFish National Championship,MR,Evan Masher,Brianne Corn,6.551,57.475,555.113,497.638
2020-08-15,2020 DirtFish National Championship,MR,Evan Masher,Peter Dozeman,6.249,54.953,555.113,500.160
2020-08-15,2020 DirtFish National Championship,MR,Evan Masher,Doug Leibman,5.865,51.738,555.113,503.375
2020-08-15,2020 DirtFish National Championship,MR,Evan Masher,Todd Wicker,3.301,29.722,555.113,525.391
2020-08-15,2020 DirtFish National Championship,MR,Evan Masher,Ryan Redenbaugh,3.254,29.313,555.113,525.800
2020-08-15,2020 DirtFish National Championship,MR,Evan Masher,Chance Whittle,2.907,26.257,555.113,528.856
2020-08-15,2020 DirtFish National Championship,MR,Evan Masher,Brian Strack,1.267,11.603,555.113,543.510
2020-08-15,2020 DirtFish National Championship,MR,Evan Masher,Bill Taylor,1.255,11.487,555.113,543.626
2020-08-15,2020 DirtFish National Championship,MR,Evan Masher,Thomas Ezel,0.884,8.120,555.113,546.993
2020-08-15,2020 DirtFish National Championship,MR,Evan Masher,Jeff Wagenknecht,-0.917,-8.545,555.113,563.658
2020-08-15,2020 DirtFish National Championship,MR,Evan Masher,Brian Tefft Sr,-1.048,-9.782,555.113,564.895
2020-08-15,2020 DirtFish National Championship,MR,Jeff Wagenknecht,Brianne Corn,7.465,66.020,563.658,497.638
2020-08-15,2020 DirtFish National Championship,MR,Jeff Wagenknecht,Peter Dozeman,7.163,63.498,563.658,500.160
2020-08-15,2020 DirtFish National Championship,MR,Jeff Wagenknecht,Doug Leibman,6.780,60.283,563.658,503.375
2020-08-15,2020 DirtFish National Championship,MR,Jeff Wagenknecht,Todd Wicker,4.217,38.267,563.658,525.391
2020-08-15,2020 DirtFish National Championship,MR,Jeff Wagenknecht,Ryan Redenbaugh,4.170,37.858,563.658,525.800
2020-08-15,2020 DirtFish National Championship,MR,Jeff Wagenknecht,Chance Whittle,3.823,34.802,563.658,528.856
2020-08-15,2020 DirtFish National Championship,MR,Jeff Wagenknecht,Brian Strack,2.184,20.148,563.658,543.510
2020-08-15,2020 DirtFish National Championship,MR,Jeff Wagenknecht,Bill Taylor,2.171,20.032,563.658,543.626
2020-08-15,2020 DirtFish National Championship,MR,Jeff Wagenknecht,Thomas Ezel,1.801,16.665,563.658,546.993
2020-08-15,2020 DirtFish National Championship,MR,Jeff Wagenknecht,Evan Masher,0.917,8.545,563.658,555.113
2020-08-15,2020 DirtFish National Championship,MR,Jeff Wagenknecht,Brian Tefft Sr,-0.132,-1.237,563.658,564.895
2020-08-15,2020 DirtFish National Championship,MR,Brian Tefft Sr,Brianne Corn,7.596,67.257,564.895,497.638
2020-08-15,2020 DirtFish National Championship,MR,Brian Tefft Sr,Peter Dozeman,7.294,64.735,564.895,500.160
2020-08-15,2020 DirtFish National Championship,MR,Brian Tefft Sr,Doug Leibman,6.911,61.520,564.895,503.375
2020-08-15,2020 DirtFish National Championship,MR,Brian Tefft Sr,Todd Wicker,4.348,39.504,564.895,525.391
2020-08-15,2020 DirtFish National Championship,MR,Brian Tefft Sr,Ryan Redenbaugh,4.301,39.095,564.895,525.800
2020-08-15,2020 DirtFish National Championship,MR,Brian Tefft Sr,Chance Whittle,3.954,36.039,564.895,528.856
2020-08-15,2020 DirtFish National Championship,MR,Brian Tefft Sr,Brian Strack,2.315,21.385,564.895,543.510
2020-08-15,2020 DirtFish National Championship,MR,Brian Tefft Sr,Bill Taylor,2.302,21.269,564.895,543.626
2020-08-15,2020 DirtFish National Championship,MR,Brian Tefft Sr,Thomas Ezel,1.932,17.902,564.895,546.993
2020-08-15,2020 DirtFish National Championship,MR,Brian Tefft Sr,Evan Masher,1.048,9.782,564.895,555.113
2020-08-15,2020 DirtFish National Championship,MR,Brian Tefft Sr,Jeff Wagenknecht,0.132,1.237,564.895,563.658
2022-09-23,2022 National Championships,MR,Brian Tefft Sr,Leon Drake,4.145,38.442,575.688,537.246
2022-09-23,2022 National Championships,MR,Brian Tefft Sr,Joshua Davis,2.727,25.586,575.688,550.102
2022-09-23,2022 National Championships,MR,Brian Tefft Sr,Doug Leibman,1.354,12.845,575.688,562.843
2022-09-23,2022 National Championships,MR,Brian Tefft Sr,Kellen McIntyre,0.452,4.323,575.688,571.365
2022-09-23,2022 National Championships,MR,Brian Tefft Sr,Ryan Redenbaugh,0.159,1.520,575.688,574.168
2022-09-23,2022 National Championships,MR,Brian Tefft Sr,Bill Taylor,-0.528,-5.093,575.688,580.781
2022-09-23,2022 National Championships,MR,Brian Tefft Sr,Ian Jennings,-1.474,-14.322,575.688,590.010
2022-09-23,2022 National Championships,MR,Brian Tefft Sr,Brian Strack,-1.489,-14.467,575.688,590.155
2022-09-23,2022 National Championships,MR,Brian Tefft Sr,Kyle McIntyre,-2.243,-21.936,575.688,597.624
2020-08-15,2020 DirtFish National Championship,MA,Danial Ebling,Austin Dowda,3.100,24.194,480.415,456.221
2020-08-15,2020 DirtFish National Championship,MA,Danial Ebling,Jason Fuller,2.381,18.694,480.415,461.721
2020-08-15,2020 DirtFish National Championship,MA,Danial Ebling,Jess Moeding,2.330,18.304,480.415,462.111
2020-08-15,2020 DirtFish National Championship,MA,Danial Ebling,Kent Hamilton,1.486,11.751,480.415,468.664
2020-08-15,2020 DirtFish National Championship,MA,Danial Ebling,Todd Briley,0.853,6.780,480.415,473.635
2020-08-15,2020 DirtFish National Championship,MA,Danial Ebling,Eric Less,-0.011,-0.089,480.415,480.504
2020-08-15,2020 DirtFish National Championship,MA,Danial Ebling,Jonathan Olschewski,-0.114,-0.915,480.415,481.330
2020-08-15,2020 DirtFish National Championship,MA,Danial Ebling,Trenton Von Holten,-0.406,-3.260,480.415,483.675
2020-08-15,2020 DirtFish National Championship,MA,Danial Ebling,Chase Girard,-1.478,-11.984,480.415,492.399
2020-08-15,2020 DirtFish National Championship,MA,Danial Ebling,Valerie Briley,-2.640,-21.615,480.415,502.030
2020-08-15,2020 DirtFish National Championship,MA,Danial Ebling,Kevin Schatz,-2.915,-23.919,480.415,504.334
2020-08-15,2020 DirtFish National Championship,MA,Danial Ebling,Philip Pickard,-3.270,-26.917,480.415,507.332
2020-08-15,2020 DirtFish National Championship,MA,Danial Ebling,Joe Lavelle,-3.739,-30.901,480.415,511.316
2020-08-15,2020 DirtFish National Championship,MA,Danial Ebling,Nathan Jones,-4.640,-38.647,480.415,519.062
2020-08-15,2020 DirtFish National Championship,MA,Danial Ebling,Benjamin Hanke,-5.327,-44.630,480.415,525.045
2020-08-15,2020 DirtFish National Championship,MA,Danial Ebling,Steven Bright,-5.538,-46.492,480.415,526.907
2020-08-15,2020 DirtFish National Championship,MA,Danial Ebling,Caleb Maggard,-7.957,-68.237,480.415,548.652
2020-08-15,2020 DirtFish National Championship,MA,Danial Ebling,Richard Thompson,-31.885,-347.681,480.415,828.096
2022-09-23,2022 National Championships,MA,Danial Ebling,Austin Dowda,3.640,29.109,494.327,465.218
2022-09-23,2022 National Championships,MA,Danial Ebling,Kent Hamilton,2.277,18.407,494.327,475.920
2022-09-23,2022 National Championships,MA,Danial Ebling,Jonathan Olschewski,2.223,17.982,494.327,476.345
2022-09-23,2022 National Championships,MA,Danial Ebling,Dan Quiet,2.040,16.530,494.327,477.797
2022-09-23,2022 National Championships,MA,Danial Ebling,Jess Moeding,2.028,16.430,494.327,477.897
2022-09-23,2022 National Championships,MA,Danial Ebling,Mark Macoubrie,1.816,14.738,494.327,479.589
2022-09-23,2022 National Championships,MA,Danial Ebling,Todd Briley,1.803,14.631,494.327,479.696
2022-09-23,2022 National Championships,MA,Danial Ebling,Eric Genack,1.650,13.407,494.327,480.920
2022-09-23,2022 National Championships,MA,Danial Ebling,Chris Endres,1.533,12.467,494.327,481.860
2022-09-23,2022 National Championships,MA,Danial Ebling,Michael Miller,1.272,10.369,494.327,483.958
2022-09-23,2022 National Championships,MA,Danial Ebling,Joe Lavelle,1.243,10.132,494.327,484.195
2022-09-23,2022 National Championships,MA,Danial Ebling,Harold Denham,-0.024,-0.199,494.327,494.526
2022-09-23,2022 National Championships,MA,Danial Ebling,Diego De Castro,-0.110,-0.905,494.327,495.232
2022-09-23,2022 National Championships,MA,Danial Ebling,Jonathon Nagel,-0.437,-3.613,494.327,497.940
2022-09-23,2022 National Championships,MA,Danial Ebling,Joshua Campfield,-0.461,-3.815,494.327,498.142
2022-09-23,2022 National Championships,MA,Danial Ebling,Valerie Briley,-0.571,-4.727,494.327,499.054
2022-09-23,2022 National Championships,MA,Danial Ebling,Leonard Kirk,-0.739,-6.123,494.327,500.450
2022-09-23,2022 National Championships,MA,Danial Ebling,Drew Little,-0.829,-6.877,494.327,501.204
2022-09-23,2022 National Championships,MA,Danial Ebling,Angelica Miller,-0.946,-7.854,494.327,502.181
2022-09-23,2022 National Championships,MA,Danial Ebling,Glenn Farrant,-2.167,-18.181,494.327,512.508
2022-09-23,2022 National Championships,MA,Danial Ebling,Dillon Nafziger,-2.450,-20.605,494.327,514.932
2022-09-23,2022 National Championships,MA,Danial Ebling,Alicia Quiet,-2.603,-21.922,494.327,516.249
2022-09-23,2022 National Championships,MA,Danial Ebling,Elizabeth Austin,-2.786,-23.501,494.327,517.828
2022-09-23,2022 National Championships,MA,Danial Ebling,Benjamin Howe,-3.070,-25.954,494.327,520.281
2022-09-23,2022 National Championships,MA,Danial Ebling,Bob Martin,-3.101,-26.224,494.327,520.551
2023-10-06,2023 National Championship,MA,Danial Ebling,Chris Endres,2.633,26.029,606.264,580.235
2023-10-06,2023 National Championship,MA,Danial Ebling,Todd Briley,1.514,15.112,606.264,591.152
2023-10-06,2023 National Championship,MA,Danial Ebling,Mark Macoubrie,1.268,12.677,606.264,593.587
2023-10-06,2023 National Championship,MA,Danial Ebling,Niles Davis,-0.056,-0.569,606.264,606.833
2023-10-06,2023 National Championship,MA,Danial Ebling,Shane Blankenship,-0.122,-1.233,606.264,607.497
2023-10-06,2023 National Championship,MA,Danial Ebling,Benjamin Howe,-0.975,-9.936,606.264,616.200
2023-10-06,2023 National Championship,MA,Danial Ebling,Alex Reinkordt,-1.279,-13.060,606.264,619.324
2023-10-06,2023 National Championship,MA,Danial Ebling,Kevin Schatz,-1.522,-15.572,606.264,621.836
2023-10-06,2023 National Championship,MA,Danial Ebling,Valerie Briley,-2.207,-22.715,606.264,628.979
2023-10-06,2023 National Championship,MA,Danial Ebling,Joshua Campfield,-3.017,-31.272,606.264,637.536
2023-10-06,2023 National Championship,MA,Danial Ebling,Nefty Bloom,-3.762,-39.238,606.264,645.502
2023-10-06,2023 National Championship,MA,Danial Ebling,Ryan Plourde,-4.274,-44.783,606.264,651.047
2023-10-06,2023 National Championship,MA,Danial Ebling,Joshua Mefford,-4.739,-49.855,606.264,656.119
2023-10-06,2023 National Championship,MA,Danial Ebling,Jess Moeding,-6.099,-64.930,606.264,671.194
2023-10-06,2023 National Championship,MA,Danial Ebling,Austin Dowda,-6.670,-71.365,606.264,677.629
2023-10-06,2023 National Championship,MA,Danial Ebling,Kent Hamilton,-7.804,-84.334,606.264,690.598
2023-10-06,2023 National Championship,MA,Danial Ebling,Blake McIntyre,-9.114,-99.655,606.264,705.919
2023-10-06,2023 National Championship,MA,Danial Ebling,Chris Delaney,-9.183,-100.477,606.264,706.741
2023-10-06,2023 National Championship,MA,Danial Ebling,Jonathan Olschewski,-9.508,-104.335,606.264,710.599
2023-10-06,2023 National Championship,MA,Danial Ebling,James Woodward,-10.548,-116.849,606.264,723.113
2020-08-15,2020 DirtFish National Championship,MA,Trenton Von Holten,Austin Dowda,3.505,27.454,483.675,456.221
2020-08-15,2020 DirtFish National Championship,MA,Trenton Von Holten,Jason Fuller,2.787,21.954,483.675,461.721
2020-08-15,2020 DirtFish National Championship,MA,Trenton Von Holten,Jess Moeding,2.736,21.564,483.675,462.111
2020-08-15,2020 DirtFish National Championship,MA,Trenton Von Holten,Kent Hamilton,1.891,15.011,483.675,468.664
2020-08-15,2020 DirtFish National Championship,MA,Trenton Von Holten,Todd Briley,1.259,10.040,483.675,473.635
2020-08-15,2020 DirtFish National Championship,MA,Trenton Von Holten,Danial Ebling,0.406,3.260,483.675,480.415
2020-08-15,2020 DirtFish National Championship,MA,Trenton Von Holten,Eric Less,0.395,3.171,483.675,480.504
2020-08-15,2020 DirtFish National Championship,MA,Trenton Von Holten,Jonathan Olschewski,0.292,2.345,483.675,481.330
2020-08-15,2020 DirtFish National Championship,MA,Trenton Von Holten,Chase Girard,-1.073,-8.724,483.675,492.399
2020-08-15,2020 DirtFish National Championship,MA,Trenton Von Holten,Valerie Briley,-2.235,-18.355,483.675,502.030
2020-08-15,2020 DirtFish National Championship,MA,Trenton Von Holten,Kevin Schatz,-2.509,-20.659,483.675,504.334
2020-08-15,2020 DirtFish National Championship,MA,Trenton Von Holten,Philip Pickard,-2.865,-23.657,483.675,507.332
2020-08-15,2020 DirtFish National Championship,MA,Trenton Von Holten,Joe Lavelle,-3.334,-27.641,483.675,511.316
2020-08-15,2020 DirtFish National Championship,MA,Trenton Von Holten,Nathan Jones,-4.235,-35.387,483.675,519.062
2020-08-15,2020 DirtFish National Championship,MA,Trenton Von Holten,Benjamin Hanke,-4.921,-41.370,483.675,525.045
2020-08-15,2020 DirtFish National Championship,MA,Trenton Von Holten,Steven Bright,-5.134,-43.232,483.675,526.907
2020-08-15,2020 DirtFish National Championship,MA,Trenton Von Holten,Caleb Maggard,-7.553,-64.977,483.675,548.652
2020-08-15,2020 DirtFish National Championship,MA,Trenton Von Holten,Richard Thompson,-31.507,-344.421,483.675,828.096
2020-08-15,2020 DirtFish National Championship,MA,Chase Girard,Austin Dowda,4.577,36.178,492.399,456.221
2020-08-15,2020 DirtFish National Championship,MA,Chase Girard,Jason Fuller,3.858,30.678,492.399,461.721
2020-08-15,2020 DirtFish National Championship,MA,Chase Girard,Jess Moeding,3.808,30.288,492.399,462.111
2020-08-15,2020 DirtFish National Championship,MA,Chase Girard,Kent Hamilton,2.964,23.735,492.399,468.664
2020-08-15,2020 DirtFish National Championship,MA,Chase Girard,Todd Briley,2.331,18.764,492.399,473.635
2020-08-15,2020 DirtFish National Championship,MA,Chase Girard,Danial Ebling,1.478,11.984,492.399,480.415
2020-08-15,2020 DirtFish National Championship,MA,Chase Girard,Eric Less,1.467,11.895,492.399,480.504
2020-08-15,2020 DirtFish National Championship,MA,Chase Girard,Jonathan Olschewski,1.364,11.069,492.399,481.330
2020-08-15,2020 DirtFish National Championship,MA,Chase Girard,Trenton Von Holten,1.073,8.724,492.399,483.675
2020-08-15,2020 DirtFish National Championship,MA,Chase Girard,Valerie Briley,-1.162,-9.631,492.399,502.030
2020-08-15,2020 DirtFish National Championship,MA,Chase Girard,Kevin Schatz,-1.437,-11.935,492.399,504.334
2020-08-15,2020 DirtFish National Championship,MA,Chase Girard,Philip Pickard,-1.792,-14.933,492.399,507.332
2020-08-15,2020 DirtFish National Championship,MA,Chase Girard,Joe Lavelle,-2.262,-18.917,492.399,511.316
2020-08-15,2020 DirtFish National Championship,MA,Chase Girard,Nathan Jones,-3.163,-26.663,492.399,519.062
2020-08-15,2020 DirtFish National Championship,MA,Chase Girard,Benjamin Hanke,-3.850,-32.646,492.399,525.045
2020-08-15,2020 DirtFish National Championship,MA,Chase Girard,Steven Bright,-4.063,-34.508,492.399,526.907
2020-08-15,2020 DirtFish National Championship,MA,Chase Girard,Caleb Maggard,-6.484,-56.253,492.399,548.652
2020-08-15,2020 DirtFish National Championship,MA,Chase Girard,Richard Thompson,-30.506,-335.697,492.399,828.096
2020-08-15,2020 DirtFish National Championship,MA,Valerie Briley,Austin Dowda,5.737,45.809,502.030,456.221
2020-08-15,2020 DirtFish National Championship,MA,Valerie Briley,Jason Fuller,5.019,40.309,502.030,461.721
2020-08-15,2020 DirtFish National Championship,MA,Valerie Briley,Jess Moeding,4.968,39.919,502.030,462.111
2020-08-15,2020 DirtFish National Championship,MA,Valerie Briley,Kent Hamilton,4.125,33.366,502.030,468.664
2020-08-15,2020 DirtFish National Championship,MA,Valerie Briley,Todd Briley,3.492,28.395,502.030,473.635
2020-08-15,2020 DirtFish National Championship,MA,Valerie Briley,Danial Ebling,2.640,21.615,502.030,480.415
2020-08-15,2020 DirtFish National Championship,MA,Valerie Briley,Eric Less,2.629,21.526,502.030,480.504
2020-08-15,2020 DirtFish National Championship,MA,Valerie Briley,Jonathan Olschewski,2.526,20.700,502.030,481.330
2020-08-15,2020 DirtFish National Championship,MA,Valerie Briley,Trenton Von Holten,2.235,18.355,502.030,483.675
2020-08-15,2020 DirtFish National Championship,MA,Valerie Briley,Chase Girard,1.162,9.631,502.030,492.399
2020-08-15,2020 DirtFish National Championship,MA,Valerie Briley,Kevin Schatz,-0.275,-2.304,502.030,504.334
2020-08-15,2020 DirtFish National Championship,MA,Valerie Briley,Philip Pickard,-0.630,-5.302,502.030,507.332
2020-08-15,2020 DirtFish National Championship,MA,Valerie Briley,Joe Lavelle,-1.100,-9.286,502.030,511.316
2020-08-15,2020 DirtFish National Championship,MA,Valerie Briley,Nathan Jones,-2.002,-17.032,502.030,519.062
2020-08-15,2020 DirtFish National Championship,MA,Valerie Briley,Benjamin Hanke,-2.689,-23.015,502.030,525.045
2020-08-15,2020 DirtFish National Championship,MA,Valerie Briley,Steven Bright,-2.901,-24.877,502.030,526.907
2020-08-15,2020 DirtFish National Championship,MA,Valerie Briley,Caleb Maggard,-5.325,-46.622,502.030,548.652
2020-08-15,2020 DirtFish National Championship,MA,Valerie Briley,Richard Thompson,-29.417,-326.066,502.030,828.096
2024-06-14,2024 Central Divisional,MA,Valerie Briley,Todd Briley,2.851,50.928,1097.196,1046.268
2024-06-14,2024 Central Divisional,MA,Valerie Briley,Jason Baney,1.501,27.102,1097.196,1070.094
2024-06-14,2024 Central Divisional,MA,Valerie Briley,Nefty Bloom,-0.914,-16.835,1097.196,1114.031
2022-09-23,2022 National Championships,MA,Valerie Briley,Austin Dowda,4.211,33.836,499.054,465.218
2022-09-23,2022 National Championships,MA,Valerie Briley,Kent Hamilton,2.847,23.134,499.054,475.920
2022-09-23,2022 National Championships,MA,Valerie Briley,Jonathan Olschewski,2.794,22.709,499.054,476.345
2022-09-23,2022 National Championships,MA,Valerie Briley,Dan Quiet,2.611,21.257,499.054,477.797
2022-09-23,2022 National Championships,MA,Valerie Briley,Jess Moeding,2.599,21.157,499.054,477.897
2022-09-23,2022 National Championships,MA,Valerie Briley,Mark Macoubrie,2.387,19.465,499.054,479.589
2022-09-23,2022 National Championships,MA,Valerie Briley,Todd Briley,2.373,19.358,499.054,479.696
2022-09-23,2022 National Championships,MA,Valerie Briley,Eric Genack,2.221,18.134,499.054,480.920
2022-09-23,2022 National Championships,MA,Valerie Briley,Chris Endres,2.103,17.194,499.054,481.860
2022-09-23,2022 National Championships,MA,Valerie Briley,Michael Miller,1.843,15.096,499.054,483.958
2022-09-23,2022 National Championships,MA,Valerie Briley,Joe Lavelle,1.813,14.859,499.054,484.195
2022-09-23,2022 National Championships,MA,Valerie Briley,Danial Ebling,0.571,4.727,499.054,494.327
2022-09-23,2022 National Championships,MA,Valerie Briley,Harold Denham,0.547,4.528,499.054,494.526
2022-09-23,2022 National Championships,MA,Valerie Briley,Diego De Castro,0.461,3.822,499.054,495.232
2022-09-23,2022 National Championships,MA,Valerie Briley,Jonathon Nagel,0.134,1.114,499.054,497.940
2022-09-23,2022 National Championships,MA,Valerie Briley,Joshua Campfield,0.110,0.912,499.054,498.142
2022-09-23,2022 National Championships,MA,Valerie Briley,Leonard Kirk,-0.168,-1.396,499.054,500.450
2022-09-23,2022 National Championships,MA,Valerie Briley,Drew Little,-0.258,-2.150,499.054,501.204
2022-09-23,2022 National Championships,MA,Valerie Briley,Angelica Miller,-0.375,-3.127,499.054,502.181
2022-09-23,2022 National Championships,MA,Valerie Briley,Glenn Farrant,-1.596,-13.454,499.054,512.508
2022-09-23,2022 National Championships,MA,Valerie Briley,Dillon Nafziger,-1.879,-15.878,499.054,514.932
2022-09-23,2022 National Championships,MA,Valerie Briley,Alicia Quiet,-2.032,-17.195,499.054,516.249
2022-09-23,2022 National Championships,MA,Valerie Briley,Elizabeth Austin,-2.215,-18.774,499.054,517.828
2022-09-23,2022 National Championships,MA,Valerie Briley,Benjamin Howe,-2.499,-21.227,499.054,520.281
2022-09-23,2022 National Championships,MA,Valerie Briley,Bob Martin,-2.530,-21.497,499.054,520.551
2023-10-06,2023 National Championship,MA,Valerie Briley,Chris Endres,4.837,48.744,628.979,580.235
2023-10-06,2023 National Championship,MA,Valerie Briley,Todd Briley,3.720,37.827,628.979,591.152
2023-10-06,2023 National Championship,MA,Valerie Briley,Mark Macoubrie,3.474,35.392,628.979,593.587
2023-10-06,2023 National Championship,MA,Valerie Briley,Danial Ebling,2.207,22.715,628.979,606.264
2023-10-06,2023 National Championship,MA,Valerie Briley,Niles Davis,2.150,22.146,628.979,606.833
2023-10-06,2023 National Championship,MA,Valerie Briley,Shane Blankenship,2.085,21.482,628.979,607.497
2023-10-06,2023 National Championship,MA,Valerie Briley,Benjamin Howe,1.232,12.779,628.979,616.200
2023-10-06,2023 National Championship,MA,Valerie Briley,Alex Reinkordt,0.928,9.655,628.979,619.324
2023-10-06,2023 National Championship,MA,Valerie Briley,Kevin Schatz,0.685,7.143,628.979,621.836
2023-10-06,2023 National Championship,MA,Valerie Briley,Joshua Campfield,-0.811,-8.557,628.979,637.536
2023-10-06,2023 National Championship,MA,Valerie Briley,Nefty Bloom,-1.556,-16.523,628.979,645.502
2023-10-06,2023 National Championship,MA,Valerie Briley,Ryan Plourde,-2.069,-22.068,628.979,651.047
2023-10-06,2023 National Championship,MA,Valerie Briley,Joshua Mefford,-2.534,-27.140,628.979,656.119
2023-10-06,2023 National Championship,MA,Valerie Briley,Jess Moeding,-3.896,-42.215,628.979,671.194
2023-10-06,2023 National Championship,MA,Valerie Briley,Austin Dowda,-4.468,-48.650,628.979,677.629
2023-10-06,2023 National Championship,MA,Valerie Briley,Kent Hamilton,-5.604,-61.619,628.979,690.598
2023-10-06,2023 National Championship,MA,Valerie Briley,Blake McIntyre,-6.916,-76.940,628.979,705.919
2023-10-06,2023 National Championship,MA,Valerie Briley,Chris Delaney,-6.986,-77.762,628.979,706.741
2023-10-06,2023 National Championship,MA,Valerie Briley,Jonathan Olschewski,-7.312,-81.620,628.979,710.599
2023-10-06,2023 National Championship,MA,Valerie Briley,James Woodward,-8.355,-94.134,628.979,723.113
2020-08-15,2020 DirtFish National Championship,MA,Kevin Schatz,Austin Dowda,6.011,48.113,504.334,456.221
2020-08-15,2020 DirtFish National Championship,MA,Kevin Schatz,Jason Fuller,5.293,42.613,504.334,461.721
2020-08-15,2020 DirtFish National Championship,MA,Kevin Schatz,Jess Moeding,5.243,42.223,504.334,462.111
2020-08-15,2020 DirtFish National Championship,MA,Kevin Schatz,Kent Hamilton,4.399,35.670,504.334,468.664
2020-08-15,2020 DirtFish National Championship,MA,Kevin Schatz,Todd Briley,3.767,30.699,504.334,473.635
2020-08-15,2020 DirtFish National Championship,MA,Kevin Schatz,Danial Ebling,2.915,23.919,504.334,480.415
2020-08-15,2020 DirtFish National Championship,MA,Kevin Schatz,Eric Less,2.904,23.830,504.334,480.504
2020-08-15,2020 DirtFish National Championship,MA,Kevin Schatz,Jonathan Olschewski,2.801,23.004,504.334,481.330
2020-08-15,2020 DirtFish National Championship,MA,Kevin Schatz,Trenton Von Holten,2.509,20.659,504.334,483.675
2020-08-15,2020 DirtFish National Championship,MA,Kevin Schatz,Chase Girard,1.437,11.935,504.334,492.399
2020-08-15,2020 DirtFish National Championship,MA,Kevin Schatz,Valerie Briley,0.275,2.304,504.334,502.030
2020-08-15,2020 DirtFish National Championship,MA,Kevin Schatz,Philip Pickard,-0.356,-2.998,504.334,507.332
2020-08-15,2020 DirtFish National Championship,MA,Kevin Schatz,Joe Lavelle,-0.825,-6.982,504.334,511.316
2020-08-15,2020 DirtFish National Championship,MA,Kevin Schatz,Nathan Jones,-1.727,-14.728,504.334,519.062
2020-08-15,2020 DirtFish National Championship,MA,Kevin Schatz,Benjamin Hanke,-2.414,-20.711,504.334,525.045
2020-08-15,2020 DirtFish National Championship,MA,Kevin Schatz,Steven Bright,-2.627,-22.573,504.334,526.907
2020-08-15,2020 DirtFish National Championship,MA,Kevin Schatz,Caleb Maggard,-5.051,-44.318,504.334,548.652
2020-08-15,2020 DirtFish National Championship,MA,Kevin Schatz,Richard Thompson,-29.158,-323.762,504.334,828.096
2023-10-06,2023 National Championship,MA,Kevin Schatz,Chris Endres,4.153,41.601,621.836,580.235
2023-10-06,2023 National Championship,MA,Kevin Schatz,Todd Briley,3.036,30.684,621.836,591.152
2023-10-06,2023 National Championship,MA,Kevin Schatz,Mark Macoubrie,2.789,28.249,621.836,593.587
2023-10-06,2023 National Championship,MA,Kevin Schatz,Danial Ebling,1.522,15.572,621.836,606.264
2023-10-06,2023 National Championship,MA,Kevin Schatz,Niles Davis,1.465,15.003,621.836,606.833
2023-10-06,2023 National Championship,MA,Kevin Schatz,Shane Blankenship,1.400,14.339,621.836,607.497
2023-10-06,2023 National Championship,MA,Kevin Schatz,Benjamin Howe,0.546,5.636,621.836,616.200
2023-10-06,2023 National Championship,MA,Kevin Schatz,Alex Reinkordt,0.243,2.512,621.836,619.324
2023-10-06,2023 National Championship,MA,Kevin Schatz,Valerie Briley,-0.685,-7.143,621.836,628.979
2023-10-06,2023 National Championship,MA,Kevin Schatz,Joshua Campfield,-1.496,-15.700,621.836,637.536
2023-10-06,2023 National Championship,MA,Kevin Schatz,Nefty Bloom,-2.241,-23.666,621.836,645.502
2023-10-06,2023 National Championship,MA,Kevin Schatz,Ryan Plourde,-2.754,-29.211,621.836,651.047
2023-10-06,2023 National Championship,MA,Kevin Schatz,Joshua Mefford,-3.219,-34.283,621.836,656.119
2023-10-06,2023 National Championship,MA,Kevin Schatz,Jess Moeding,-4.581,-49.358,621.836,671.194
2023-10-06,2023 National Championship,MA,Kevin Schatz,Austin Dowda,-5.152,-55.793,621.836,677.629
2023-10-06,2023 National Championship,MA,Kevin Schatz,Kent Hamilton,-6.287,-68.762,621.836,690.598
2023-10-06,2023 National Championship,MA,Kevin Schatz,Blake McIntyre,-7.599,-84.083,621.836,705.919
2023-10-06,2023 National Championship,MA,Kevin Schatz,Chris Delaney,-7.669,-84.905,621.836,706.741
2023-10-06,2023 National Championship,MA,Kevin Schatz,Jonathan Olschewski,-7.994,-88.763,621.836,710.599
2023-10-06,2023 National Championship,MA,Kevin Schatz,James Woodward,-9.036,-101.277,621.836,723.113
2020-08-15,2020 DirtFish National Championship,MA,Philip Pickard,Austin Dowda,6.365,51.111,507.332,456.221
2020-08-15,2020 DirtFish National Championship,MA,Philip Pickard,Jason Fuller,5.648,45.611,507.332,461.721
2020-08-15,2020 DirtFish National Championship,MA,Philip Pickard,Jess Moeding,5.598,45.221,507.332,462.111
2020-08-15,2020 DirtFish National Championship,MA,Philip Pickard,Kent Hamilton,4.754,38.668,507.332,468.664
2020-08-15,2020 DirtFish National Championship,MA,Philip Pickard,Todd Briley,4.122,33.697,507.332,473.635
2020-08-15,2020 DirtFish National Championship,MA,Philip Pickard,Danial Ebling,3.270,26.917,507.332,480.415
2020-08-15,2020 DirtFish National Championship,MA,Philip Pickard,Eric Less,3.259,26.828,507.332,480.504
2020-08-15,2020 DirtFish National Championship,MA,Philip Pickard,Jonathan Olschewski,3.156,26.002,507.332,481.330
2020-08-15,2020 DirtFish National Championship,MA,Philip Pickard,Trenton Von Holten,2.865,23.657,507.332,483.675
2020-08-15,2020 DirtFish National Championship,MA,Philip Pickard,Chase Girard,1.792,14.933,507.332,492.399
2020-08-15,2020 DirtFish National Championship,MA,Philip Pickard,Valerie Briley,0.630,5.302,507.332,502.030
2020-08-15,2020 DirtFish National Championship,MA,Philip Pickard,Kevin Schatz,0.356,2.998,507.332,504.334
2020-08-15,2020 DirtFish National Championship,MA,Philip Pickard,Joe Lavelle,-0.469,-3.984,507.332,511.316
2020-08-15,2020 DirtFish National Championship,MA,Philip Pickard,Nathan Jones,-1.371,-11.730,507.332,519.062
2020-08-15,2020 DirtFish National Championship,MA,Philip Pickard,Benjamin Hanke,-2.059,-17.713,507.332,525.045
2020-08-15,2020 DirtFish National Championship,MA,Philip Pickard,Steven Bright,-2.271,-19.575,507.332,526.907
2020-08-15,2020 DirtFish National Championship,MA,Philip Pickard,Caleb Maggard,-4.696,-41.320,507.332,548.652
2020-08-15,2020 DirtFish National Championship,MA,Philip Pickard,Richard Thompson,-28.823,-320.764,507.332,828.096
2020-08-15,2020 DirtFish National Championship,MA,Joe Lavelle,Austin Dowda,6.833,55.095,511.316,456.221
2020-08-15,2020 DirtFish National Championship,MA,Joe Lavelle,Jason Fuller,6.116,49.595,511.316,461.721
2020-08-15,2020 DirtFish National Championship,MA,Joe Lavelle,Jess Moeding,6.066,49.205,511.316,462.111
2020-08-15,2020 DirtFish National Championship,MA,Joe Lavelle,Kent Hamilton,5.223,42.652,511.316,468.664
2020-08-15,2020 DirtFish National Championship,MA,Joe Lavelle,Todd Briley,4.591,37.681,511.316,473.635
2020-08-15,2020 DirtFish National Championship,MA,Joe Lavelle,Danial Ebling,3.739,30.901,511.316,480.415
2020-08-15,2020 DirtFish National Championship,MA,Joe Lavelle,Eric Less,3.728,30.812,511.316,480.504
2020-08-15,2020 DirtFish National Championship,MA,Joe Lavelle,Jonathan Olschewski,3.625,29.986,511.316,481.330
2020-08-15,2020 DirtFish National Championship,MA,Joe Lavelle,Trenton Von Holten,3.334,27.641,511.316,483.675
2020-08-15,2020 DirtFish National Championship,MA,Joe Lavelle,Chase Girard,2.262,18.917,511.316,492.399
2020-08-15,2020 DirtFish National Championship,MA,Joe Lavelle,Valerie Briley,1.100,9.286,511.316,502.030
2020-08-15,2020 DirtFish National Championship,MA,Joe Lavelle,Kevin Schatz,0.825,6.982,511.316,504.334
2020-08-15,2020 DirtFish National Championship,MA,Joe Lavelle,Philip Pickard,0.469,3.984,511.316,507.332
2020-08-15,2020 DirtFish National Championship,MA,Joe Lavelle,Nathan Jones,-0.902,-7.746,511.316,519.062
2020-08-15,2020 DirtFish National Championship,MA,Joe Lavelle,Benjamin Hanke,-1.590,-13.729,511.316,525.045
2020-08-15,2020 DirtFish National Championship,MA,Joe Lavelle,Steven Bright,-1.802,-15.591,511.316,526.907
2020-08-15,2020 DirtFish National Championship,MA,Joe Lavelle,Caleb Maggard,-4.227,-37.336,511.316,548.652
2020-08-15,2020 DirtFish National Championship,MA,Joe Lavelle,Richard Thompson,-28.381,-316.780,511.316,828.096
2022-09-23,2022 National Championships,MA,Joe Lavelle,Austin Dowda,2.399,18.977,484.195,465.218
2022-09-23,2022 National Championships,MA,Joe Lavelle,Kent Hamilton,1.034,8.275,484.195,475.920
2022-09-23,2022 National Championships,MA,Joe Lavelle,Jonathan Olschewski,0.981,7.850,484.195,476.345
2022-09-23,2022 National Championships,MA,Joe Lavelle,Dan Quiet,0.798,6.398,484.195,477.797
2022-09-23,2022 National Championships,MA,Joe Lavelle,Jess Moeding,0.786,6.298,484.195,477.897
2022-09-23,2022 National Championships,MA,Joe Lavelle,Mark Macoubrie,0.573,4.606,484.195,479.589
2022-09-23,2022 National Championships,MA,Joe Lavelle,Todd Briley,0.560,4.499,484.195,479.696
2022-09-23,2022 National Championships,MA,Joe Lavelle,Eric Genack,0.407,3.275,484.195,480.920
2022-09-23,2022 National Championships,MA,Joe Lavelle,Chris Endres,0.290,2.335,484.195,481.860
2022-09-23,2022 National Championships,MA,Joe Lavelle,Michael Miller,0.029,0.237,484.195,483.958
2022-09-23,2022 National Championships,MA,Joe Lavelle,Danial Ebling,-1.243,-10.132,484.195,494.327
2022-09-23,2022 National Championships,MA,Joe Lavelle,Harold Denham,-1.267,-10.331,484.195,494.526
2022-09-23,2022 National Championships,MA,Joe Lavelle,Diego De Castro,-1.352,-11.037,484.195,495.232
2022-09-23,2022 National Championships,MA,Joe Lavelle,Jonathon Nagel,-1.679,-13.745,484.195,497.940
2022-09-23,2022 National Championships,MA,Joe Lavelle,Joshua Campfield,-1.704,-13.947,484.195,498.142
2022-09-23,2022 National Championships,MA,Joe Lavelle,Valerie Briley,-1.813,-14.859,484.195,499.054
2022-09-23,2022 National Championships,MA,Joe Lavelle,Leonard Kirk,-1.981,-16.255,484.195,500.450
2022-09-23,2022 National Championships,MA,Joe Lavelle,Drew Little,-2.071,-17.009,484.195,501.204
2022-09-23,2022 National Championships,MA,Joe Lavelle,Angelica Miller,-2.188,-17.986,484.195,502.181
2022-09-23,2022 National Championships,MA,Joe Lavelle,Glenn Farrant,-3.409,-28.313,484.195,512.508
2022-09-23,2022 National Championships,MA,Joe Lavelle,Dillon Nafziger,-3.692,-30.737,484.195,514.932
2022-09-23,2022 National Championships,MA,Joe Lavelle,Alicia Quiet,-3.845,-32.054,484.195,516.249
2022-09-23,2022 National Championships,MA,Joe Lavelle,Elizabeth Austin,-4.028,-33.633,484.195,517.828
2022-09-23,2022 National Championships,MA,Joe Lavelle,Benjamin Howe,-4.311,-36.086,484.195,520.281
2022-09-23,2022 National Championships,MA,Joe Lavelle,Bob Martin,-4.342,-36.356,484.195,520.551
2020-08-15,2020 DirtFish National Championship,MA,Nathan Jones,Austin Dowda,7.732,62.841,519.062,456.221
2020-08-15,2020 DirtFish National Championship,MA,Nathan Jones,Jason Fuller,7.016,57.341,519.062,461.721
2020-08-15,2020 DirtFish National Championship,MA,Nathan Jones,Jess Moeding,6.965,56.951,519.062,462.111
2020-08-15,2020 DirtFish National Championship,MA,Nathan Jones,Kent Hamilton,6.123,50.398,519.062,468.664
2020-08-15,2020 DirtFish National Championship,MA,Nathan Jones,Todd Briley,5.491,45.427,519.062,473.635
2020-08-15,2020 DirtFish National Championship,MA,Nathan Jones,Danial Ebling,4.640,38.647,519.062,480.415
2020-08-15,2020 DirtFish National Championship,MA,Nathan Jones,Eric Less,4.629,38.558,519.062,480.504
2020-08-15,2020 DirtFish National Championship,MA,Nathan Jones,Jonathan Olschewski,4.526,37.732,519.062,481.330
2020-08-15,2020 DirtFish National Championship,MA,Nathan Jones,Trenton Von Holten,4.235,35.387,519.062,483.675
2020-08-15,2020 DirtFish National Championship,MA,Nathan Jones,Chase Girard,3.163,26.663,519.062,492.399
2020-08-15,2020 DirtFish National Championship,MA,Nathan Jones,Valerie Briley,2.002,17.032,519.062,502.030
2020-08-15,2020 DirtFish National Championship,MA,Nathan Jones,Kevin Schatz,1.727,14.728,519.062,504.334
2020-08-15,2020 DirtFish National Championship,MA,Nathan Jones,Philip Pickard,1.371,11.730,519.062,507.332
2020-08-15,2020 DirtFish National Championship,MA,Nathan Jones,Joe Lavelle,0.902,7.746,519.062,511.316
2020-08-15,2020 DirtFish National Championship,MA,Nathan Jones,Benjamin Hanke,-0.688,-5.983,519.062,525.045
2020-08-15,2020 DirtFish National Championship,MA,Nathan Jones,Steven Bright,-0.900,-7.845,519.062,526.907
2020-08-15,2020 DirtFish National Championship,MA,Nathan Jones,Caleb Maggard,-3.326,-29.590,519.062,548.652
2020-08-15,2020 DirtFish National Championship,MA,Nathan Jones,Richard Thompson,-27.528,-309.034,519.062,828.096
2020-08-15,2020 DirtFish National Championship,MA,Benjamin Hanke,Austin Dowda,8.417,68.824,525.045,456.221
2020-08-15,2020 DirtFish National Championship,MA,Benjamin Hanke,Jason Fuller,7.701,63.324,525.045,461.721
2020-08-15,2020 DirtFish National Championship,MA,Benjamin Hanke,Jess Moeding,7.650,62.934,525.045,462.111
2020-08-15,2020 DirtFish National Championship,MA,Benjamin Hanke,Kent Hamilton,6.809,56.381,525.045,468.664
2020-08-15,2020 DirtFish National Championship,MA,Benjamin Hanke,Todd Briley,6.177,51.410,525.045,473.635
2020-08-15,2020 DirtFish National Championship,MA,Benjamin Hanke,Danial Ebling,5.327,44.630,525.045,480.415
2020-08-15,2020 DirtFish National Championship,MA,Benjamin Hanke,Eric Less,5.315,44.541,525.045,480.504
2020-08-15,2020 DirtFish National Championship,MA,Benjamin Hanke,Jonathan Olschewski,5.213,43.715,525.045,481.330
2020-08-15,2020 DirtFish National Championship,MA,Benjamin Hanke,Trenton Von Holten,4.921,41.370,525.045,483.675
2020-08-15,2020 DirtFish National Championship,MA,Benjamin Hanke,Chase Girard,3.850,32.646,525.045,492.399
2020-08-15,2020 DirtFish National Championship,MA,Benjamin Hanke,Valerie Briley,2.689,23.015,525.045,502.030
2020-08-15,2020 DirtFish National Championship,MA,Benjamin Hanke,Kevin Schatz,2.414,20.711,525.045,504.334
2020-08-15,2020 DirtFish National Championship,MA,Benjamin Hanke,Philip Pickard,2.059,17.713,525.045,507.332
2020-08-15,2020 DirtFish National Championship,MA,Benjamin Hanke,Joe Lavelle,1.590,13.729,525.045,511.316
2020-08-15,2020 DirtFish National Championship,MA,Benjamin Hanke,Nathan Jones,0.688,5.983,525.045,519.062
2020-08-15,2020 DirtFish National Championship,MA,Benjamin Hanke,Steven Bright,-0.212,-1.862,525.045,526.907
2020-08-15,2020 DirtFish National Championship,MA,Benjamin Hanke,Caleb Maggard,-2.638,-23.607,525.045,548.652
2020-08-15,2020 DirtFish National Championship,MA,Benjamin Hanke,Richard Thompson,-26.875,-303.051,525.045,828.096
2020-08-15,2020 DirtFish National Championship,MA,Steven Bright,Austin Dowda,8.628,70.686,526.907,456.221
2020-08-15,2020 DirtFish National Championship,MA,Steven Bright,Jason Fuller,7.912,65.186,526.907,461.721
2020-08-15,2020 DirtFish National Championship,MA,Steven Bright,Jess Moeding,7.862,64.796,526.907,462.111
2020-08-15,2020 DirtFish National Championship,MA,Steven Bright,Kent Hamilton,7.020,58.243,526.907,468.664
2020-08-15,2020 DirtFish National Championship,MA,Steven Bright,Todd Briley,6.389,53.272,526.907,473.635
2020-08-15,2020 DirtFish National Championship,MA,Steven Bright,Danial Ebling,5.538,46.492,526.907,480.415
2020-08-15,2020 DirtFish National Championship,MA,Steven Bright,Eric Less,5.527,46.403,526.907,480.504
2020-08-15,2020 DirtFish National Championship,MA,Steven Bright,Jonathan Olschewski,5.425,45.577,526.907,481.330
2020-08-15,2020 DirtFish National Championship,MA,Steven Bright,Trenton Von Holten,5.134,43.232,526.907,483.675
2020-08-15,2020 DirtFish National Championship,MA,Steven Bright,Chase Girard,4.063,34.508,526.907,492.399
2020-08-15,2020 DirtFish National Championship,MA,Steven Bright,Valerie Briley,2.901,24.877,526.907,502.030
2020-08-15,2020 DirtFish National Championship,MA,Steven Bright,Kevin Schatz,2.627,22.573,526.907,504.334
2020-08-15,2020 DirtFish National Championship,MA,Steven Bright,Philip Pickard,2.271,19.575,526.907,507.332
2020-08-15,2020 DirtFish National Championship,MA,Steven Bright,Joe Lavelle,1.802,15.591,526.907,511.316
2020-08-15,2020 DirtFish National Championship,MA,Steven Bright,Nathan Jones,0.900,7.845,526.907,519.062
2020-08-15,2020 DirtFish National Championship,MA,Steven Bright,Benjamin Hanke,0.212,1.862,526.907,525.045
2020-08-15,2020 DirtFish National Championship,MA,Steven Bright,Caleb Maggard,-2.426,-21.745,526.907,548.652
2020-08-15,2020 DirtFish National Championship,MA,Steven Bright,Richard Thompson,-26.674,-301.189,526.907,828.096
2020-08-15,2020 DirtFish National Championship,MA,Caleb Maggard,Austin Dowda,11.038,92.431,548.652,456.221
2020-08-15,2020 DirtFish National Championship,MA,Caleb Maggard,Jason Fuller,10.325,86.931,548.652,461.721
2020-08-15,2020 DirtFish National Championship,MA,Caleb Maggard,Jess Moeding,10.274,86.541,548.652,462.111
2020-08-15,2020 DirtFish National Championship,MA,Caleb Maggard,Kent Hamilton,9.435,79.988,548.652,468.664
2020-08-15,2020 DirtFish National Championship,MA,Caleb Maggard,Todd Briley,8.806,75.017,548.652,473.635
2020-08-15,2020 DirtFish National Championship,MA,Caleb Maggard,Danial Ebling,7.957,68.237,548.652,480.415
2020-08-15,2020 DirtFish National Championship,MA,Caleb Maggard,Eric Less,7.946,68.148,548.652,480.504
2020-08-15,2020 DirtFish National Championship,MA,Caleb Maggard,Jonathan Olschewski,7.843,67.322,548.652,481.330
2020-08-15,2020 DirtFish National Championship,MA,Caleb Maggard,Trenton Von Holten,7.553,64.977,548.652,483.675
2020-08-15,2020 DirtFish National Championship,MA,Caleb Maggard,Chase Girard,6.484,56.253,548.652,492.399
2020-08-15,2020 DirtFish National Championship,MA,Caleb Maggard,Valerie Briley,5.325,46.622,548.652,502.030
2020-08-15,2020 DirtFish National Championship,MA,Caleb Maggard,Kevin Schatz,5.051,44.318,548.652,504.334
2020-08-15,2020 DirtFish National Championship,MA,Caleb Maggard,Philip Pickard,4.696,41.320,548.652,507.332
2020-08-15,2020 DirtFish National Championship,MA,Caleb Maggard,Joe Lavelle,4.227,37.336,548.652,511.316
2020-08-15,2020 DirtFish National Championship,MA,Caleb Maggard,Nathan Jones,3.326,29.590,548.652,519.062
2020-08-15,2020 DirtFish National Championship,MA,Caleb Maggard,Benjamin Hanke,2.638,23.607,548.652,525.045
2020-08-15,2020 DirtFish National Championship,MA,Caleb Maggard,Steven Bright,2.426,21.745,548.652,526.907
2020-08-15,2020 DirtFish National Championship,MA,Caleb Maggard,Richard Thompson,-24.357,-279.444,548.652,828.096
2020-08-15,2020 DirtFish National Championship,MA,Richard Thompson,Austin Dowda,34.746,371.875,828.096,456.221
2020-08-15,2020 DirtFish National Championship,MA,Richard Thompson,Jason Fuller,34.086,366.375,828.096,461.721
2020-08-15,2020 DirtFish National Championship,MA,Richard Thompson,Jess Moeding,34.040,365.985,828.096,462.111
2020-08-15,2020 DirtFish National Championship,MA,Richard Thompson,Kent Hamilton,33.261,359.432,828.096,468.664
2020-08-15,2020 DirtFish National Championship,MA,Richard Thompson,Todd Briley,32.676,354.461,828.096,473.635
2020-08-15,2020 DirtFish National Championship,MA,Richard Thompson,Danial Ebling,31.885,347.681,828.096,480.415
2020-08-15,2020 DirtFish National Championship,MA,Richard Thompson,Eric Less,31.875,347.592,828.096,480.504
2020-08-15,2020 DirtFish National Championship,MA,Richard Thompson,Jonathan Olschewski,31.779,346.766,828.096,481.330
2020-08-15,2020 DirtFish National Championship,MA,Richard Thompson,Trenton Von Holten,31.507,344.421,828.096,483.675
2020-08-15,2020 DirtFish National Championship,MA,Richard Thompson,Chase Girard,30.506,335.697,828.096,492.399
2020-08-15,2020 DirtFish National Championship,MA,Richard Thompson,Valerie Briley,29.417,326.066,828.096,502.030
2020-08-15,2020 DirtFish National Championship,MA,Richard Thompson,Kevin Schatz,29.158,323.762,828.096,504.334
2020-08-15,2020 DirtFish National Championship,MA,Richard Thompson,Philip Pickard,28.823,320.764,828.096,507.332
2020-08-15,2020 DirtFish National Championship,MA,Richard Thompson,Joe Lavelle,28.381,316.780,828.096,511.316
2020-08-15,2020 DirtFish National Championship,MA,Richard Thompson,Nathan Jones,27.528,309.034,828.096,519.062
2020-08-15,2020 DirtFish National Championship,MA,Richard Thompson,Benjamin Hanke,26.875,303.051,828.096,525.045
2020-08-15,2020 DirtFish National Championship,MA,Richard Thompson,Steven Bright,26.674,301.189,828.096,526.907
2020-08-15,2020 DirtFish National Championship,MA,Richard Thompson,Caleb Maggard,24.357,279.444,828.096,548.652
2025-02-22,2025 Southern Pacific Divisional,MA,Nicholas Ormiston,Fritz Croy,-0.839,-11.830,839.900,851.730
2025-02-22,2025 Southern Pacific Divisional,MA,Nicholas Ormiston,Sean Spring,-0.793,-11.170,839.900,851.070
2025-02-22,2025 Southern Pacific Divisional,MA,Nicholas Ormiston,Mike Thomas,-1.128,-15.939,839.900,855.839
2025-02-22,2025 Southern Pacific Divisional,MA,Nicholas Ormiston,Wendel Croy,-3.147,-45.240,839.900,885.140
2025-02-22,2025 Southern Pacific Divisional,MA,Nicholas Ormiston,Alan McIntosh,-9.553,-145.290,839.900,985.190
2025-02-22,2025 Southern Pacific Divisional,MA,Nicholas Ormiston,Lee Shadbolt,-4.312,-62.610,839.900,902.510
2025-02-22,2025 Southern Pacific Divisional,MA,Nicholas Ormiston,Jesse Bopp,-4.486,-65.230,839.900,905.130
2025-02-22,2025 Southern Pacific Divisional,MA,Nicholas Ormiston,Brian Gilbreath,-4.512,-65.630,839.900,905.530
2025-02-22,2025 Southern Pacific Divisional,MA,Nicholas Ormiston,Joseph Bopp,-4.486,-65.229,839.900,905.129
2025-02-22,2025 Southern Pacific Divisional,MA,Nicholas Ormiston,Mick Henry,-2.862,-41.040,839.900,880.940
2025-02-22,2025 Southern Pacific Divisional,MA,Nicholas Ormiston,Grant Steen,-6.230,-91.980,839.900,931.880
2024-06-01,2024 Pacific Divisional day one,MA,Nicholas Ormiston,Elijah Kleeman,-2.780,-22.935,483.531,506.466
2024-06-01,2024 Pacific Divisional day one,MA,Nicholas Ormiston,Sean Spring,-3.104,-25.680,483.531,509.211
2024-06-01,2024 Pacific Divisional day one,MA,Nicholas Ormiston,Brent Blakely,-3.346,-27.738,483.531,511.269
2024-06-01,2024 Pacific Divisional day one,MA,Nicholas Ormiston,Skye Romanoff,-7.088,-60.706,483.531,544.237
2024-06-01,2024 Pacific Divisional day one,MA,Nicholas Ormiston,Jane Lien,-9.027,-78.663,483.531,562.194
2025-02-22,2025 Southern Pacific Divisional,MA,Fritz Croy,Nicholas Ormiston,0.839,11.830,851.730,839.900
2025-02-22,2025 Southern Pacific Divisional,MA,Fritz Croy,Sean Spring,0.047,0.660,851.730,851.070
2025-02-22,2025 Southern Pacific Divisional,MA,Fritz Croy,Mike Thomas,-0.289,-4.109,851.730,855.839
2025-02-22,2025 Southern Pacific Divisional,MA,Fritz Croy,Wendel Croy,-2.308,-33.410,851.730,885.140
2025-02-22,2025 Southern Pacific Divisional,MA,Fritz Croy,Alan McIntosh,-8.719,-133.460,851.730,985.190
2025-02-22,2025 Southern Pacific Divisional,MA,Fritz Croy,Lee Shadbolt,-3.474,-50.780,851.730,902.510
2025-02-22,2025 Southern Pacific Divisional,MA,Fritz Croy,Jesse Bopp,-3.647,-53.400,851.730,905.130
2025-02-22,2025 Southern Pacific Divisional,MA,Fritz Croy,Brian Gilbreath,-3.674,-53.800,851.730,905.530
2025-02-22,2025 Southern Pacific Divisional,MA,Fritz Croy,Joseph Bopp,-3.647,-53.399,851.730,905.129
2025-02-22,2025 Southern Pacific Divisional,MA,Fritz Croy,Mick Henry,-2.023,-29.210,851.730,880.940
2025-02-22,2025 Southern Pacific Divisional,MA,Fritz Croy,Grant Steen,-5.392,-80.150,851.730,931.880
2025-02-22,2025 Southern Pacific Divisional,MA,Sean Spring,Nicholas Ormiston,0.793,11.170,851.070,839.900
2025-02-22,2025 Southern Pacific Divisional,MA,Sean Spring,Fritz Croy,-0.047,-0.660,851.070,851.730
2025-02-22,2025 Southern Pacific Divisional,MA,Sean Spring,Mike Thomas,-0.335,-4.769,851.070,855.839
2025-02-22,2025 Southern Pacific Divisional,MA,Sean Spring,Wendel Croy,-2.355,-34.070,851.070,885.140
2025-02-22,2025 Southern Pacific Divisional,MA,Sean Spring,Alan McIntosh,-8.765,-134.120,851.070,985.190
2025-02-22,2025 Southern Pacific Divisional,MA,Sean Spring,Lee Shadbolt,-3.520,-51.440,851.070,902.510
2025-02-22,2025 Southern Pacific Divisional,MA,Sean Spring,Jesse Bopp,-3.694,-54.060,851.070,905.130
2025-02-22,2025 Southern Pacific Divisional,MA,Sean Spring,Brian Gilbreath,-3.720,-54.460,851.070,905.530
2025-02-22,2025 Southern Pacific Divisional,MA,Sean Spring,Joseph Bopp,-3.694,-54.059,851.070,905.129
2025-02-22,2025 Southern Pacific Divisional,MA,Sean Spring,Mick Henry,-2.070,-29.870,851.070,880.940
2025-02-22,2025 Southern Pacific Divisional,MA,Sean Spring,Grant Steen,-5.439,-80.810,851.070,931.880
2024-06-01,2024 Pacific Divisional day one,MA,Sean Spring,Nicholas Ormiston,3.104,25.680,509.211,483.531
2024-06-01,2024 Pacific Divisional day one,MA,Sean Spring,Elijah Kleeman,0.324,2.745,509.211,506.466
2024-06-01,2024 Pacific Divisional day one,MA,Sean Spring,Brent Blakely,-0.242,-2.058,509.211,511.269
2024-06-01,2024 Pacific Divisional day one,MA,Sean Spring,Skye Romanoff,-3.990,-35.026,509.211,544.237
2024-06-01,2024 Pacific Divisional day one,MA,Sean Spring,Jane Lien,-5.934,-52.983,509.211,562.194
2025-02-22,2025 Southern Pacific Divisional,MA,Mike Thomas,Nicholas Ormiston,1.128,15.939,855.839,839.900
2025-02-22,2025 Southern Pacific Divisional,MA,Mike Thomas,Fritz Croy,0.289,4.109,855.839,851.730
2025-02-22,2025 Southern Pacific Divisional,MA,Mike Thomas,Sean Spring,0.335,4.769,855.839,851.070
2025-02-22,2025 Southern Pacific Divisional,MA,Mike Thomas,Wendel Croy,-2.020,-29.301,855.839,885.140
2025-02-22,2025 Southern Pacific Divisional,MA,Mike Thomas,Alan McIntosh,-8.431,-129.351,855.839,985.190
2025-02-22,2025 Southern Pacific Divisional,MA,Mike Thomas,Lee Shadbolt,-3.185,-46.671,855.839,902.510
2025-02-22,2025 Southern Pacific Divisional,MA,Mike Thomas,Jesse Bopp,-3.359,-49.291,855.839,905.130
2025-02-22,2025 Southern Pacific Divisional,MA,Mike Thomas,Brian Gilbreath,-3.385,-49.691,855.839,905.530
2025-02-22,2025 Southern Pacific Divisional,MA,Mike Thomas,Mick Henry,-1.734,-25.101,855.839,880.940
2025-02-22,2025 Southern Pacific Divisional,MA,Wendel Croy,Nicholas Ormiston,3.147,45.240,885.140,839.900
2025-02-22,2025 Southern Pacific Divisional,MA,Wendel Croy,Fritz Croy,2.308,33.410,885.140,851.730
2025-02-22,2025 Southern Pacific Divisional,MA,Wendel Croy,Sean Spring,2.355,34.070,885.140,851.070
2025-02-22,2025 Southern Pacific Divisional,MA,Wendel Croy,Mike Thomas,2.020,29.301,885.140,855.839
2025-02-22,2025 Southern Pacific Divisional,MA,Wendel Croy,Alan McIntosh,-6.419,-100.050,885.140,985.190
2025-02-22,2025 Southern Pacific Divisional,MA,Wendel Croy,Lee Shadbolt,-1.166,-17.370,885.140,902.510
2025-02-22,2025 Southern Pacific Divisional,MA,Wendel Croy,Jesse Bopp,-1.340,-19.990,885.140,905.130
2025-02-22,2025 Southern Pacific Divisional,MA,Wendel Croy,Brian Gilbreath,-1.366,-20.390,885.140,905.530
2025-02-22,2025 Southern Pacific Divisional,MA,Wendel Croy,Joseph Bopp,-1.340,-19.989,885.140,905.129
2025-02-22,2025 Southern Pacific Divisional,MA,Wendel Croy,Mick Henry,0.285,4.200,885.140,880.940
2025-02-22,2025 Southern Pacific Divisional,MA,Wendel Croy,Grant Steen,-3.087,-46.740,885.140,931.880
2025-02-22,2025 Southern Pacific Divisional,MA,Alan McIntosh,Nicholas Ormiston,9.553,145.290,985.190,839.900
2025-02-22,2025 Southern Pacific Divisional,MA,Alan McIntosh,Fritz Croy,8.719,133.460,985.190,851.730
2025-02-22,2025 Southern Pacific Divisional,MA,Alan McIntosh,Sean Spring,8.765,134.120,985.190,851.070
2025-02-22,2025 Southern Pacific Divisional,MA,Alan McIntosh,Mike Thomas,8.431,129.351,985.190,855.839
2025-02-22,2025 Southern Pacific Divisional,MA,Alan McIntosh,Wendel Croy,6.419,100.050,985.190,885.140
2025-02-22,2025 Southern Pacific Divisional,MA,Alan McIntosh,Lee Shadbolt,5.256,82.680,985.190,902.510
2025-02-22,2025 Southern Pacific Divisional,MA,Alan McIntosh,Jesse Bopp,5.082,80.060,985.190,905.130
2025-02-22,2025 Southern Pacific Divisional,MA,Alan McIntosh,Brian Gilbreath,5.056,79.660,985.190,905.530
2025-02-22,2025 Southern Pacific Divisional,MA,Alan McIntosh,Joseph Bopp,5.082,80.061,985.190,905.129
2025-02-22,2025 Southern Pacific Divisional,MA,Alan McIntosh,Mick Henry,6.704,104.250,985.190,880.940
2025-02-22,2025 Southern Pacific Divisional,MA,Alan McIntosh,Grant Steen,3.337,53.310,985.190,931.880
2025-02-22,2025 Southern Pacific Divisional,MA,Lee Shadbolt,Nicholas Ormiston,4.312,62.610,902.510,839.900
2025-02-22,2025 Southern Pacific Divisional,MA,Lee Shadbolt,Fritz Croy,3.474,50.780,902.510,851.730
2025-02-22,2025 Southern Pacific Divisional,MA,Lee Shadbolt,Sean Spring,3.520,51.440,902.510,851.070
2025-02-22,2025 Southern Pacific Divisional,MA,Lee Shadbolt,Mike Thomas,3.185,46.671,902.510,855.839
2025-02-22,2025 Southern Pacific Divisional,MA,Lee Shadbolt,Wendel Croy,1.166,17.370,902.510,885.140
2025-02-22,2025 Southern Pacific Divisional,MA,Lee Shadbolt,Alan McIntosh,-5.256,-82.680,902.510,985.190
2025-02-22,2025 Southern Pacific Divisional,MA,Lee Shadbolt,Jesse Bopp,-0.174,-2.620,902.510,905.130
2025-02-22,2025 Southern Pacific Divisional,MA,Lee Shadbolt,Brian Gilbreath,-0.200,-3.020,902.510,905.530
2025-02-22,2025 Southern Pacific Divisional,MA,Lee Shadbolt,Joseph Bopp,-0.174,-2.619,902.510,905.129
2025-02-22,2025 Southern Pacific Divisional,MA,Lee Shadbolt,Mick Henry,1.451,21.570,902.510,880.940
2025-02-22,2025 Southern Pacific Divisional,MA,Lee Shadbolt,Grant Steen,-1.921,-29.370,902.510,931.880
2025-02-22,2025 Southern Pacific Divisional,MA,Jesse Bopp,Nicholas Ormiston,4.486,65.230,905.130,839.900
2025-02-22,2025 Southern Pacific Divisional,MA,Jesse Bopp,Fritz Croy,3.647,53.400,905.130,851.730
2025-02-22,2025 Southern Pacific Divisional,MA,Jesse Bopp,Sean Spring,3.694,54.060,905.130,851.070
2025-02-22,2025 Southern Pacific Divisional,MA,Jesse Bopp,Mike Thomas,3.359,49.291,905.130,855.839
2025-02-22,2025 Southern Pacific Divisional,MA,Jesse Bopp,Wendel Croy,1.340,19.990,905.130,885.140
2025-02-22,2025 Southern Pacific Divisional,MA,Jesse Bopp,Alan McIntosh,-5.082,-80.060,905.130,985.190
2025-02-22,2025 Southern Pacific Divisional,MA,Jesse Bopp,Lee Shadbolt,0.174,2.620,905.130,902.510
2025-02-22,2025 Southern Pacific Divisional,MA,Jesse Bopp,Brian Gilbreath,-0.027,-0.400,905.130,905.530
2025-02-22,2025 Southern Pacific Divisional,MA,Jesse Bopp,Joseph Bopp,0.000,0.001,905.130,905.129
2025-02-22,2025 Southern Pacific Divisional,MA,Jesse Bopp,Mick Henry,1.625,24.190,905.130,880.940
2025-02-22,2025 Southern Pacific Divisional,MA,Jesse Bopp,Grant Steen,-1.747,-26.750,905.130,931.880
2025-02-22,2025 Southern Pacific Divisional,MA,Brian Gilbreath,Nicholas Ormiston,4.512,65.630,905.530,839.900
2025-02-22,2025 Southern Pacific Divisional,MA,Brian Gilbreath,Fritz Croy,3.674,53.800,905.530,851.730
2025-02-22,2025 Southern Pacific Divisional,MA,Brian Gilbreath,Sean Spring,3.720,54.460,905.530,851.070
2025-02-22,2025 Southern Pacific Divisional,MA,Brian Gilbreath,Mike Thomas,3.385,49.691,905.530,855.839
2025-02-22,2025 Southern Pacific Divisional,MA,Brian Gilbreath,Wendel Croy,1.366,20.390,905.530,885.140
2025-02-22,2025 Southern Pacific Divisional,MA,Brian Gilbreath,Alan McIntosh,-5.056,-79.660,905.530,985.190
2025-02-22,2025 Southern Pacific Divisional,MA,Brian Gilbreath,Lee Shadbolt,0.200,3.020,905.530,902.510
2025-02-22,2025 Southern Pacific Divisional,MA,Brian Gilbreath,Jesse Bopp,0.027,0.400,905.530,905.130
2025-02-22,2025 Southern Pacific Divisional,MA,Brian Gilbreath,Joseph Bopp,0.027,0.401,905.530,905.129
2025-02-22,2025 Southern Pacific Divisional,MA,Brian Gilbreath,Mick Henry,1.652,24.590,905.530,880.940
2025-02-22,2025 Southern Pacific Divisional,MA,Brian Gilbreath,Grant Steen,-1.721,-26.350,905.530,931.880
2025-02-22,2025 Southern Pacific Divisional,MA,Joseph Bopp,Nicholas Ormiston,4.486,65.229,905.129,839.900
2025-02-22,2025 Southern Pacific Divisional,MA,Joseph Bopp,Fritz Croy,3.647,53.399,905.129,851.730
2025-02-22,2025 Southern Pacific Divisional,MA,Joseph Bopp,Sean Spring,3.694,54.059,905.129,851.070
2025-02-22,2025 Southern Pacific Divisional,MA,Joseph Bopp,Wendel Croy,1.340,19.989,905.129,885.140
2025-02-22,2025 Southern Pacific Divisional,MA,Joseph Bopp,Alan McIntosh,-5.082,-80.061,905.129,985.190
2025-02-22,2025 Southern Pacific Divisional,MA,Joseph Bopp,Lee Shadbolt,0.174,2.619,905.129,902.510
2025-02-22,2025 Southern Pacific Divisional,MA,Joseph Bopp,Jesse Bopp,-0.000,-0.001,905.129,905.130
2025-02-22,2025 Southern Pacific Divisional,MA,Joseph Bopp,Brian Gilbreath,-0.027,-0.401,905.129,905.530
2025-02-22,2025 Southern Pacific Divisional,MA,Joseph Bopp,Mick Henry,1.625,24.189,905.129,880.940
2025-02-22,2025 Southern Pacific Divisional,MA,Mick Henry,Nicholas Ormiston,2.862,41.040,880.940,839.900
2025-02-22,2025 Southern Pacific Divisional,MA,Mick Henry,Fritz Croy,2.023,29.210,880.940,851.730
2025-02-22,2025 Southern Pacific Divisional,MA,Mick Henry,Sean Spring,2.070,29.870,880.940,851.070
2025-02-22,2025 Southern Pacific Divisional,MA,Mick Henry,Mike Thomas,1.734,25.101,880.940,855.839
2025-02-22,2025 Southern Pacific Divisional,MA,Mick Henry,Wendel Croy,-0.285,-4.200,880.940,885.140
2025-02-22,2025 Southern Pacific Divisional,MA,Mick Henry,Alan McIntosh,-6.704,-104.250,880.940,985.190
2025-02-22,2025 Southern Pacific Divisional,MA,Mick Henry,Lee Shadbolt,-1.451,-21.570,880.940,902.510
2025-02-22,2025 Southern Pacific Divisional,MA,Mick Henry,Jesse Bopp,-1.625,-24.190,880.940,905.130
2025-02-22,2025 Southern Pacific Divisional,MA,Mick Henry,Brian Gilbreath,-1.652,-24.590,880.940,905.530
2025-02-22,2025 Southern Pacific Divisional,MA,Mick Henry,Joseph Bopp,-1.625,-24.189,880.940,905.129
2025-02-22,2025 Southern Pacific Divisional,MA,Mick Henry,Grant Steen,-3.372,-50.940,880.940,931.880
2025-02-22,2025 Southern Pacific Divisional,MA,Grant Steen,Nicholas Ormiston,6.230,91.980,931.880,839.900
2025-02-22,2025 Southern Pacific Divisional,MA,Grant Steen,Fritz Croy,5.392,80.150,931.880,851.730
2025-02-22,2025 Southern Pacific Divisional,MA,Grant Steen,Sean Spring,5.439,80.810,931.880,851.070
2025-02-22,2025 Southern Pacific Divisional,MA,Grant Steen,Wendel Croy,3.087,46.740,931.880,885.140
2025-02-22,2025 Southern Pacific Divisional,MA,Grant Steen,Alan McIntosh,-3.337,-53.310,931.880,985.190
2025-02-22,2025 Southern Pacific Divisional,MA,Grant Steen,Lee Shadbolt,1.921,29.370,931.880,902.510
2025-02-22,2025 Southern Pacific Divisional,MA,Grant Steen,Jesse Bopp,1.747,26.750,931.880,905.130
2025-02-22,2025 Southern Pacific Divisional,MA,Grant Steen,Brian Gilbreath,1.721,26.350,931.880,905.530
2025-02-22,2025 Southern Pacific Divisional,MA,Grant Steen,Mick Henry,3.372,50.940,931.880,880.940
2025-02-22,2025 Southern Pacific Divisional,MF,Dwight Wood,Peter Dozeman,-0.931,-13.450,860.029,873.479
2025-02-22,2025 Southern Pacific Divisional,MF,Dwight Wood,Nikita Latman,-1.867,-27.181,860.029,887.210
2025-02-22,2025 Southern Pacific Divisional,MF,Dwight Wood,Joseph Maas,-4.209,-62.521,860.029,922.550
2025-02-22,2025 Southern Pacific Divisional,MF,Dwight Wood,Preston Griggs,-5.962,-89.921,860.029,949.950
2025-02-22,2025 Southern Pacific Divisional,MF,Dwight Wood,Allison Sinosky,-7.594,-116.211,860.029,976.240
2025-02-22,2025 Southern Pacific Divisional,MF,Vincent Dozeman,Peter Dozeman,-1.002,-14.471,859.008,873.479
2025-02-22,2025 Southern Pacific Divisional,MF,Vincent Dozeman,Nikita Latman,-1.938,-28.202,859.008,887.210
2025-02-22,2025 Southern Pacific Divisional,MF,Vincent Dozeman,Joseph Maas,-4.280,-63.542,859.008,922.550
2025-02-22,2025 Southern Pacific Divisional,MF,Vincent Dozeman,Preston Griggs,-6.033,-90.942,859.008,949.950
2025-02-22,2025 Southern Pacific Divisional,MF,Vincent Dozeman,Allison Sinosky,-7.665,-117.232,859.008,976.240
2024-06-01,2024 Pacific Divisional day one,MF,Vincent Dozeman,Grover Davis,0.270,2.353,523.636,521.283
2024-06-01,2024 Pacific Divisional day one,MF,Vincent Dozeman,D'John Keith,0.120,1.046,523.636,522.590
2024-06-01,2024 Pacific Divisional day one,MF,Vincent Dozeman,Sanjay Singh,-2.456,-21.879,523.636,545.515
2025-02-22,2025 Southern Pacific Divisional,MF,Peter Dozeman,Dwight Wood,0.931,13.450,873.479,860.029
2025-02-22,2025 Southern Pacific Divisional,MF,Peter Dozeman,Vincent Dozeman,1.002,14.471,873.479,859.008
2025-02-22,2025 Southern Pacific Divisional,MF,Peter Dozeman,Nikita Latman,-0.936,-13.731,873.479,887.210
2025-02-22,2025 Southern Pacific Divisional,MF,Peter Dozeman,Joseph Maas,-3.279,-49.071,873.479,922.550
2025-02-22,2025 Southern Pacific Divisional,MF,Peter Dozeman,Preston Griggs,-5.033,-76.471,873.479,949.950
2025-02-22,2025 Southern Pacific Divisional,MF,Peter Dozeman,Allison Sinosky,-6.667,-102.761,873.479,976.240
2025-02-22,2025 Southern Pacific Divisional,MF,Nikita Latman,Dwight Wood,1.867,27.181,887.210,860.029
2025-02-22,2025 Southern Pacific Divisional,MF,Nikita Latman,Vincent Dozeman,1.938,28.202,887.210,859.008
2025-02-22,2025 Southern Pacific Divisional,MF,Nikita Latman,Peter Dozeman,0.936,13.731,887.210,873.479
2025-02-22,2025 Southern Pacific Divisional,MF,Nikita Latman,Joseph Maas,-2.343,-35.340,887.210,922.550
2025-02-22,2025 Southern Pacific Divisional,MF,Nikita Latman,Preston Griggs,-4.098,-62.740,887.210,949.950
2025-02-22,2025 Southern Pacific Divisional,MF,Nikita Latman,Allison Sinosky,-5.733,-89.030,887.210,976.240
2025-02-22,2025 Southern Pacific Divisional,MF,Joseph Maas,Dwight Wood,4.209,62.521,922.550,860.029
2025-02-22,2025 Southern Pacific Divisional,MF,Joseph Maas,Vincent Dozeman,4.280,63.542,922.550,859.008
2025-02-22,2025 Southern Pacific Divisional,MF,Joseph Maas,Peter Dozeman,3.279,49.071,922.550,873.479
2025-02-22,2025 Southern Pacific Divisional,MF,Joseph Maas,Nikita Latman,2.343,35.340,922.550,887.210
2025-02-22,2025 Southern Pacific Divisional,MF,Joseph Maas,Preston Griggs,-1.756,-27.400,922.550,949.950
2025-02-22,2025 Southern Pacific Divisional,MF,Joseph Maas,Allison Sinosky,-3.393,-53.690,922.550,976.240
2025-02-22,2025 Southern Pacific Divisional,MF,Preston Griggs,Dwight Wood,5.962,89.921,949.950,860.029
2025-02-22,2025 Southern Pacific Divisional,MF,Preston Griggs,Vincent Dozeman,6.033,90.942,949.950,859.008
2025-02-22,2025 Southern Pacific Divisional,MF,Preston Griggs,Peter Dozeman,5.033,76.471,949.950,873.479
2025-02-22,2025 Southern Pacific Divisional,MF,Preston Griggs,Nikita Latman,4.098,62.740,949.950,887.210
2025-02-22,2025 Southern Pacific Divisional,MF,Preston Griggs,Joseph Maas,1.756,27.400,949.950,922.550
2025-02-22,2025 Southern Pacific Divisional,MF,Preston Griggs,Allison Sinosky,-1.638,-26.290,949.950,976.240
2025-02-22,2025 Southern Pacific Divisional,MF,Allison Sinosky,Dwight Wood,7.594,116.211,976.240,860.029
2025-02-22,2025 Southern Pacific Divisional,MF,Allison Sinosky,Vincent Dozeman,7.665,117.232,976.240,859.008
2025-02-22,2025 Southern Pacific Divisional,MF,Allison Sinosky,Peter Dozeman,6.667,102.761,976.240,873.479
2025-02-22,2025 Southern Pacific Divisional,MF,Allison Sinosky,Nikita Latman,5.733,89.030,976.240,887.210
2025-02-22,2025 Southern Pacific Divisional,MF,Allison Sinosky,Joseph Maas,3.393,53.690,976.240,922.550
2025-02-22,2025 Southern Pacific Divisional,MF,Allison Sinosky,Preston Griggs,1.638,26.290,976.240,949.950
2025-02-22,2025 Southern Pacific Divisional,MR,Gonzalo San Miguel,James Bingham,0.128,1.910,896.410,894.500
2025-02-22,2025 Southern Pacific Divisional,MR,Gonzalo San Miguel,Philip Mickleborough,-0.170,-2.540,896.410,898.950
2025-02-22,2025 Southern Pacific Divisional,MR,Gonzalo San Miguel,James Veatch III,-0.542,-8.140,896.410,904.550
2025-02-22,2025 Southern Pacific Divisional,MR,Gonzalo San Miguel,Brett Billett,-1.115,-16.810,896.410,913.220
2025-02-22,2025 Southern Pacific Divisional,MR,Gonzalo San Miguel,Caleb Warren,-1.100,-16.590,896.410,913.000
2025-02-22,2025 Southern Pacific Divisional,MR,Gonzalo San Miguel,Nigel Mott,-1.264,-19.090,896.410,915.500
2025-02-22,2025 Southern Pacific Divisional,MR,Gonzalo San Miguel,Charles Graham,-5.603,-87.810,896.410,984.220
2025-02-22,2025 Southern Pacific Divisional,MR,James Bingham,Gonzalo San Miguel,-0.128,-1.910,894.500,896.410
2025-02-22,2025 Southern Pacific Divisional,MR,James Bingham,Philip Mickleborough,-0.298,-4.450,894.500,898.950
2025-02-22,2025 Southern Pacific Divisional,MR,James Bingham,James Veatch III,-0.670,-10.050,894.500,904.550
2025-02-22,2025 Southern Pacific Divisional,MR,James Bingham,Brett Billett,-1.243,-18.720,894.500,913.220
2025-02-22,2025 Southern Pacific Divisional,MR,James Bingham,Nigel Mott,-1.392,-21.000,894.500,915.500
2025-02-22,2025 Southern Pacific Divisional,MR,Philip Mickleborough,Gonzalo San Miguel,0.170,2.540,898.950,896.410
2025-02-22,2025 Southern Pacific Divisional,MR,Philip Mickleborough,James Bingham,0.298,4.450,898.950,894.500
2025-02-22,2025 Southern Pacific Divisional,MR,Philip Mickleborough,James Veatch III,-0.373,-5.600,898.950,904.550
2025-02-22,2025 Southern Pacific Divisional,MR,Philip Mickleborough,Brett Billett,-0.945,-14.270,898.950,913.220
2025-02-22,2025 Southern Pacific Divisional,MR,Philip Mickleborough,Caleb Warren,-0.930,-14.050,898.950,913.000
2025-02-22,2025 Southern Pacific Divisional,MR,Philip Mickleborough,Nigel Mott,-1.095,-16.550,898.950,915.500
2025-02-22,2025 Southern Pacific Divisional,MR,Philip Mickleborough,Charles Graham,-5.434,-85.270,898.950,984.220
2025-10-17,2025 National Championship,MR,Philip Mickleborough,Vaughn Micciche,4.022,48.691,750.763,702.072
2025-10-17,2025 National Championship,MR,Philip Mickleborough,Davis Faver,1.939,23.875,750.763,726.888
2025-10-17,2025 National Championship,MR,Philip Mickleborough,Rudy Bowen,1.287,15.929,750.763,734.834
2025-10-17,2025 National Championship,MR,Philip Mickleborough,Leon Drake,0.497,6.197,750.763,744.566
2025-10-17,2025 National Championship,MR,Philip Mickleborough,Jeff Davis,-3.986,-51.590,750.763,802.353
2024-06-01,2024 Pacific Divisional day one,MR,Philip Mickleborough,Tyler Johnson-Williams,-0.655,-5.838,532.093,537.931
2024-06-01,2024 Pacific Divisional day one,MR,Philip Mickleborough,Nigel Mott,-2.263,-20.458,532.093,552.551
2024-06-01,2024 Pacific Divisional day one,MR,Philip Mickleborough,Clinton Padilla,-2.947,-26.795,532.093,558.888
2024-06-01,2024 Pacific Divisional day one,MR,Philip Mickleborough,Damon Espino,-6.234,-58.312,532.093,590.405
2025-02-22,2025 Southern Pacific Divisional,MR,James Veatch III,Gonzalo San Miguel,0.542,8.140,904.550,896.410
2025-02-22,2025 Southern Pacific Divisional,MR,James Veatch III,James Bingham,0.670,10.050,904.550,894.500
2025-02-22,2025 Southern Pacific Divisional,MR,James Veatch III,Philip Mickleborough,0.373,5.600,904.550,898.950
2025-02-22,2025 Southern Pacific Divisional,MR,James Veatch III,Brett Billett,-0.572,-8.670,904.550,913.220
2025-02-22,2025 Southern Pacific Divisional,MR,James Veatch III,Caleb Warren,-0.558,-8.450,904.550,913.000
2025-02-22,2025 Southern Pacific Divisional,MR,James Veatch III,Nigel Mott,-0.722,-10.950,904.550,915.500
2025-02-22,2025 Southern Pacific Divisional,MR,James Veatch III,Charles Graham,-5.062,-79.670,904.550,984.220
2025-02-22,2025 Southern Pacific Divisional,MR,Brett Billett,Gonzalo San Miguel,1.115,16.810,913.220,896.410
2025-02-22,2025 Southern Pacific Divisional,MR,Brett Billett,James Bingham,1.243,18.720,913.220,894.500
2025-02-22,2025 Southern Pacific Divisional,MR,Brett Billett,Philip Mickleborough,0.945,14.270,913.220,898.950
2025-02-22,2025 Southern Pacific Divisional,MR,Brett Billett,James Veatch III,0.572,8.670,913.220,904.550
2025-02-22,2025 Southern Pacific Divisional,MR,Brett Billett,Caleb Warren,0.014,0.220,913.220,913.000
2025-02-22,2025 Southern Pacific Divisional,MR,Brett Billett,Nigel Mott,-0.150,-2.280,913.220,915.500
2025-02-22,2025 Southern Pacific Divisional,MR,Brett Billett,Charles Graham,-4.490,-71.000,913.220,984.220
2025-02-22,2025 Southern Pacific Divisional,MR,Caleb Warren,Gonzalo San Miguel,1.100,16.590,913.000,896.410
2025-02-22,2025 Southern Pacific Divisional,MR,Caleb Warren,Philip Mickleborough,0.930,14.050,913.000,898.950
2025-02-22,2025 Southern Pacific Divisional,MR,Caleb Warren,James Veatch III,0.558,8.450,913.000,904.550
2025-02-22,2025 Southern Pacific Divisional,MR,Caleb Warren,Brett Billett,-0.014,-0.220,913.000,913.220
2025-02-22,2025 Southern Pacific Divisional,MR,Caleb Warren,Nigel Mott,-0.164,-2.500,913.000,915.500
2025-02-22,2025 Southern Pacific Divisional,MR,Nigel Mott,Gonzalo San Miguel,1.264,19.090,915.500,896.410
2025-02-22,2025 Southern Pacific Divisional,MR,Nigel Mott,James Bingham,1.392,21.000,915.500,894.500
2025-02-22,2025 Southern Pacific Divisional,MR,Nigel Mott,Philip Mickleborough,1.095,16.550,915.500,898.950
2025-02-22,2025 Southern Pacific Divisional,MR,Nigel Mott,James Veatch III,0.722,10.950,915.500,904.550
2025-02-22,2025 Southern Pacific Divisional,MR,Nigel Mott,Brett Billett,0.150,2.280,915.500,913.220
2025-02-22,2025 Southern Pacific Divisional,MR,Nigel Mott,Caleb Warren,0.164,2.500,915.500,913.000
2025-02-22,2025 Southern Pacific Divisional,MR,Nigel Mott,Charles Graham,-4.341,-68.720,915.500,984.220
2024-06-01,2024 Pacific Divisional day one,MR,Nigel Mott,Philip Mickleborough,2.263,20.458,552.551,532.093
2024-06-01,2024 Pacific Divisional day one,MR,Nigel Mott,Tyler Johnson-Williams,1.609,14.620,552.551,537.931
2024-06-01,2024 Pacific Divisional day one,MR,Nigel Mott,Clinton Padilla,-0.684,-6.337,552.551,558.888
2024-06-01,2024 Pacific Divisional day one,MR,Nigel Mott,Damon Espino,-3.974,-37.854,552.551,590.405
2025-02-22,2025 Southern Pacific Divisional,MR,Charles Graham,Gonzalo San Miguel,5.603,87.810,984.220,896.410
2025-02-22,2025 Southern Pacific Divisional,MR,Charles Graham,Philip Mickleborough,5.434,85.270,984.220,898.950
2025-02-22,2025 Southern Pacific Divisional,MR,Charles Graham,James Veatch III,5.062,79.670,984.220,904.550
2025-02-22,2025 Southern Pacific Divisional,MR,Charles Graham,Brett Billett,4.490,71.000,984.220,913.220
2025-02-22,2025 Southern Pacific Divisional,MR,Charles Graham,Nigel Mott,4.341,68.720,984.220,915.500
2025-02-22,2025 Southern Pacific Divisional,PA,Tyler Schrameck,Matt Pinheiro,-1.032,-15.720,906.080,921.800
2025-02-22,2025 Southern Pacific Divisional,PA,Matt Pinheiro,Tyler Schrameck,1.032,15.720,921.800,906.080
2025-02-22,2025 Southern Pacific Divisional,SA,Wallace Wood,D'John Keith,-0.160,-2.400,896.800,899.200
2025-02-22,2025 Southern Pacific Divisional,SA,Wallace Wood,Paul Robinson,-2.295,-34.970,896.800,931.770
2025-02-22,2025 Southern Pacific Divisional,SA,Wallace Wood,Joseph Hong,-4.229,-65.520,896.800,962.320
2025-02-22,2025 Southern Pacific Divisional,SA,Wallace Wood,Brandon Ragsdale,-5.008,-78.110,896.800,974.910
2025-02-22,2025 Southern Pacific Divisional,SA,D'John Keith,Wallace Wood,0.160,2.400,899.200,896.800
2025-02-22,2025 Southern Pacific Divisional,SA,D'John Keith,Paul Robinson,-2.135,-32.570,899.200,931.770
2025-02-22,2025 Southern Pacific Divisional,SA,D'John Keith,Joseph Hong,-4.069,-63.120,899.200,962.320
2025-02-22,2025 Southern Pacific Divisional,SA,D'John Keith,Brandon Ragsdale,-4.848,-75.710,899.200,974.910
2025-02-22,2025 Southern Pacific Divisional,SA,Paul Robinson,Wallace Wood,2.295,34.970,931.770,896.800
2025-02-22,2025 Southern Pacific Divisional,SA,Paul Robinson,D'John Keith,2.135,32.570,931.770,899.200
2025-02-22,2025 Southern Pacific Divisional,SA,Paul Robinson,Joseph Hong,-1.935,-30.550,931.770,962.320
2025-02-22,2025 Southern Pacific Divisional,SA,Paul Robinson,Brandon Ragsdale,-2.715,-43.140,931.770,974.910
2025-02-22,2025 Southern Pacific Divisional,SA,Joseph Hong,Wallace Wood,4.229,65.520,962.320,896.800
2025-02-22,2025 Southern Pacific Divisional,SA,Joseph Hong,D'John Keith,4.069,63.120,962.320,899.200
2025-02-22,2025 Southern Pacific Divisional,SA,Joseph Hong,Paul Robinson,1.935,30.550,962.320,931.770
2025-02-22,2025 Southern Pacific Divisional,SA,Joseph Hong,Brandon Ragsdale,-0.780,-12.590,962.320,974.910
2025-02-22,2025 Southern Pacific Divisional,SA,Brandon Ragsdale,Wallace Wood,5.008,78.110,974.910,896.800
2025-02-22,2025 Southern Pacific Divisional,SA,Brandon Ragsdale,D'John Keith,4.848,75.710,974.910,899.200
2025-02-22,2025 Southern Pacific Divisional,SA,Brandon Ragsdale,Paul Robinson,2.715,43.140,974.910,931.770
2025-02-22,2025 Southern Pacific Divisional,SA,Brandon Ragsdale,Joseph Hong,0.780,12.590,974.910,962.320
2025-02-22,2025 Southern Pacific Divisional,SF,Phillip Dozeman,Julian Gil,-2.026,-31.660,921.670,953.330
2025-02-22,2025 Southern Pacific Divisional,SF,Phillip Dozeman,Lynn Dozeman,-1.975,-30.850,921.670,952.520
2025-02-22,2025 Southern Pacific Divisional,SF,Phillip Dozeman,Jacob Sobotka,-1.746,-27.220,921.670,948.890
2025-02-22,2025 Southern Pacific Divisional,SF,Phillip Dozeman,Ezra Johnson,-2.823,-44.410,921.670,966.080
2025-02-22,2025 Southern Pacific Divisional,SF,Julian Gil,Phillip Dozeman,2.026,31.660,953.330,921.670
2025-02-22,2025 Southern Pacific Divisional,SF,Julian Gil,Jacob Sobotka,0.280,4.440,953.330,948.890
2025-02-22,2025 Southern Pacific Divisional,SF,Julian Gil,Ezra Johnson,-0.797,-12.750,953.330,966.080
2025-02-22,2025 Southern Pacific Divisional,SF,Lynn Dozeman,Phillip Dozeman,1.975,30.850,952.520,921.670
2025-02-22,2025 Southern Pacific Divisional,SF,Lynn Dozeman,Jacob Sobotka,0.229,3.630,952.520,948.890
2025-02-22,2025 Southern Pacific Divisional,SF,Lynn Dozeman,Ezra Johnson,-0.848,-13.560,952.520,966.080
2025-02-22,2025 Southern Pacific Divisional,SF,Jacob Sobotka,Phillip Dozeman,1.746,27.220,948.890,921.670
2025-02-22,2025 Southern Pacific Divisional,SF,Jacob Sobotka,Julian Gil,-0.280,-4.440,948.890,953.330
2025-02-22,2025 Southern Pacific Divisional,SF,Jacob Sobotka,Lynn Dozeman,-0.229,-3.630,948.890,952.520
2025-02-22,2025 Southern Pacific Divisional,SF,Jacob Sobotka,Ezra Johnson,-1.077,-17.190,948.890,966.080
2025-02-22,2025 Southern Pacific Divisional,SF,Ezra Johnson,Phillip Dozeman,2.823,44.410,966.080,921.670
2025-02-22,2025 Southern Pacific Divisional,SF,Ezra Johnson,Julian Gil,0.797,12.750,966.080,953.330
2025-02-22,2025 Southern Pacific Divisional,SF,Ezra Johnson,Lynn Dozeman,0.848,13.560,966.080,952.520
2025-02-22,2025 Southern Pacific Divisional,SF,Ezra Johnson,Jacob Sobotka,1.077,17.190,966.080,948.890
2025-02-22,2025 Southern Pacific Divisional,SR,Greg Whitworth,Justin McBee,-0.733,-11.750,956.390,968.140
2025-02-22,2025 Southern Pacific Divisional,SR,Greg Whitworth,Nicholas Verdone,-1.253,-20.180,956.390,976.570
2025-02-22,2025 Southern Pacific Divisional,SR,Greg Whitworth,Sam Whitworth,-1.945,-31.510,956.390,987.900
2025-02-22,2025 Southern Pacific Divisional,SR,Greg Whitworth,W.R. Sinosky,-3.802,-62.590,956.390,1018.980
2025-02-22,2025 Southern Pacific Divisional,SR,Greg Whitworth,Mark Pray,-4.794,-79.590,956.390,1035.980
2025-02-22,2025 Southern Pacific Divisional,SR,Greg Whitworth,Jennifer Lux,-7.762,-132.280,956.390,1088.670
2025-02-22,2025 Southern Pacific Divisional,SR,Justin McBee,Greg Whitworth,0.733,11.750,968.140,956.390
2025-02-22,2025 Southern Pacific Divisional,SR,Justin McBee,Mark Pray,-4.062,-67.840,968.140,1035.980
2025-02-22,2025 Southern Pacific Divisional,SR,Justin McBee,Jennifer Lux,-7.032,-120.530,968.140,1088.670
2025-02-22,2025 Southern Pacific Divisional,SR,Nicholas Verdone,Greg Whitworth,1.253,20.180,976.570,956.390
2025-02-22,2025 Southern Pacific Divisional,SR,Nicholas Verdone,Mark Pray,-3.542,-59.410,976.570,1035.980
2025-02-22,2025 Southern Pacific Divisional,SR,Nicholas Verdone,Jennifer Lux,-6.514,-112.100,976.570,1088.670
2025-02-22,2025 Southern Pacific Divisional,SR,Sam Whitworth,Greg Whitworth,1.945,31.510,987.900,956.390
2025-02-22,2025 Southern Pacific Divisional,SR,Sam Whitworth,Mark Pray,-2.851,-48.080,987.900,1035.980
2025-02-22,2025 Southern Pacific Divisional,SR,Sam Whitworth,Jennifer Lux,-5.823,-100.770,987.900,1088.670
2025-02-22,2025 Southern Pacific Divisional,SR,W.R. Sinosky,Greg Whitworth,3.802,62.590,1018.980,956.390
2025-02-22,2025 Southern Pacific Divisional,SR,W.R. Sinosky,Mark Pray,-0.993,-17.000,1018.980,1035.980
2025-02-22,2025 Southern Pacific Divisional,SR,W.R. Sinosky,Jennifer Lux,-3.968,-69.690,1018.980,1088.670
2025-02-22,2025 Southern Pacific Divisional,SR,Mark Pray,Greg Whitworth,4.794,79.590,1035.980,956.390
2025-02-22,2025 Southern Pacific Divisional,SR,Mark Pray,Justin McBee,4.062,67.840,1035.980,968.140
2025-02-22,2025 Southern Pacific Divisional,SR,Mark Pray,Nicholas Verdone,3.542,59.410,1035.980,976.570
2025-02-22,2025 Southern Pacific Divisional,SR,Mark Pray,Sam Whitworth,2.851,48.080,1035.980,987.900
2025-02-22,2025 Southern Pacific Divisional,SR,Mark Pray,W.R. Sinosky,0.993,17.000,1035.980,1018.980
2025-02-22,2025 Southern Pacific Divisional,SR,Mark Pray,Jennifer Lux,-2.976,-52.690,1035.980,1088.670
2025-02-22,2025 Southern Pacific Divisional,SR,Jennifer Lux,Greg Whitworth,7.762,132.280,1088.670,956.390
2025-02-22,2025 Southern Pacific Divisional,SR,Jennifer Lux,Justin McBee,7.032,120.530,1088.670,968.140
2025-02-22,2025 Southern Pacific Divisional,SR,Jennifer Lux,Nicholas Verdone,6.514,112.100,1088.670,976.570
2025-02-22,2025 Southern Pacific Divisional,SR,Jennifer Lux,Sam Whitworth,5.823,100.770,1088.670,987.900
2025-02-22,2025 Southern Pacific Divisional,SR,Jennifer Lux,W.R. Sinosky,3.968,69.690,1088.670,1018.980
2025-02-22,2025 Southern Pacific Divisional,SR,Jennifer Lux,Mark Pray,2.976,52.690,1088.670,1035.980
2025-08-31,2025 Great Lakes Divisional,US,Ed Trudeau,Stephen Parsons,-3.407,-48.342,827.071,875.413
2025-08-31,2025 Great Lakes Divisional,US,Ed Trudeau,Gary Rhodes,-3.785,-53.875,827.071,880.946
2025-08-31,2025 Great Lakes Divisional,US,Ed Trudeau,Pete Bates,-5.867,-85.029,827.071,912.100
2024-08-31,2024 Great Lakes Divisional,US,Ed Trudeau,Stephen Parsons,1.057,9.940,569.345,559.405
2024-08-31,2024 Great Lakes Divisional,US,Ed Trudeau,Wyatt Rhodes,-2.552,-24.738,569.345,594.083
2024-08-31,2024 Great Lakes Divisional,US,Ed Trudeau,Gary Rhodes,-5.385,-53.504,569.345,622.849
2024-08-31,2024 Great Lakes Divisional,US,Ed Trudeau,Kenneth Mcbee,-7.447,-75.336,569.345,644.681
2025-10-17,2025 National Championship,US,Ed Trudeau,Evan Williams,0.221,2.581,703.081,700.500
2025-10-17,2025 National Championship,US,Ed Trudeau,Timothy Luporini,-0.386,-4.543,703.081,707.624
2025-10-17,2025 National Championship,US,Ed Trudeau,Jonathan Coatney,-3.901,-47.248,703.081,750.329
2025-10-17,2025 National Championship,US,Ed Trudeau,Stephen Parsons,-6.691,-83.034,703.081,786.115
2024-10-18,2024 National Championships,US,Ed Trudeau,Andrew Suprenant,0.798,9.258,700.662,691.404
2024-10-18,2024 National Championships,US,Ed Trudeau,Stephen Parsons,-0.863,-10.146,700.662,710.808
2025-08-31,2025 Great Lakes Divisional,US,Stephen Parsons,Ed Trudeau,3.407,48.342,875.413,827.071
2025-08-31,2025 Great Lakes Divisional,US,Stephen Parsons,Gary Rhodes,-0.378,-5.533,875.413,880.946
2025-08-31,2025 Great Lakes Divisional,US,Stephen Parsons,Pete Bates,-2.463,-36.687,875.413,912.100
2024-08-31,2024 Great Lakes Divisional,US,Stephen Parsons,Ed Trudeau,-1.057,-9.940,559.405,569.345
2024-08-31,2024 Great Lakes Divisional,US,Stephen Parsons,Wyatt Rhodes,-3.608,-34.678,559.405,594.083
2024-08-31,2024 Great Lakes Divisional,US,Stephen Parsons,Gary Rhodes,-6.440,-63.444,559.405,622.849
2024-08-31,2024 Great Lakes Divisional,US,Stephen Parsons,Kenneth Mcbee,-8.499,-85.276,559.405,644.681
2025-10-17,2025 National Championship,US,Stephen Parsons,Evan Williams,6.911,85.615,786.115,700.500
2025-10-17,2025 National Championship,US,Stephen Parsons,Ed Trudeau,6.691,83.034,786.115,703.081
2025-10-17,2025 National Championship,US,Stephen Parsons,Timothy Luporini,6.306,78.491,786.115,707.624
2025-10-17,2025 National Championship,US,Stephen Parsons,Jonathan Coatney,2.795,35.786,786.115,750.329
2024-10-18,2024 National Championships,US,Stephen Parsons,Andrew Suprenant,1.661,19.404,710.808,691.404
2024-10-18,2024 National Championships,US,Stephen Parsons,Ed Trudeau,0.863,10.146,710.808,700.662
2025-08-31,2025 Great Lakes Divisional,US,Gary Rhodes,Ed Trudeau,3.785,53.875,880.946,827.071
2025-08-31,2025 Great Lakes Divisional,US,Gary Rhodes,Stephen Parsons,0.378,5.533,880.946,875.413
2025-08-31,2025 Great Lakes Divisional,US,Gary Rhodes,Pete Bates,-2.085,-31.154,880.946,912.100
2024-08-31,2024 Great Lakes Divisional,US,Gary Rhodes,Stephen Parsons,6.440,63.444,622.849,559.405
2024-08-31,2024 Great Lakes Divisional,US,Gary Rhodes,Ed Trudeau,5.385,53.504,622.849,569.345
2024-08-31,2024 Great Lakes Divisional,US,Gary Rhodes,Wyatt Rhodes,2.837,28.766,622.849,594.083
2024-08-31,2024 Great Lakes Divisional,US,Gary Rhodes,Kenneth Mcbee,-2.067,-21.832,622.849,644.681
2025-08-31,2025 Great Lakes Divisional,US,Pete Bates,Ed Trudeau,5.867,85.029,912.100,827.071
2025-08-31,2025 Great Lakes Divisional,US,Pete Bates,Stephen Parsons,2.463,36.687,912.100,875.413
2025-08-31,2025 Great Lakes Divisional,US,Pete Bates,Gary Rhodes,2.085,31.154,912.100,880.946
2025-08-31,2025 Great Lakes Divisional,MR,Nich Carpenter,Evan Arthur,-0.161,-2.511,932.171,934.682
2025-08-31,2025 Great Lakes Divisional,MR,Nich Carpenter,Colter Taylor,-13.689,-240.061,932.171,1172.232
2025-08-31,2025 Great Lakes Divisional,MR,Colter Taylor,Nich Carpenter,13.689,240.061,1172.232,932.171
2025-08-31,2025 Great Lakes Divisional,MR,Colter Taylor,Evan Arthur,13.530,237.550,1172.232,934.682
2025-08-31,2025 Great Lakes Divisional,MF,Zbigniew Lorenc,Andy Thomas,-0.667,-9.417,842.887,852.304
2025-08-31,2025 Great Lakes Divisional,MF,Zbigniew Lorenc,Mike Chilcote,-1.896,-27.056,842.887,869.943
2025-08-31,2025 Great Lakes Divisional,MF,Zbigniew Lorenc,Shawna Bowman,-1.979,-28.261,842.887,871.148
2025-08-31,2025 Great Lakes Divisional,MF,Zbigniew Lorenc,David Chilcote,-4.944,-72.437,842.887,915.324
2025-08-31,2025 Great Lakes Divisional,MF,Zbigniew Lorenc,Valerie Hansen,-5.945,-87.870,842.887,930.757
2024-08-31,2024 Great Lakes Divisional,MF,Zbigniew Lorenc,Andy Thomas,-1.685,-15.642,549.292,564.934
2024-08-31,2024 Great Lakes Divisional,MF,Zbigniew Lorenc,Ian Glen,-6.560,-63.527,549.292,612.819
2024-08-31,2024 Great Lakes Divisional,MF,Zbigniew Lorenc,Valerie Hansen,-18.372,-198.605,549.292,747.897
2025-10-17,2025 National Championship,MF,Zbigniew Lorenc,Andy Thomas,22.944,313.093,975.307,662.214
2025-10-17,2025 National Championship,MF,Zbigniew Lorenc,Jarrod Barlow,19.826,276.578,975.307,698.729
2025-10-17,2025 National Championship,MF,Zbigniew Lorenc,Colin Kilby,18.722,263.251,975.307,712.056
2025-10-17,2025 National Championship,MF,Zbigniew Lorenc,Justin Harris,18.527,260.875,975.307,714.432
2025-10-17,2025 National Championship,MF,Zbigniew Lorenc,Brian Peel,18.087,255.491,975.307,719.816
2025-10-17,2025 National Championship,MF,Zbigniew Lorenc,Donald Carl,16.455,235.226,975.307,740.081
2025-10-17,2025 National Championship,MF,Zbigniew Lorenc,John Schellenberg,16.034,229.917,975.307,745.390
2025-10-17,2025 National Championship,MF,Zbigniew Lorenc,Logan Dehne,15.564,223.953,975.307,751.354
2025-10-17,2025 National Championship,MF,Zbigniew Lorenc,Charles Carl,13.637,199.046,975.307,776.261
2025-10-17,2025 National Championship,MF,Zbigniew Lorenc,Quinn Harris,12.015,177.525,975.307,797.782
2025-10-17,2025 National Championship,MF,Zbigniew Lorenc,William Dehne,11.637,172.433,975.307,802.874
2025-10-17,2025 National Championship,MF,Zbigniew Lorenc,Karissa Peel,9.245,139.526,975.307,835.781
2025-10-17,2025 National Championship,MF,Zbigniew Lorenc,Nelson Santos,1.420,22.818,975.307,952.489
2025-10-17,2025 National Championship,MF,Zbigniew Lorenc,James Dale,1.276,20.527,975.307,954.780
2023-10-06,2023 National Championship,MF,Zbigniew Lorenc,Blanton Payne,-0.903,-9.461,623.582,633.043
2023-10-06,2023 National Championship,MF,Zbigniew Lorenc,Jarrod Barlow,-2.061,-21.790,623.582,645.372
2023-10-06,2023 National Championship,MF,Zbigniew Lorenc,Donald Carl,-2.074,-21.937,623.582,645.519
2023-10-06,2023 National Championship,MF,Zbigniew Lorenc,Kevin Murphy,-2.718,-28.907,623.582,652.489
2023-10-06,2023 National Championship,MF,Zbigniew Lorenc,Brian Peel,-4.273,-46.053,623.582,669.635
2023-10-06,2023 National Championship,MF,Zbigniew Lorenc,Sean Grubb,-4.289,-46.231,623.582,669.813
2023-10-06,2023 National Championship,MF,Zbigniew Lorenc,Josh Karczewski,-4.692,-50.750,623.582,674.332
2023-10-06,2023 National Championship,MF,Zbigniew Lorenc,Bret Hunter,-8.052,-89.703,623.582,713.285
2024-10-18,2024 National Championships,MF,Zbigniew Lorenc,Andy Thomas,0.140,1.599,685.576,683.977
2024-10-18,2024 National Championships,MF,Zbigniew Lorenc,Blanton Payne,-0.209,-2.395,685.576,687.971
2024-10-18,2024 National Championships,MF,Zbigniew Lorenc,Jarrod Barlow,-1.333,-15.401,685.576,700.977
2024-10-18,2024 National Championships,MF,Zbigniew Lorenc,Colin Kilby,-1.759,-20.392,685.576,705.968
2024-10-18,2024 National Championships,MF,Zbigniew Lorenc,Justin Harris,-2.091,-24.319,685.576,709.895
2024-10-18,2024 National Championships,MF,Zbigniew Lorenc,Brian Peel,-2.150,-25.018,685.576,710.594
2024-10-18,2024 National Championships,MF,Zbigniew Lorenc,Bret Hunter,-2.365,-27.568,685.576,713.144
2024-10-18,2024 National Championships,MF,Zbigniew Lorenc,Jim Rowland,-2.443,-28.500,685.576,714.076
2024-10-18,2024 National Championships,MF,Zbigniew Lorenc,John Schellenberg,-3.769,-44.464,685.576,730.040
2024-10-18,2024 National Championships,MF,Zbigniew Lorenc,Logan Dehne,-3.786,-44.672,685.576,730.248
2024-10-18,2024 National Championships,MF,Zbigniew Lorenc,William Dehne,-5.193,-62.023,685.576,747.599
2024-10-18,2024 National Championships,MF,Zbigniew Lorenc,Jerry Ashmore,-5.689,-68.243,685.576,753.819
2024-10-18,2024 National Championships,MF,Zbigniew Lorenc,Josh Karczewski,-6.216,-74.900,685.576,760.476
2024-10-18,2024 National Championships,MF,Zbigniew Lorenc,Pete Bates,-8.746,-107.790,685.576,793.366
2024-10-18,2024 National Championships,MF,Zbigniew Lorenc,Alan Hoppe Jr,-12.537,-159.964,685.576,845.540
2024-10-18,2024 National Championships,MF,Zbigniew Lorenc,Alan Hoppe,-12.896,-165.101,685.576,850.677
2025-08-31,2025 Great Lakes Divisional,MF,Mike Chilcote,Zbigniew Lorenc,1.896,27.056,869.943,842.887
2025-08-31,2025 Great Lakes Divisional,MF,Mike Chilcote,Andy Thomas,1.229,17.639,869.943,852.304
2025-08-31,2025 Great Lakes Divisional,MF,Mike Chilcote,Shawna Bowman,-0.083,-1.205,869.943,871.148
2025-08-31,2025 Great Lakes Divisional,MF,Mike Chilcote,David Chilcote,-3.050,-45.381,869.943,915.324
2025-08-31,2025 Great Lakes Divisional,MF,Mike Chilcote,Valerie Hansen,-4.053,-60.814,869.943,930.757
2025-08-31,2025 Great Lakes Divisional,MF,Shawna Bowman,Zbigniew Lorenc,1.979,28.261,871.148,842.887
2025-08-31,2025 Great Lakes Divisional,MF,Shawna Bowman,Andy Thomas,1.312,18.844,871.148,852.304
2025-08-31,2025 Great Lakes Divisional,MF,Shawna Bowman,Mike Chilcote,0.083,1.205,871.148,869.943
2025-08-31,2025 Great Lakes Divisional,MF,Shawna Bowman,David Chilcote,-2.967,-44.176,871.148,915.324
2025-08-31,2025 Great Lakes Divisional,MF,Shawna Bowman,Valerie Hansen,-3.970,-59.609,871.148,930.757
2025-08-31,2025 Great Lakes Divisional,MF,David Chilcote,Zbigniew Lorenc,4.944,72.437,915.324,842.887
2025-08-31,2025 Great Lakes Divisional,MF,David Chilcote,Andy Thomas,4.278,63.020,915.324,852.304
2025-08-31,2025 Great Lakes Divisional,MF,David Chilcote,Mike Chilcote,3.050,45.381,915.324,869.943
2025-08-31,2025 Great Lakes Divisional,MF,David Chilcote,Shawna Bowman,2.967,44.176,915.324,871.148
2025-08-31,2025 Great Lakes Divisional,MF,David Chilcote,Valerie Hansen,-1.003,-15.433,915.324,930.757
2025-08-31,2025 Great Lakes Divisional,MF,Valerie Hansen,Zbigniew Lorenc,5.945,87.870,930.757,842.887
2025-08-31,2025 Great Lakes Divisional,MF,Valerie Hansen,Andy Thomas,5.280,78.453,930.757,852.304
2025-08-31,2025 Great Lakes Divisional,MF,Valerie Hansen,Mike Chilcote,4.053,60.814,930.757,869.943
2025-08-31,2025 Great Lakes Divisional,MF,Valerie Hansen,Shawna Bowman,3.970,59.609,930.757,871.148
2025-08-31,2025 Great Lakes Divisional,MF,Valerie Hansen,David Chilcote,1.003,15.433,930.757,915.324
2024-08-31,2024 Great Lakes Divisional,MF,Valerie Hansen,Zbigniew Lorenc,18.372,198.605,747.897,549.292
2024-08-31,2024 Great Lakes Divisional,MF,Valerie Hansen,Andy Thomas,16.724,182.963,747.897,564.934
2024-08-31,2024 Great Lakes Divisional,MF,Valerie Hansen,Ian Glen,11.912,135.078,747.897,612.819
2025-08-31,2025 Great Lakes Divisional,MA,Michael Harbeson,Todd Briley,4.789,67.893,884.512,816.619
2025-08-31,2025 Great Lakes Divisional,MA,Michael Harbeson,Jason Fuller,2.777,40.018,884.512,844.494
2025-08-31,2025 Great Lakes Divisional,MA,Michael Harbeson,Connor Ryan,-0.714,-10.590,884.512,895.102
2025-08-31,2025 Great Lakes Divisional,MA,Michael Harbeson,Eric Collet,-2.713,-40.925,884.512,925.437
2025-08-31,2025 Great Lakes Divisional,MA,Michael Harbeson,Jamie Lyvers,-3.577,-54.345,884.512,938.857
2025-08-31,2025 Great Lakes Divisional,MA,Michael Harbeson,Greggory Rome,-5.909,-91.619,884.512,976.131
2025-08-31,2025 Great Lakes Divisional,MA,Michael Harbeson,Richard Ross,-9.273,-148.154,884.512,1032.666
2025-08-31,2025 Great Lakes Divisional,MA,Michael Harbeson,Randy Tackett,-9.969,-160.280,884.512,1044.792
2025-08-31,2025 Great Lakes Divisional,MA,Michael Harbeson,Tami Tackett,-11.620,-189.660,884.512,1074.172
2025-08-31,2025 Great Lakes Divisional,MA,Connor Ryan,Todd Briley,5.502,78.483,895.102,816.619
2025-08-31,2025 Great Lakes Divisional,MA,Connor Ryan,Jason Fuller,3.491,50.608,895.102,844.494
2025-08-31,2025 Great Lakes Divisional,MA,Connor Ryan,Michael Harbeson,0.714,10.590,895.102,884.512
2025-08-31,2025 Great Lakes Divisional,MA,Connor Ryan,Eric Collet,-2.000,-30.335,895.102,925.437
2025-08-31,2025 Great Lakes Divisional,MA,Connor Ryan,Jamie Lyvers,-2.863,-43.755,895.102,938.857
2025-08-31,2025 Great Lakes Divisional,MA,Connor Ryan,Greggory Rome,-5.196,-81.029,895.102,976.131
2025-08-31,2025 Great Lakes Divisional,MA,Connor Ryan,Richard Ross,-8.563,-137.564,895.102,1032.666
2025-08-31,2025 Great Lakes Divisional,MA,Connor Ryan,Randy Tackett,-9.260,-149.690,895.102,1044.792
2025-08-31,2025 Great Lakes Divisional,MA,Connor Ryan,Tami Tackett,-10.912,-179.070,895.102,1074.172
2024-08-31,2024 Great Lakes Divisional,MA,Connor Ryan,Michael Julian,0.619,5.915,576.217,570.302
2024-08-31,2024 Great Lakes Divisional,MA,Connor Ryan,Tami Tackett,-5.450,-54.830,576.217,631.047
2025-08-31,2025 Great Lakes Divisional,MA,Eric Collet,Todd Briley,7.496,108.818,925.437,816.619
2025-08-31,2025 Great Lakes Divisional,MA,Eric Collet,Jason Fuller,5.488,80.943,925.437,844.494
2025-08-31,2025 Great Lakes Divisional,MA,Eric Collet,Michael Harbeson,2.713,40.925,925.437,884.512
2025-08-31,2025 Great Lakes Divisional,MA,Eric Collet,Connor Ryan,2.000,30.335,925.437,895.102
2025-08-31,2025 Great Lakes Divisional,MA,Eric Collet,Jamie Lyvers,-0.864,-13.420,925.437,938.857
2025-08-31,2025 Great Lakes Divisional,MA,Eric Collet,Greggory Rome,-3.199,-50.694,925.437,976.131
2025-08-31,2025 Great Lakes Divisional,MA,Eric Collet,Richard Ross,-6.571,-107.229,925.437,1032.666
2025-08-31,2025 Great Lakes Divisional,MA,Eric Collet,Randy Tackett,-7.270,-119.355,925.437,1044.792
2025-08-31,2025 Great Lakes Divisional,MA,Eric Collet,Tami Tackett,-8.926,-148.735,925.437,1074.172
2025-08-31,2025 Great Lakes Divisional,MA,Jamie Lyvers,Todd Briley,8.356,122.238,938.857,816.619
2025-08-31,2025 Great Lakes Divisional,MA,Jamie Lyvers,Jason Fuller,6.350,94.363,938.857,844.494
2025-08-31,2025 Great Lakes Divisional,MA,Jamie Lyvers,Michael Harbeson,3.577,54.345,938.857,884.512
2025-08-31,2025 Great Lakes Divisional,MA,Jamie Lyvers,Connor Ryan,2.863,43.755,938.857,895.102
2025-08-31,2025 Great Lakes Divisional,MA,Jamie Lyvers,Eric Collet,0.864,13.420,938.857,925.437
2025-08-31,2025 Great Lakes Divisional,MA,Jamie Lyvers,Greggory Rome,-2.336,-37.274,938.857,976.131
2025-08-31,2025 Great Lakes Divisional,MA,Jamie Lyvers,Richard Ross,-5.710,-93.809,938.857,1032.666
2025-08-31,2025 Great Lakes Divisional,MA,Jamie Lyvers,Randy Tackett,-6.408,-105.935,938.857,1044.792
2025-08-31,2025 Great Lakes Divisional,MA,Jamie Lyvers,Tami Tackett,-8.066,-135.315,938.857,1074.172
2025-08-31,2025 Great Lakes Divisional,MA,Greggory Rome,Todd Briley,10.677,159.512,976.131,816.619
2025-08-31,2025 Great Lakes Divisional,MA,Greggory Rome,Jason Fuller,8.676,131.637,976.131,844.494
2025-08-31,2025 Great Lakes Divisional,MA,Greggory Rome,Michael Harbeson,5.909,91.619,976.131,884.512
2025-08-31,2025 Great Lakes Divisional,MA,Greggory Rome,Connor Ryan,5.196,81.029,976.131,895.102
2025-08-31,2025 Great Lakes Divisional,MA,Greggory Rome,Eric Collet,3.199,50.694,976.131,925.437
2025-08-31,2025 Great Lakes Divisional,MA,Greggory Rome,Jamie Lyvers,2.336,37.274,976.131,938.857
2025-08-31,2025 Great Lakes Divisional,MA,Greggory Rome,Richard Ross,-3.377,-56.535,976.131,1032.666
2025-08-31,2025 Great Lakes Divisional,MA,Greggory Rome,Randy Tackett,-4.077,-68.661,976.131,1044.792
2025-08-31,2025 Great Lakes Divisional,MA,Greggory Rome,Tami Tackett,-5.738,-98.041,976.131,1074.172
2025-08-31,2025 Great Lakes Divisional,MA,Richard Ross,Todd Briley,14.019,216.047,1032.666,816.619
2025-08-31,2025 Great Lakes Divisional,MA,Richard Ross,Jason Fuller,12.029,188.172,1032.666,844.494
2025-08-31,2025 Great Lakes Divisional,MA,Richard Ross,Michael Harbeson,9.273,148.154,1032.666,884.512
2025-08-31,2025 Great Lakes Divisional,MA,Richard Ross,Connor Ryan,8.563,137.564,1032.666,895.102
2025-08-31,2025 Great Lakes Divisional,MA,Richard Ross,Eric Collet,6.571,107.229,1032.666,925.437
2025-08-31,2025 Great Lakes Divisional,MA,Richard Ross,Jamie Lyvers,5.710,93.809,1032.666,938.857
2025-08-31,2025 Great Lakes Divisional,MA,Richard Ross,Greggory Rome,3.377,56.535,1032.666,976.131
2025-08-31,2025 Great Lakes Divisional,MA,Richard Ross,Randy Tackett,-0.700,-12.126,1032.666,1044.792
2025-08-31,2025 Great Lakes Divisional,MA,Richard Ross,Tami Tackett,-2.364,-41.506,1032.666,1074.172
2025-08-31,2025 Great Lakes Divisional,MA,Randy Tackett,Todd Briley,14.710,228.173,1044.792,816.619
2025-08-31,2025 Great Lakes Divisional,MA,Randy Tackett,Jason Fuller,12.722,200.298,1044.792,844.494
2025-08-31,2025 Great Lakes Divisional,MA,Randy Tackett,Michael Harbeson,9.969,160.280,1044.792,884.512
2025-08-31,2025 Great Lakes Divisional,MA,Randy Tackett,Connor Ryan,9.260,149.690,1044.792,895.102
2025-08-31,2025 Great Lakes Divisional,MA,Randy Tackett,Eric Collet,7.270,119.355,1044.792,925.437
2025-08-31,2025 Great Lakes Divisional,MA,Randy Tackett,Jamie Lyvers,6.408,105.935,1044.792,938.857
2025-08-31,2025 Great Lakes Divisional,MA,Randy Tackett,Greggory Rome,4.077,68.661,1044.792,976.131
2025-08-31,2025 Great Lakes Divisional,MA,Randy Tackett,Richard Ross,0.700,12.126,1044.792,1032.666
2025-08-31,2025 Great Lakes Divisional,MA,Randy Tackett,Tami Tackett,-1.664,-29.380,1044.792,1074.172
2025-08-31,2025 Great Lakes Divisional,MA,Tami Tackett,Todd Briley,16.346,257.553,1074.172,816.619
2025-08-31,2025 Great Lakes Divisional,MA,Tami Tackett,Jason Fuller,14.365,229.678,1074.172,844.494
2025-08-31,2025 Great Lakes Divisional,MA,Tami Tackett,Michael Harbeson,11.620,189.660,1074.172,884.512
2025-08-31,2025 Great Lakes Divisional,MA,Tami Tackett,Connor Ryan,10.912,179.070,1074.172,895.102
2025-08-31,2025 Great Lakes Divisional,MA,Tami Tackett,Eric Collet,8.926,148.735,1074.172,925.437
2025-08-31,2025 Great Lakes Divisional,MA,Tami Tackett,Jamie Lyvers,8.066,135.315,1074.172,938.857
2025-08-31,2025 Great Lakes Divisional,MA,Tami Tackett,Greggory Rome,5.738,98.041,1074.172,976.131
2025-08-31,2025 Great Lakes Divisional,MA,Tami Tackett,Richard Ross,2.364,41.506,1074.172,1032.666
2025-08-31,2025 Great Lakes Divisional,MA,Tami Tackett,Randy Tackett,1.664,29.380,1074.172,1044.792
2024-08-31,2024 Great Lakes Divisional,MA,Tami Tackett,Michael Julian,6.068,60.745,631.047,570.302
2024-08-31,2024 Great Lakes Divisional,MA,Tami Tackett,Connor Ryan,5.450,54.830,631.047,576.217
2025-08-31,2025 Great Lakes Divisional,PR,Pete Remner,Shawn Roberts,2.824,42.873,932.365,889.492
2025-08-31,2025 Great Lakes Divisional,PR,Pete Remner,Katie Orgler,-1.364,-21.444,932.365,953.809
2024-08-31,2024 Great Lakes Divisional,PR,Pete Remner,Shawn Roberts,4.041,39.998,613.902,573.904
2024-08-31,2024 Great Lakes Divisional,PR,Pete Remner,Katie Orgler,1.279,12.952,613.902,600.950
2024-10-18,2024 National Championships,PR,Pete Remner,Shawn Roberts,5.440,65.441,754.541,689.100
2024-10-18,2024 National Championships,PR,Pete Remner,Niles Davis,4.327,52.526,754.541,702.015
2024-10-18,2024 National Championships,PR,Pete Remner,Joshua Mefford,2.785,34.229,754.541,720.312
2024-10-18,2024 National Championships,PR,Pete Remner,Gonzalo San Miguel,2.155,26.623,754.541,727.918
2024-10-18,2024 National Championships,PR,Pete Remner,Jeremiah Hemphill,2.063,25.511,754.541,729.030
2024-10-18,2024 National Championships,PR,Pete Remner,Jason Lee,1.158,14.419,754.541,740.122
2024-10-18,2024 National Championships,PR,Pete Remner,Katie Orgler,0.325,4.077,754.541,750.464
2024-10-18,2024 National Championships,PR,Pete Remner,Casey Tolbert,-0.696,-8.799,754.541,763.340
2024-10-18,2024 National Championships,PR,Pete Remner,Rudy Bowen,-1.433,-18.234,754.541,772.775
2024-10-18,2024 National Championships,PR,Pete Remner,William Watson,-2.091,-26.759,754.541,781.300
2024-10-18,2024 National Championships,PR,Pete Remner,Chris Johnson,-3.285,-42.477,754.541,797.018
2024-10-18,2024 National Championships,PR,Pete Remner,Ben Guiraldes,-3.441,-44.546,754.541,799.087
2024-10-18,2024 National Championships,PR,Pete Remner,Chris Raglin,-5.834,-77.115,754.541,831.656
2024-10-18,2024 National Championships,PR,Pete Remner,Karissa Peel,-10.186,-139.976,754.541,894.517
2024-08-31,2024 Great Lakes Divisional,SR,Michael Golden,Greggory Rome,-6.557,-68.356,591.275,659.631
2024-08-31,2024 Great Lakes Divisional,SR,Michael Golden,Don Perlick,-8.990,-95.771,591.275,687.046
2025-10-17,2025 National Championship,SR,Michael Golden,Logan Altmyer,-0.379,-5.129,810.326,815.455
2025-10-17,2025 National Championship,SR,Michael Golden,Jason Stewart,-1.230,-16.777,810.326,827.103
2025-10-17,2025 National Championship,SR,Michael Golden,Andrew Benagh,-8.978,-131.057,810.326,941.383
2025-10-17,2025 National Championship,SR,Michael Golden,Ceili McClarney,-9.384,-137.488,810.326,947.814
2025-10-17,2025 National Championship,SR,Michael Golden,Jasmine McClarney,-9.408,-137.875,810.326,948.201
2025-10-17,2025 National Championship,SR,Michael Golden,Jason Lee,-9.642,-141.595,810.326,951.921
2025-10-17,2025 National Championship,SR,Michael Golden,Josh Armantrout,-9.687,-142.309,810.326,952.635
2024-10-18,2024 National Championships,SR,Michael Golden,Logan Altmyer,0.372,4.478,724.297,719.819
2024-10-18,2024 National Championships,SR,Michael Golden,Josh Armantrout,0.003,0.041,724.297,724.256
2024-10-18,2024 National Championships,SR,Michael Golden,Adam Raymer,-0.407,-4.928,724.297,729.225
2024-10-18,2024 National Championships,SR,Michael Golden,Jason Stewart,-0.736,-8.945,724.297,733.242
2024-10-18,2024 National Championships,SR,Michael Golden,James Green,-1.039,-12.658,724.297,736.955
2024-10-18,2024 National Championships,SR,Michael Golden,Jared Phillippe,-1.328,-16.205,724.297,740.502
2024-10-18,2024 National Championships,SR,Michael Golden,Trevor Phillippe,-1.351,-16.491,724.297,740.788
2024-10-18,2024 National Championships,SR,Michael Golden,Ceili Mcclarney,-7.521,-96.860,724.297,821.157
2024-10-18,2024 National Championships,SR,Michael Golden,Jasmine McClarney,-7.741,-99.895,724.297,824.192
2024-10-18,2024 National Championships,SR,Michael Golden,Keith Lightfoot,-9.426,-123.484,724.297,847.781
2025-08-31,2025 Great Lakes Divisional,SA,Trevor Mertz,Timothy Thompson,1.883,27.348,884.914,857.566
2025-08-31,2025 Great Lakes Divisional,SA,Trevor Mertz,Jesse Thompson,-0.764,-11.343,884.914,896.257
2025-08-31,2025 Great Lakes Divisional,SA,Trevor Mertz,George Nelson,-2.154,-32.355,884.914,917.269
2025-08-31,2025 Great Lakes Divisional,SA,Trevor Mertz,Natalie Mertz,-6.693,-104.544,884.914,989.458
2024-08-31,2024 Great Lakes Divisional,SA,Trevor Mertz,Timothy Thompson,3.032,34.089,691.668,657.579
2024-08-31,2024 Great Lakes Divisional,SA,Trevor Mertz,Jesse Thompson,-0.223,-2.577,691.668,694.245
2024-08-31,2024 Great Lakes Divisional,SA,Trevor Mertz,Ronald Pokrandt,-7.884,-97.275,691.668,788.943
2025-08-31,2025 Great Lakes Divisional,SA,Jesse Thompson,Timothy Thompson,2.647,38.691,896.257,857.566
2025-08-31,2025 Great Lakes Divisional,SA,Jesse Thompson,Trevor Mertz,0.764,11.343,896.257,884.914
2025-08-31,2025 Great Lakes Divisional,SA,Jesse Thompson,George Nelson,-1.390,-21.012,896.257,917.269
2025-08-31,2025 Great Lakes Divisional,SA,Jesse Thompson,Natalie Mertz,-5.931,-93.201,896.257,989.458
2024-08-31,2024 Great Lakes Divisional,SA,Jesse Thompson,Timothy Thompson,3.255,36.666,694.245,657.579
2024-08-31,2024 Great Lakes Divisional,SA,Jesse Thompson,Trevor Mertz,0.223,2.577,694.245,691.668
2024-08-31,2024 Great Lakes Divisional,SA,Jesse Thompson,Ronald Pokrandt,-7.662,-94.698,694.245,788.943
2025-10-17,2025 National Championship,SA,Jesse Thompson,Timothy Thompson,7.382,94.189,812.673,718.484
2025-10-17,2025 National Championship,SA,Jesse Thompson,Robert Seelig,6.034,77.814,812.673,734.859
2025-10-17,2025 National Championship,SA,Jesse Thompson,Charles Wright,5.679,73.442,812.673,739.231
2025-10-17,2025 National Championship,SA,Jesse Thompson,Jan Gerber,5.238,67.974,812.673,744.699
2025-10-17,2025 National Championship,SA,Jesse Thompson,Shelton Wright,1.997,26.601,812.673,786.072
2025-10-17,2025 National Championship,SA,Jesse Thompson,Steve Ducharme,-2.709,-37.533,812.673,850.206
2025-07-05,2025 Midwest Divisional,SA,Jesse Thompson,Timothy Thompson,6.522,95.989,930.998,835.009
2025-07-05,2025 Midwest Divisional,SA,Jesse Thompson,Robert Seelig,4.231,63.413,930.998,867.585
2025-08-31,2025 Great Lakes Divisional,SA,George Nelson,Timothy Thompson,4.037,59.703,917.269,857.566
2025-08-31,2025 Great Lakes Divisional,SA,George Nelson,Trevor Mertz,2.154,32.355,917.269,884.914
2025-08-31,2025 Great Lakes Divisional,SA,George Nelson,Jesse Thompson,1.390,21.012,917.269,896.257
2025-08-31,2025 Great Lakes Divisional,SA,George Nelson,Natalie Mertz,-4.543,-72.189,917.269,989.458
2025-08-31,2025 Great Lakes Divisional,SA,Natalie Mertz,Timothy Thompson,8.569,131.892,989.458,857.566
2025-08-31,2025 Great Lakes Divisional,SA,Natalie Mertz,Trevor Mertz,6.693,104.544,989.458,884.914
2025-08-31,2025 Great Lakes Divisional,SA,Natalie Mertz,Jesse Thompson,5.931,93.201,989.458,896.257
2025-08-31,2025 Great Lakes Divisional,SA,Natalie Mertz,George Nelson,4.543,72.189,989.458,917.269
2024-08-31,2024 Great Lakes Divisional,SR,Greggory Rome,Michael Golden,6.557,68.356,659.631,591.275
2024-08-31,2024 Great Lakes Divisional,SR,Greggory Rome,Don Perlick,-2.443,-27.415,659.631,687.046
2024-08-31,2024 Great Lakes Divisional,SA,Ronald Pokrandt,Timothy Thompson,10.898,131.364,788.943,657.579
2024-08-31,2024 Great Lakes Divisional,SA,Ronald Pokrandt,Trevor Mertz,7.884,97.275,788.943,691.668
2024-08-31,2024 Great Lakes Divisional,SA,Ronald Pokrandt,Jesse Thompson,7.662,94.698,788.943,694.245
2024-08-31,2024 Great Lakes Divisional,PA,Colin Sheidler,Alan Sheidler,-0.956,-10.617,661.104,671.721
2024-08-31,2024 Great Lakes Divisional,PA,Alan Sheidler,Colin Sheidler,0.956,10.617,671.721,661.104
2024-08-31,2024 Great Lakes Divisional,MF,Ian Glen,Zbigniew Lorenc,6.560,63.527,612.819,549.292
2024-08-31,2024 Great Lakes Divisional,MF,Ian Glen,Andy Thomas,4.879,47.885,612.819,564.934
2024-08-31,2024 Great Lakes Divisional,MF,Ian Glen,Valerie Hansen,-11.912,-135.078,612.819,747.897
2024-08-31,2024 Great Lakes Divisional,MR,Brian Glen,Jeff Glen,-1.006,-10.818,639.527,650.345
2024-08-31,2024 Great Lakes Divisional,MR,Brian Glen,Joshua Hickey,-1.256,-13.528,639.527,653.055
2024-08-31,2024 Great Lakes Divisional,MR,Brian Glen,Robert Tandy,-2.143,-23.261,639.527,662.788
2024-08-31,2024 Great Lakes Divisional,MR,Brian Glen,Evan Arthur,-4.184,-46.209,639.527,685.736
2024-08-31,2024 Great Lakes Divisional,MR,Brian Glen,Tyler Powers,-4.647,-51.527,639.527,691.054
2024-08-31,2024 Great Lakes Divisional,MR,Brian Glen,Brock Yoder,-9.193,-106.111,639.527,745.638
2024-08-31,2024 Great Lakes Divisional,MR,Jeff Glen,Brian Glen,1.006,10.818,650.345,639.527
2024-08-31,2024 Great Lakes Divisional,MR,Jeff Glen,Joshua Hickey,-0.250,-2.710,650.345,653.055
2024-08-31,2024 Great Lakes Divisional,MR,Jeff Glen,Robert Tandy,-1.137,-12.443,650.345,662.788
2024-08-31,2024 Great Lakes Divisional,MR,Jeff Glen,Evan Arthur,-3.179,-35.391,650.345,685.736
2024-08-31,2024 Great Lakes Divisional,MR,Jeff Glen,Tyler Powers,-3.642,-40.709,650.345,691.054
2024-08-31,2024 Great Lakes Divisional,MR,Jeff Glen,Brock Yoder,-8.191,-95.293,650.345,745.638
2024-08-31,2024 Great Lakes Divisional,MR,Joshua Hickey,Brian Glen,1.256,13.528,653.055,639.527
2024-08-31,2024 Great Lakes Divisional,MR,Joshua Hickey,Jeff Glen,0.250,2.710,653.055,650.345
2024-08-31,2024 Great Lakes Divisional,MR,Joshua Hickey,Robert Tandy,-0.888,-9.733,653.055,662.788
2024-08-31,2024 Great Lakes Divisional,MR,Joshua Hickey,Evan Arthur,-2.929,-32.681,653.055,685.736
2024-08-31,2024 Great Lakes Divisional,MR,Joshua Hickey,Tyler Powers,-3.392,-37.999,653.055,691.054
2024-08-31,2024 Great Lakes Divisional,MR,Joshua Hickey,Brock Yoder,-7.943,-92.583,653.055,745.638
2024-08-31,2024 Great Lakes Divisional,MR,Robert Tandy,Brian Glen,2.143,23.261,662.788,639.527
2024-08-31,2024 Great Lakes Divisional,MR,Robert Tandy,Jeff Glen,1.137,12.443,662.788,650.345
2024-08-31,2024 Great Lakes Divisional,MR,Robert Tandy,Joshua Hickey,0.888,9.733,662.788,653.055
2024-08-31,2024 Great Lakes Divisional,MR,Robert Tandy,Evan Arthur,-2.042,-22.948,662.788,685.736
2024-08-31,2024 Great Lakes Divisional,MR,Robert Tandy,Tyler Powers,-2.505,-28.266,662.788,691.054
2024-08-31,2024 Great Lakes Divisional,MR,Robert Tandy,Brock Yoder,-7.059,-82.850,662.788,745.638
2024-08-31,2024 Great Lakes Divisional,MR,Tyler Powers,Brian Glen,4.647,51.527,691.054,639.527
2024-08-31,2024 Great Lakes Divisional,MR,Tyler Powers,Jeff Glen,3.642,40.709,691.054,650.345
2024-08-31,2024 Great Lakes Divisional,MR,Tyler Powers,Joshua Hickey,3.392,37.999,691.054,653.055
2024-08-31,2024 Great Lakes Divisional,MR,Tyler Powers,Robert Tandy,2.505,28.266,691.054,662.788
2024-08-31,2024 Great Lakes Divisional,MR,Tyler Powers,Evan Arthur,0.464,5.318,691.054,685.736
2024-08-31,2024 Great Lakes Divisional,MR,Tyler Powers,Brock Yoder,-4.559,-54.584,691.054,745.638
2024-08-31,2024 Great Lakes Divisional,MR,Brock Yoder,Brian Glen,9.193,106.111,745.638,639.527
2024-08-31,2024 Great Lakes Divisional,MR,Brock Yoder,Jeff Glen,8.191,95.293,745.638,650.345
2024-08-31,2024 Great Lakes Divisional,MR,Brock Yoder,Joshua Hickey,7.943,92.583,745.638,653.055
2024-08-31,2024 Great Lakes Divisional,MR,Brock Yoder,Robert Tandy,7.059,82.850,745.638,662.788
2024-08-31,2024 Great Lakes Divisional,MR,Brock Yoder,Evan Arthur,5.022,59.902,745.638,685.736
2024-08-31,2024 Great Lakes Divisional,MR,Brock Yoder,Tyler Powers,4.559,54.584,745.638,691.054
2024-08-31,2024 Great Lakes Divisional,US,Wyatt Rhodes,Stephen Parsons,3.608,34.678,594.083,559.405
2024-08-31,2024 Great Lakes Divisional,US,Wyatt Rhodes,Ed Trudeau,2.552,24.738,594.083,569.345
2024-08-31,2024 Great Lakes Divisional,US,Wyatt Rhodes,Gary Rhodes,-2.837,-28.766,594.083,622.849
2024-08-31,2024 Great Lakes Divisional,US,Wyatt Rhodes,Kenneth Mcbee,-4.901,-50.598,594.083,644.681
2024-08-31,2024 Great Lakes Divisional,US,Kenneth Mcbee,Stephen Parsons,8.499,85.276,644.681,559.405
2024-08-31,2024 Great Lakes Divisional,US,Kenneth Mcbee,Ed Trudeau,7.447,75.336,644.681,569.345
2024-08-31,2024 Great Lakes Divisional,US,Kenneth Mcbee,Wyatt Rhodes,4.901,50.598,644.681,594.083
2024-08-31,2024 Great Lakes Divisional,US,Kenneth Mcbee,Gary Rhodes,2.067,21.832,644.681,622.849
2025-10-17,2025 National Championship,SF,Hubert Borowski,Tom Harrington,1.635,20.978,780.184,759.206
2025-10-17,2025 National Championship,SF,Hubert Borowski,Chris Raglin,1.444,18.556,780.184,761.628
2025-10-17,2025 National Championship,SF,Hubert Borowski,Ryan Finch,0.692,8.942,780.184,771.242
2025-10-17,2025 National Championship,SF,Hubert Borowski,Shawna Bowman,-0.233,-3.037,780.184,783.221
2025-10-17,2025 National Championship,SF,Hubert Borowski,Harold Denham,-2.368,-31.412,780.184,811.596
2025-10-17,2025 National Championship,SF,Hubert Borowski,Alicia Harrington,-3.584,-48.041,780.184,828.225
2025-10-17,2025 National Championship,SF,Hubert Borowski,Keith Lightfoot,-3.929,-52.818,780.184,833.002
2025-10-17,2025 National Championship,SF,Hubert Borowski,Kane Nale,-12.680,-184.357,780.184,964.541
2024-10-18,2024 National Championships,SF,Hubert Borowski,Donald Carl,0.278,3.284,709.147,705.863
2024-10-18,2024 National Championships,SF,Hubert Borowski,Tom Harrington,0.059,0.699,709.147,708.448
2024-10-18,2024 National Championships,SF,Hubert Borowski,Vincent Dozeman,-1.179,-14.072,709.147,723.219
2024-10-18,2024 National Championships,SF,Hubert Borowski,Shawna Bowman,-2.031,-24.419,709.147,733.566
2024-10-18,2024 National Championships,SF,Hubert Borowski,Johnny Brewster,-2.609,-31.522,709.147,740.669
2024-10-18,2024 National Championships,SF,Hubert Borowski,Lee Reynolds,-3.334,-40.531,709.147,749.678
2024-10-18,2024 National Championships,SF,Hubert Borowski,Samantha Steelman,-3.465,-42.170,709.147,751.317
2024-10-18,2024 National Championships,SF,Hubert Borowski,Kane Nale,-6.825,-85.535,709.147,794.682
2024-10-18,2024 National Championships,SF,Hubert Borowski,Chris Crafford,-7.001,-87.872,709.147,797.019
2025-10-17,2025 National Championship,SF,Harold Denham,Tom Harrington,4.002,52.390,811.596,759.206
2025-10-17,2025 National Championship,SF,Harold Denham,Chris Raglin,3.811,49.968,811.596,761.628
2025-10-17,2025 National Championship,SF,Harold Denham,Ryan Finch,3.059,40.354,811.596,771.242
2025-10-17,2025 National Championship,SF,Harold Denham,Hubert Borowski,2.368,31.412,811.596,780.184
2025-10-17,2025 National Championship,SF,Harold Denham,Shawna Bowman,2.135,28.375,811.596,783.221
2025-10-17,2025 National Championship,SF,Harold Denham,Alicia Harrington,-1.217,-16.629,811.596,828.225
2025-10-17,2025 National Championship,SF,Harold Denham,Keith Lightfoot,-1.562,-21.406,811.596,833.002
2025-10-17,2025 National Championship,SF,Harold Denham,Kane Nale,-10.333,-152.945,811.596,964.541
2023-10-06,2023 National Championship,SF,Harold Denham,Brad Turnbull,2.775,29.898,661.410,631.512
2023-10-06,2023 National Championship,SF,Harold Denham,Caleb Warren,0.183,2.017,661.410,659.393
2023-10-06,2023 National Championship,SF,Harold Denham,Dan Sanford,-0.513,-5.684,661.410,667.094
2023-10-06,2023 National Championship,SF,Harold Denham,Geoffrey Hamilton,-1.042,-11.583,661.410,672.993
2023-10-06,2023 National Championship,SF,Harold Denham,Parker Sattler,-2.529,-28.478,661.410,689.888
2023-10-06,2023 National Championship,SF,Harold Denham,Ken Krenk,-3.730,-42.442,661.410,703.852
2023-10-06,2023 National Championship,SF,Harold Denham,Josh Armantrout,-4.063,-46.355,661.410,707.765
2025-10-17,2025 National Championship,SR,Jason Stewart,Michael Golden,1.230,16.777,827.103,810.326
2025-10-17,2025 National Championship,SR,Jason Stewart,Logan Altmyer,0.851,11.648,827.103,815.455
2025-10-17,2025 National Championship,SR,Jason Stewart,Andrew Benagh,-7.754,-114.280,827.103,941.383
2025-10-17,2025 National Championship,SR,Jason Stewart,Ceili McClarney,-8.161,-120.711,827.103,947.814
2025-10-17,2025 National Championship,SR,Jason Stewart,Jasmine McClarney,-8.186,-121.098,827.103,948.201
2025-10-17,2025 National Championship,SR,Jason Stewart,Jason Lee,-8.419,-124.818,827.103,951.921
2025-10-17,2025 National Championship,SR,Jason Stewart,Josh Armantrout,-8.464,-125.532,827.103,952.635
2024-10-18,2024 National Championships,SR,Jason Stewart,Logan Altmyer,1.109,13.423,733.242,719.819
2024-10-18,2024 National Championships,SR,Jason Stewart,Josh Armantrout,0.740,8.986,733.242,724.256
2024-10-18,2024 National Championships,SR,Jason Stewart,Michael Golden,0.736,8.945,733.242,724.297
2024-10-18,2024 National Championships,SR,Jason Stewart,Adam Raymer,0.330,4.017,733.242,729.225
2024-10-18,2024 National Championships,SR,Jason Stewart,James Green,-0.303,-3.713,733.242,736.955
2024-10-18,2024 National Championships,SR,Jason Stewart,Jared Phillippe,-0.591,-7.260,733.242,740.502
2024-10-18,2024 National Championships,SR,Jason Stewart,Trevor Phillippe,-0.614,-7.546,733.242,740.788
2024-10-18,2024 National Championships,SR,Jason Stewart,Ceili Mcclarney,-6.787,-87.915,733.242,821.157
2024-10-18,2024 National Championships,SR,Jason Stewart,Jasmine McClarney,-7.008,-90.950,733.242,824.192
2024-10-18,2024 National Championships,SR,Jason Stewart,Keith Lightfoot,-8.694,-114.539,733.242,847.781
2025-10-17,2025 National Championship,SR,Andrew Benagh,Michael Golden,8.978,131.057,941.383,810.326
2025-10-17,2025 National Championship,SR,Andrew Benagh,Logan Altmyer,8.601,125.928,941.383,815.455
2025-10-17,2025 National Championship,SR,Andrew Benagh,Jason Stewart,7.754,114.280,941.383,827.103
2025-10-17,2025 National Championship,SR,Andrew Benagh,Ceili McClarney,-0.408,-6.431,941.383,947.814
2025-10-17,2025 National Championship,SR,Andrew Benagh,Jasmine McClarney,-0.433,-6.818,941.383,948.201
2025-10-17,2025 National Championship,SR,Andrew Benagh,Jason Lee,-0.668,-10.538,941.383,951.921
2025-10-17,2025 National Championship,SR,Andrew Benagh,Josh Armantrout,-0.713,-11.252,941.383,952.635
2025-10-17,2025 National Championship,SR,Jason Lee,Michael Golden,9.642,141.595,951.921,810.326
2025-10-17,2025 National Championship,SR,Jason Lee,Logan Altmyer,9.266,136.466,951.921,815.455
2025-10-17,2025 National Championship,SR,Jason Lee,Jason Stewart,8.419,124.818,951.921,827.103
2025-10-17,2025 National Championship,SR,Jason Lee,Andrew Benagh,0.668,10.538,951.921,941.383
2025-10-17,2025 National Championship,SR,Jason Lee,Ceili McClarney,0.259,4.107,951.921,947.814
2025-10-17,2025 National Championship,SR,Jason Lee,Jasmine McClarney,0.235,3.720,951.921,948.201
2025-10-17,2025 National Championship,SR,Jason Lee,Josh Armantrout,-0.045,-0.714,951.921,952.635
2023-10-06,2023 National Championship,SR,Jason Lee,Keith Lightfoot,6.211,73.148,743.186,670.038
2023-10-06,2023 National Championship,SR,Jason Lee,Jared Phillippe,4.934,58.705,743.186,684.481
2023-10-06,2023 National Championship,SR,Jason Lee,Trevor Phillippe,4.675,55.737,743.186,687.449
2023-10-06,2023 National Championship,SR,Jason Lee,Jackson Lee,4.079,48.864,743.186,694.322
2023-10-06,2023 National Championship,SR,Jason Lee,James Wood,-0.550,-6.846,743.186,750.032
2025-10-17,2025 National Championship,SR,Josh Armantrout,Michael Golden,9.687,142.309,952.635,810.326
2025-10-17,2025 National Championship,SR,Josh Armantrout,Logan Altmyer,9.310,137.180,952.635,815.455
2025-10-17,2025 National Championship,SR,Josh Armantrout,Jason Stewart,8.464,125.532,952.635,827.103
2025-10-17,2025 National Championship,SR,Josh Armantrout,Andrew Benagh,0.713,11.252,952.635,941.383
2025-10-17,2025 National Championship,SR,Josh Armantrout,Ceili McClarney,0.304,4.821,952.635,947.814
2025-10-17,2025 National Championship,SR,Josh Armantrout,Jasmine McClarney,0.280,4.434,952.635,948.201
2025-10-17,2025 National Championship,SR,Josh Armantrout,Jason Lee,0.045,0.714,952.635,951.921
2024-10-18,2024 National Championships,SR,Josh Armantrout,Logan Altmyer,0.369,4.437,724.256,719.819
2024-10-18,2024 National Championships,SR,Josh Armantrout,Michael Golden,-0.003,-0.041,724.256,724.297
2024-10-18,2024 National Championships,SR,Josh Armantrout,Adam Raymer,-0.410,-4.969,724.256,729.225
2024-10-18,2024 National Championships,SR,Josh Armantrout,Jason Stewart,-0.740,-8.986,724.256,733.242
2024-10-18,2024 National Championships,SR,Josh Armantrout,James Green,-1.043,-12.699,724.256,736.955
2024-10-18,2024 National Championships,SR,Josh Armantrout,Jared Phillippe,-1.331,-16.246,724.256,740.502
2024-10-18,2024 National Championships,SR,Josh Armantrout,Trevor Phillippe,-1.354,-16.532,724.256,740.788
2024-10-18,2024 National Championships,SR,Josh Armantrout,Ceili Mcclarney,-7.524,-96.901,724.256,821.157
2024-10-18,2024 National Championships,SR,Josh Armantrout,Jasmine McClarney,-7.745,-99.936,724.256,824.192
2024-10-18,2024 National Championships,SR,Josh Armantrout,Keith Lightfoot,-9.429,-123.525,724.256,847.781
2025-10-17,2025 National Championship,PF,Bartek Borowski,Christian Retterer,4.858,56.984,732.330,675.346
2025-10-17,2025 National Championship,PF,Bartek Borowski,Matthew Thompson,4.703,55.243,732.330,677.087
2025-10-17,2025 National Championship,PF,Bartek Borowski,David Capesius,4.197,49.500,732.330,682.830
2025-10-17,2025 National Championship,PF,Bartek Borowski,Jim Rowland,3.337,39.627,732.330,692.703
2025-10-17,2025 National Championship,PF,Bartek Borowski,Edwin Cunill,1.350,16.294,732.330,716.036
2025-10-17,2025 National Championship,PF,Bartek Borowski,Dan Sanford,-0.009,-0.113,732.330,732.443
2025-10-17,2025 National Championship,PF,Bartek Borowski,Bradley Kropp,-4.531,-57.477,732.330,789.807
2025-10-17,2025 National Championship,PF,Bartek Borowski,Warren Elliott,-4.742,-60.257,732.330,792.587
2025-10-17,2025 National Championship,PF,Bartek Borowski,Devin Palmer,-4.781,-60.770,732.330,793.100
2025-10-17,2025 National Championship,PF,Bartek Borowski,Charles Palmer,-5.361,-68.490,732.330,800.820
2025-10-17,2025 National Championship,PF,Dan Sanford,Christian Retterer,4.867,57.097,732.443,675.346
2025-10-17,2025 National Championship,PF,Dan Sanford,Matthew Thompson,4.713,55.356,732.443,677.087
2025-10-17,2025 National Championship,PF,Dan Sanford,David Capesius,4.207,49.613,732.443,682.830
2025-10-17,2025 National Championship,PF,Dan Sanford,Jim Rowland,3.346,39.740,732.443,692.703
2025-10-17,2025 National Championship,PF,Dan Sanford,Edwin Cunill,1.359,16.407,732.443,716.036
2025-10-17,2025 National Championship,PF,Dan Sanford,Bartek Borowski,0.009,0.113,732.443,732.330
2025-10-17,2025 National Championship,PF,Dan Sanford,Bradley Kropp,-4.522,-57.364,732.443,789.807
2025-10-17,2025 National Championship,PF,Dan Sanford,Warren Elliott,-4.733,-60.144,732.443,792.587
2025-10-17,2025 National Championship,PF,Dan Sanford,Devin Palmer,-4.771,-60.657,732.443,793.100
2025-10-17,2025 National Championship,PF,Dan Sanford,Charles Palmer,-5.351,-68.377,732.443,800.820
2025-10-17,2025 National Championship,PF,Bradley Kropp,Christian Retterer,9.375,114.461,789.807,675.346
2025-10-17,2025 National Championship,PF,Bradley Kropp,Matthew Thompson,9.221,112.720,789.807,677.087
2025-10-17,2025 National Championship,PF,Bradley Kropp,David Capesius,8.717,106.977,789.807,682.830
2025-10-17,2025 National Championship,PF,Bradley Kropp,Jim Rowland,7.860,97.104,789.807,692.703
2025-10-17,2025 National Championship,PF,Bradley Kropp,Edwin Cunill,5.879,73.771,789.807,716.036
2025-10-17,2025 National Championship,PF,Bradley Kropp,Bartek Borowski,4.531,57.477,789.807,732.330
2025-10-17,2025 National Championship,PF,Bradley Kropp,Dan Sanford,4.522,57.364,789.807,732.443
2025-10-17,2025 National Championship,PF,Bradley Kropp,Warren Elliott,-0.211,-2.780,789.807,792.587
2025-10-17,2025 National Championship,PF,Bradley Kropp,Devin Palmer,-0.250,-3.293,789.807,793.100
2025-10-17,2025 National Championship,PF,Bradley Kropp,Charles Palmer,-0.831,-11.013,789.807,800.820
2024-06-14,2024 Central Divisional,PF,Bradley Kropp,Jim Rowland,2.628,48.683,1135.852,1087.169
2024-06-14,2024 Central Divisional,PF,Bradley Kropp,Broxlin Pace,-5.296,-104.888,1135.852,1240.740
2024-10-18,2024 National Championships,PF,Bradley Kropp,Jason Fuller,4.523,54.448,749.525,695.077
2024-10-18,2024 National Championships,PF,Bradley Kropp,Christian Retterer,2.915,35.551,749.525,713.974
2024-10-18,2024 National Championships,PF,Bradley Kropp,David Capesius,2.604,31.833,749.525,717.692
2024-10-18,2024 National Championships,PF,Bradley Kropp,Edwin Cunill,2.009,24.685,749.525,724.840
2024-10-18,2024 National Championships,PF,Bradley Kropp,Peter Dozeman,1.252,15.477,749.525,734.048
2024-10-18,2024 National Championships,PF,Bradley Kropp,Bryan Tippens,-1.447,-18.299,749.525,767.824
2025-10-17,2025 National Championship,PF,Charles Palmer,Christian Retterer,10.200,125.474,800.820,675.346
2025-10-17,2025 National Championship,PF,Charles Palmer,Matthew Thompson,10.047,123.733,800.820,677.087
2025-10-17,2025 National Championship,PF,Charles Palmer,David Capesius,9.543,117.990,800.820,682.830
2025-10-17,2025 National Championship,PF,Charles Palmer,Jim Rowland,8.687,108.117,800.820,692.703
2025-10-17,2025 National Championship,PF,Charles Palmer,Edwin Cunill,6.707,84.784,800.820,716.036
2025-10-17,2025 National Championship,PF,Charles Palmer,Bartek Borowski,5.361,68.490,800.820,732.330
2025-10-17,2025 National Championship,PF,Charles Palmer,Dan Sanford,5.351,68.377,800.820,732.443
2025-10-17,2025 National Championship,PF,Charles Palmer,Bradley Kropp,0.831,11.013,800.820,789.807
2025-10-17,2025 National Championship,PF,Charles Palmer,Warren Elliott,0.620,8.233,800.820,792.587
2025-10-17,2025 National Championship,PF,Charles Palmer,Devin Palmer,0.581,7.720,800.820,793.100
2025-10-17,2025 National Championship,PR,Andrea Albin,Shawn Roberts,12.706,160.802,839.712,678.910
2025-10-17,2025 National Championship,PR,Andrea Albin,Katie Orgler,5.821,77.694,839.712,762.018
2025-10-17,2025 National Championship,PR,Andrea Albin,Jeremiah Hemphill,5.378,72.041,839.712,767.671
2025-10-17,2025 National Championship,PR,Andrea Albin,Preston Niebuhr,1.905,26.241,839.712,813.471
2025-10-17,2025 National Championship,PR,Andrea Albin,Casey Tolbert,0.557,7.766,839.712,831.946
2025-10-17,2025 National Championship,PR,Andrea Albin,Ben Guiraldes,-1.983,-28.216,839.712,867.928
2025-10-17,2025 National Championship,PR,Andrea Albin,Carmen Rowlands,-2.761,-39.557,839.712,879.269
2025-10-17,2025 National Championship,PR,Ben Guiraldes,Shawn Roberts,14.664,189.018,867.928,678.910
2025-10-17,2025 National Championship,PR,Ben Guiraldes,Katie Orgler,7.797,105.910,867.928,762.018
2025-10-17,2025 National Championship,PR,Ben Guiraldes,Jeremiah Hemphill,7.356,100.257,867.928,767.671
2025-10-17,2025 National Championship,PR,Ben Guiraldes,Preston Niebuhr,3.887,54.457,867.928,813.471
2025-10-17,2025 National Championship,PR,Ben Guiraldes,Casey Tolbert,2.540,35.982,867.928,831.946
2025-10-17,2025 National Championship,PR,Ben Guiraldes,Andrea Albin,1.983,28.216,867.928,839.712
2025-10-17,2025 National Championship,PR,Ben Guiraldes,Carmen Rowlands,-0.779,-11.341,867.928,879.269
2024-10-18,2024 National Championships,PR,Ben Guiraldes,Shawn Roberts,8.869,109.987,799.087,689.100
2024-10-18,2024 National Championships,PR,Ben Guiraldes,Niles Davis,7.760,97.072,799.087,702.015
2024-10-18,2024 National Championships,PR,Ben Guiraldes,Joshua Mefford,6.222,78.775,799.087,720.312
2024-10-18,2024 National Championships,PR,Ben Guiraldes,Gonzalo San Miguel,5.593,71.169,799.087,727.918
2024-10-18,2024 National Championships,PR,Ben Guiraldes,Jeremiah Hemphill,5.501,70.057,799.087,729.030
2024-10-18,2024 National Championships,PR,Ben Guiraldes,Jason Lee,4.597,58.965,799.087,740.122
2024-10-18,2024 National Championships,PR,Ben Guiraldes,Katie Orgler,3.765,48.623,799.087,750.464
2024-10-18,2024 National Championships,PR,Ben Guiraldes,Pete Remner,3.441,44.546,799.087,754.541
2024-10-18,2024 National Championships,PR,Ben Guiraldes,Casey Tolbert,2.745,35.747,799.087,763.340
2024-10-18,2024 National Championships,PR,Ben Guiraldes,Rudy Bowen,2.009,26.312,799.087,772.775
2024-10-18,2024 National Championships,PR,Ben Guiraldes,William Watson,1.351,17.787,799.087,781.300
2024-10-18,2024 National Championships,PR,Ben Guiraldes,Chris Johnson,0.156,2.069,799.087,797.018
2024-10-18,2024 National Championships,PR,Ben Guiraldes,Chris Raglin,-2.397,-32.569,799.087,831.656
2024-10-18,2024 National Championships,PR,Ben Guiraldes,Karissa Peel,-6.762,-95.430,799.087,894.517
2025-10-17,2025 National Championship,PR,Carmen Rowlands,Shawn Roberts,15.430,200.359,879.269,678.910
2025-10-17,2025 National Championship,PR,Carmen Rowlands,Katie Orgler,8.573,117.251,879.269,762.018
2025-10-17,2025 National Championship,PR,Carmen Rowlands,Jeremiah Hemphill,8.131,111.598,879.269,767.671
2025-10-17,2025 National Championship,PR,Carmen Rowlands,Preston Niebuhr,4.664,65.798,879.269,813.471
2025-10-17,2025 National Championship,PR,Carmen Rowlands,Casey Tolbert,3.319,47.323,879.269,831.946
2025-10-17,2025 National Championship,PR,Carmen Rowlands,Andrea Albin,2.761,39.557,879.269,839.712
2025-10-17,2025 National Championship,PR,Carmen Rowlands,Ben Guiraldes,0.779,11.341,879.269,867.928
2025-10-17,2025 National Championship,PA,Jason Fuller,Mark Hill,2.685,30.737,702.268,671.531
2025-10-17,2025 National Championship,PA,Jason Fuller,Casey Hamm,-6.625,-82.068,702.268,784.336
2025-10-17,2025 National Championship,PA,Jason Fuller,Zachary O'Hare,-7.632,-95.391,702.268,797.659
2025-10-17,2025 National Championship,PA,Jason Fuller,Patrick Marcum,-7.899,-98.974,702.268,801.242
2025-10-17,2025 National Championship,PA,Jason Fuller,Jennifer Samardak,-7.919,-99.230,702.268,801.498
2025-10-17,2025 National Championship,PA,Jason Fuller,Scott Francis,-9.108,-115.362,702.268,817.630
2025-10-17,2025 National Championship,PA,Jason Fuller,Lucas Laeser,-11.556,-149.674,702.268,851.942
2025-10-17,2025 National Championship,PA,Jason Fuller,Thomas Morris,-12.827,-168.101,702.268,870.369
2025-10-17,2025 National Championship,PA,Casey Hamm,Mark Hill,9.298,112.805,784.336,671.531
2025-10-17,2025 National Championship,PA,Casey Hamm,Jason Fuller,6.625,82.068,784.336,702.268
2025-10-17,2025 National Championship,PA,Casey Hamm,Zachary O'Hare,-1.011,-13.323,784.336,797.659
2025-10-17,2025 National Championship,PA,Casey Hamm,Patrick Marcum,-1.279,-16.906,784.336,801.242
2025-10-17,2025 National Championship,PA,Casey Hamm,Jennifer Samardak,-1.299,-17.162,784.336,801.498
2025-10-17,2025 National Championship,PA,Casey Hamm,Scott Francis,-2.494,-33.294,784.336,817.630
2025-10-17,2025 National Championship,PA,Casey Hamm,Lucas Laeser,-4.958,-67.606,784.336,851.942
2025-10-17,2025 National Championship,PA,Casey Hamm,Thomas Morris,-6.239,-86.033,784.336,870.369
2024-10-18,2024 National Championships,PA,Casey Hamm,Mark Hill,2.758,32.450,722.153,689.703
2024-10-18,2024 National Championships,PA,Casey Hamm,John Joyce,-0.205,-2.469,722.153,724.622
2024-10-18,2024 National Championships,PA,Casey Hamm,Harold Denham,-0.454,-5.481,722.153,727.634
2024-10-18,2024 National Championships,PA,Casey Hamm,Patrick Marcum,-1.128,-13.707,722.153,735.860
2024-10-18,2024 National Championships,PA,Casey Hamm,Tristan Washburn,-3.579,-44.397,722.153,766.550
2025-10-17,2025 National Championship,PA,Patrick Marcum,Mark Hill,10.569,129.711,801.242,671.531
2025-10-17,2025 National Championship,PA,Patrick Marcum,Jason Fuller,7.899,98.974,801.242,702.268
2025-10-17,2025 National Championship,PA,Patrick Marcum,Casey Hamm,1.279,16.906,801.242,784.336
2025-10-17,2025 National Championship,PA,Patrick Marcum,Zachary O'Hare,0.269,3.583,801.242,797.659
2025-10-17,2025 National Championship,PA,Patrick Marcum,Jennifer Samardak,-0.019,-0.256,801.242,801.498
2025-10-17,2025 National Championship,PA,Patrick Marcum,Scott Francis,-1.215,-16.388,801.242,817.630
2025-10-17,2025 National Championship,PA,Patrick Marcum,Lucas Laeser,-3.680,-50.700,801.242,851.942
2025-10-17,2025 National Championship,PA,Patrick Marcum,Thomas Morris,-4.962,-69.127,801.242,870.369
2024-10-18,2024 National Championships,PA,Patrick Marcum,Mark Hill,3.885,46.157,735.860,689.703
2024-10-18,2024 National Championships,PA,Patrick Marcum,Casey Hamm,1.128,13.707,735.860,722.153
2024-10-18,2024 National Championships,PA,Patrick Marcum,John Joyce,0.923,11.238,735.860,724.622
2024-10-18,2024 National Championships,PA,Patrick Marcum,Harold Denham,0.674,8.226,735.860,727.634
2024-10-18,2024 National Championships,PA,Patrick Marcum,Tristan Washburn,-2.451,-30.690,735.860,766.550
2025-10-17,2025 National Championship,PA,Jennifer Samardak,Mark Hill,10.588,129.967,801.498,671.531
2025-10-17,2025 National Championship,PA,Jennifer Samardak,Jason Fuller,7.919,99.230,801.498,702.268
2025-10-17,2025 National Championship,PA,Jennifer Samardak,Casey Hamm,1.299,17.162,801.498,784.336
2025-10-17,2025 National Championship,PA,Jennifer Samardak,Zachary O'Hare,0.288,3.839,801.498,797.659
2025-10-17,2025 National Championship,PA,Jennifer Samardak,Patrick Marcum,0.019,0.256,801.498,801.242
2025-10-17,2025 National Championship,PA,Jennifer Samardak,Scott Francis,-1.196,-16.132,801.498,817.630
2025-10-17,2025 National Championship,PA,Jennifer Samardak,Lucas Laeser,-3.661,-50.444,801.498,851.942
2025-10-17,2025 National Championship,PA,Jennifer Samardak,Thomas Morris,-4.943,-68.871,801.498,870.369
2025-10-17,2025 National Championship,PA,Scott Francis,Mark Hill,11.773,146.099,817.630,671.531
2025-10-17,2025 National Championship,PA,Scott Francis,Jason Fuller,9.108,115.362,817.630,702.268
2025-10-17,2025 National Championship,PA,Scott Francis,Casey Hamm,2.494,33.294,817.630,784.336
2025-10-17,2025 National Championship,PA,Scott Francis,Zachary O'Hare,1.484,19.971,817.630,797.659
2025-10-17,2025 National Championship,PA,Scott Francis,Patrick Marcum,1.215,16.388,817.630,801.242
2025-10-17,2025 National Championship,PA,Scott Francis,Jennifer Samardak,1.196,16.132,817.630,801.498
2025-10-17,2025 National Championship,PA,Scott Francis,Lucas Laeser,-2.466,-34.312,817.630,851.942
2025-10-17,2025 National Championship,PA,Scott Francis,Thomas Morris,-3.749,-52.739,817.630,870.369
2025-10-17,2025 National Championship,PA,Lucas Laeser,Mark Hill,14.211,180.411,851.942,671.531
2025-10-17,2025 National Championship,PA,Lucas Laeser,Jason Fuller,11.556,149.674,851.942,702.268
2025-10-17,2025 National Championship,PA,Lucas Laeser,Casey Hamm,4.958,67.606,851.942,784.336
2025-10-17,2025 National Championship,PA,Lucas Laeser,Zachary O'Hare,3.949,54.283,851.942,797.659
2025-10-17,2025 National Championship,PA,Lucas Laeser,Patrick Marcum,3.680,50.700,851.942,801.242
2025-10-17,2025 National Championship,PA,Lucas Laeser,Jennifer Samardak,3.661,50.444,851.942,801.498
2025-10-17,2025 National Championship,PA,Lucas Laeser,Scott Francis,2.466,34.312,851.942,817.630
2025-10-17,2025 National Championship,PA,Lucas Laeser,Thomas Morris,-1.284,-18.427,851.942,870.369
2025-10-17,2025 National Championship,PA,Thomas Morris,Mark Hill,15.475,198.838,870.369,671.531
2025-10-17,2025 National Championship,PA,Thomas Morris,Jason Fuller,12.827,168.101,870.369,702.268
2025-10-17,2025 National Championship,PA,Thomas Morris,Casey Hamm,6.239,86.033,870.369,784.336
2025-10-17,2025 National Championship,PA,Thomas Morris,Zachary O'Hare,5.231,72.710,870.369,797.659
2025-10-17,2025 National Championship,PA,Thomas Morris,Patrick Marcum,4.962,69.127,870.369,801.242
2025-10-17,2025 National Championship,PA,Thomas Morris,Jennifer Samardak,4.943,68.871,870.369,801.498
2025-10-17,2025 National Championship,PA,Thomas Morris,Scott Francis,3.749,52.739,870.369,817.630
2025-10-17,2025 National Championship,PA,Thomas Morris,Lucas Laeser,1.284,18.427,870.369,851.942
2025-10-17,2025 National Championship,MF,Justin Harris,Andy Thomas,4.552,52.218,714.432,662.214
2025-10-17,2025 National Championship,MF,Justin Harris,Jarrod Barlow,1.333,15.703,714.432,698.729
2025-10-17,2025 National Championship,MF,Justin Harris,Colin Kilby,0.200,2.376,714.432,712.056
2025-10-17,2025 National Championship,MF,Justin Harris,Brian Peel,-0.450,-5.384,714.432,719.816
2025-10-17,2025 National Championship,MF,Justin Harris,Donald Carl,-2.116,-25.649,714.432,740.081
2025-10-17,2025 National Championship,MF,Justin Harris,John Schellenberg,-2.545,-30.958,714.432,745.390
2025-10-17,2025 National Championship,MF,Justin Harris,Logan Dehne,-3.023,-36.922,714.432,751.354
2025-10-17,2025 National Championship,MF,Justin Harris,Charles Carl,-4.977,-61.829,714.432,776.261
2025-10-17,2025 National Championship,MF,Justin Harris,Quinn Harris,-6.614,-83.350,714.432,797.782
2025-10-17,2025 National Championship,MF,Justin Harris,William Dehne,-6.995,-88.442,714.432,802.874
2025-10-17,2025 National Championship,MF,Justin Harris,Karissa Peel,-9.393,-121.349,714.432,835.781
2025-10-17,2025 National Championship,MF,Justin Harris,Nelson Santos,-17.137,-238.057,714.432,952.489
2025-10-17,2025 National Championship,MF,Justin Harris,James Dale,-17.279,-240.348,714.432,954.780
2025-10-17,2025 National Championship,MF,Justin Harris,Zbigniew Lorenc,-18.527,-260.875,714.432,975.307
2024-06-14,2024 Central Divisional,MF,Justin Harris,Blanton Payne,3.403,60.787,1102.276,1041.489
2024-06-14,2024 Central Divisional,MF,Justin Harris,Jacob Light,-0.984,-18.225,1102.276,1120.501
2024-06-14,2024 Central Divisional,MF,Justin Harris,Greg Cheney,-1.924,-35.931,1102.276,1138.207
2024-06-14,2024 Central Divisional,MF,Justin Harris,Zechariah Hooker,-5.626,-108.449,1102.276,1210.725
2025-07-05,2025 Midwest Divisional,MF,Justin Harris,Donald Carl,-0.038,-0.534,852.859,853.393
2025-07-05,2025 Midwest Divisional,MF,Justin Harris,Charles Carl,-5.951,-89.001,852.859,941.860
2024-10-18,2024 National Championships,MF,Justin Harris,Andy Thomas,2.231,25.918,709.895,683.977
2024-10-18,2024 National Championships,MF,Justin Harris,Zbigniew Lorenc,2.091,24.319,709.895,685.576
2024-10-18,2024 National Championships,MF,Justin Harris,Blanton Payne,1.882,21.924,709.895,687.971
2024-10-18,2024 National Championships,MF,Justin Harris,Jarrod Barlow,0.759,8.918,709.895,700.977
2024-10-18,2024 National Championships,MF,Justin Harris,Colin Kilby,0.333,3.927,709.895,705.968
2024-10-18,2024 National Championships,MF,Justin Harris,Brian Peel,-0.059,-0.699,709.895,710.594
2024-10-18,2024 National Championships,MF,Justin Harris,Bret Hunter,-0.274,-3.249,709.895,713.144
2024-10-18,2024 National Championships,MF,Justin Harris,Jim Rowland,-0.352,-4.181,709.895,714.076
2024-10-18,2024 National Championships,MF,Justin Harris,John Schellenberg,-1.679,-20.145,709.895,730.040
2024-10-18,2024 National Championships,MF,Justin Harris,Logan Dehne,-1.696,-20.353,709.895,730.248
2024-10-18,2024 National Championships,MF,Justin Harris,William Dehne,-3.104,-37.704,709.895,747.599
2024-10-18,2024 National Championships,MF,Justin Harris,Jerry Ashmore,-3.601,-43.924,709.895,753.819
2024-10-18,2024 National Championships,MF,Justin Harris,Josh Karczewski,-4.128,-50.581,709.895,760.476
2024-10-18,2024 National Championships,MF,Justin Harris,Pete Bates,-6.663,-83.471,709.895,793.366
2024-10-18,2024 National Championships,MF,Justin Harris,Alan Hoppe Jr,-10.465,-135.645,709.895,845.540
2024-10-18,2024 National Championships,MF,Justin Harris,Alan Hoppe,-10.825,-140.782,709.895,850.677
2025-10-17,2025 National Championship,MF,Donald Carl,Andy Thomas,6.663,77.867,740.081,662.214
2025-10-17,2025 National Championship,MF,Donald Carl,Jarrod Barlow,3.449,41.352,740.081,698.729
2025-10-17,2025 National Championship,MF,Donald Carl,Colin Kilby,2.316,28.025,740.081,712.056
2025-10-17,2025 National Championship,MF,Donald Carl,Justin Harris,2.116,25.649,740.081,714.432
2025-10-17,2025 National Championship,MF,Donald Carl,Brian Peel,1.666,20.265,740.081,719.816
2025-10-17,2025 National Championship,MF,Donald Carl,John Schellenberg,-0.429,-5.309,740.081,745.390
2025-10-17,2025 National Championship,MF,Donald Carl,Logan Dehne,-0.907,-11.273,740.081,751.354
2025-10-17,2025 National Championship,MF,Donald Carl,Charles Carl,-2.863,-36.180,740.081,776.261
2025-10-17,2025 National Championship,MF,Donald Carl,Quinn Harris,-4.502,-57.701,740.081,797.782
2025-10-17,2025 National Championship,MF,Donald Carl,William Dehne,-4.884,-62.793,740.081,802.874
2025-10-17,2025 National Championship,MF,Donald Carl,Karissa Peel,-7.287,-95.700,740.081,835.781
2025-10-17,2025 National Championship,MF,Donald Carl,Nelson Santos,-15.059,-212.408,740.081,952.489
2025-10-17,2025 National Championship,MF,Donald Carl,James Dale,-15.201,-214.699,740.081,954.780
2025-10-17,2025 National Championship,MF,Donald Carl,Zbigniew Lorenc,-16.455,-235.226,740.081,975.307
2025-07-05,2025 Midwest Divisional,MF,Donald Carl,Justin Harris,0.038,0.534,853.393,852.859
2025-07-05,2025 Midwest Divisional,MF,Donald Carl,Charles Carl,-5.913,-88.467,853.393,941.860
2023-10-06,2023 National Championship,MF,Donald Carl,Zbigniew Lorenc,2.074,21.937,645.519,623.582
2023-10-06,2023 National Championship,MF,Donald Carl,Blanton Payne,1.171,12.476,645.519,633.043
2023-10-06,2023 National Championship,MF,Donald Carl,Jarrod Barlow,0.014,0.147,645.519,645.372
2023-10-06,2023 National Championship,MF,Donald Carl,Kevin Murphy,-0.644,-6.970,645.519,652.489
2023-10-06,2023 National Championship,MF,Donald Carl,Brian Peel,-2.200,-24.116,645.519,669.635
2023-10-06,2023 National Championship,MF,Donald Carl,Sean Grubb,-2.216,-24.294,645.519,669.813
2023-10-06,2023 National Championship,MF,Donald Carl,Josh Karczewski,-2.620,-28.813,645.519,674.332
2023-10-06,2023 National Championship,MF,Donald Carl,Bret Hunter,-5.985,-67.766,645.519,713.285
2025-10-17,2025 National Championship,MF,Logan Dehne,Andy Thomas,7.567,89.140,751.354,662.214
2025-10-17,2025 National Championship,MF,Logan Dehne,Jarrod Barlow,4.355,52.625,751.354,698.729
2025-10-17,2025 National Championship,MF,Logan Dehne,Colin Kilby,3.222,39.298,751.354,712.056
2025-10-17,2025 National Championship,MF,Logan Dehne,Justin Harris,3.023,36.922,751.354,714.432
2025-10-17,2025 National Championship,MF,Logan Dehne,Brian Peel,2.572,31.538,751.354,719.816
2025-10-17,2025 National Championship,MF,Logan Dehne,Donald Carl,0.907,11.273,751.354,740.081
2025-10-17,2025 National Championship,MF,Logan Dehne,John Schellenberg,0.478,5.964,751.354,745.390
2025-10-17,2025 National Championship,MF,Logan Dehne,Charles Carl,-1.957,-24.907,751.354,776.261
2025-10-17,2025 National Championship,MF,Logan Dehne,Quinn Harris,-3.596,-46.428,751.354,797.782
2025-10-17,2025 National Championship,MF,Logan Dehne,William Dehne,-3.978,-51.520,751.354,802.874
2025-10-17,2025 National Championship,MF,Logan Dehne,Karissa Peel,-6.383,-84.427,751.354,835.781
2025-10-17,2025 National Championship,MF,Logan Dehne,Nelson Santos,-14.166,-201.135,751.354,952.489
2025-10-17,2025 National Championship,MF,Logan Dehne,James Dale,-14.308,-203.426,751.354,954.780
2025-10-17,2025 National Championship,MF,Logan Dehne,Zbigniew Lorenc,-15.564,-223.953,751.354,975.307
2024-10-18,2024 National Championships,MF,Logan Dehne,Andy Thomas,3.926,46.271,730.248,683.977
2024-10-18,2024 National Championships,MF,Logan Dehne,Zbigniew Lorenc,3.786,44.672,730.248,685.576
2024-10-18,2024 National Championships,MF,Logan Dehne,Blanton Payne,3.577,42.277,730.248,687.971
2024-10-18,2024 National Championships,MF,Logan Dehne,Jarrod Barlow,2.454,29.271,730.248,700.977
2024-10-18,2024 National Championships,MF,Logan Dehne,Colin Kilby,2.029,24.280,730.248,705.968
2024-10-18,2024 National Championships,MF,Logan Dehne,Justin Harris,1.696,20.353,730.248,709.895
2024-10-18,2024 National Championships,MF,Logan Dehne,Brian Peel,1.637,19.654,730.248,710.594
2024-10-18,2024 National Championships,MF,Logan Dehne,Bret Hunter,1.422,17.104,730.248,713.144
2024-10-18,2024 National Championships,MF,Logan Dehne,Jim Rowland,1.344,16.172,730.248,714.076
2024-10-18,2024 National Championships,MF,Logan Dehne,John Schellenberg,0.017,0.208,730.248,730.040
2024-10-18,2024 National Championships,MF,Logan Dehne,William Dehne,-1.409,-17.351,730.248,747.599
2024-10-18,2024 National Championships,MF,Logan Dehne,Jerry Ashmore,-1.906,-23.571,730.248,753.819
2024-10-18,2024 National Championships,MF,Logan Dehne,Josh Karczewski,-2.433,-30.228,730.248,760.476
2024-10-18,2024 National Championships,MF,Logan Dehne,Pete Bates,-4.971,-63.118,730.248,793.366
2024-10-18,2024 National Championships,MF,Logan Dehne,Alan Hoppe Jr,-8.780,-115.292,730.248,845.540
2024-10-18,2024 National Championships,MF,Logan Dehne,Alan Hoppe,-9.141,-120.429,730.248,850.677
2025-10-17,2025 National Championship,MF,Charles Carl,Andy Thomas,9.514,114.047,776.261,662.214
2025-10-17,2025 National Championship,MF,Charles Carl,Jarrod Barlow,6.308,77.532,776.261,698.729
2025-10-17,2025 National Championship,MF,Charles Carl,Colin Kilby,5.177,64.205,776.261,712.056
2025-10-17,2025 National Championship,MF,Charles Carl,Justin Harris,4.977,61.829,776.261,714.432
2025-10-17,2025 National Championship,MF,Charles Carl,Brian Peel,4.527,56.445,776.261,719.816
2025-10-17,2025 National Championship,MF,Charles Carl,Donald Carl,2.863,36.180,776.261,740.081
2025-10-17,2025 National Championship,MF,Charles Carl,John Schellenberg,2.435,30.871,776.261,745.390
2025-10-17,2025 National Championship,MF,Charles Carl,Logan Dehne,1.957,24.907,776.261,751.354
2025-10-17,2025 National Championship,MF,Charles Carl,Quinn Harris,-1.641,-21.521,776.261,797.782
2025-10-17,2025 National Championship,MF,Charles Carl,William Dehne,-2.022,-26.613,776.261,802.874
2025-10-17,2025 National Championship,MF,Charles Carl,Karissa Peel,-4.431,-59.520,776.261,835.781
2025-10-17,2025 National Championship,MF,Charles Carl,Nelson Santos,-12.233,-176.228,776.261,952.489
2025-10-17,2025 National Championship,MF,Charles Carl,James Dale,-12.375,-178.519,776.261,954.780
2025-10-17,2025 National Championship,MF,Charles Carl,Zbigniew Lorenc,-13.637,-199.046,776.261,975.307
2025-07-05,2025 Midwest Divisional,MF,Charles Carl,Justin Harris,5.951,89.001,941.860,852.859
2025-07-05,2025 Midwest Divisional,MF,Charles Carl,Donald Carl,5.913,88.467,941.860,853.393
2025-10-17,2025 National Championship,MF,Quinn Harris,Andy Thomas,11.143,135.568,797.782,662.214
2025-10-17,2025 National Championship,MF,Quinn Harris,Jarrod Barlow,7.943,99.053,797.782,698.729
2025-10-17,2025 National Championship,MF,Quinn Harris,Colin Kilby,6.813,85.726,797.782,712.056
2025-10-17,2025 National Championship,MF,Quinn Harris,Justin Harris,6.614,83.350,797.782,714.432
2025-10-17,2025 National Championship,MF,Quinn Harris,Brian Peel,6.165,77.966,797.782,719.816
2025-10-17,2025 National Championship,MF,Quinn Harris,Donald Carl,4.502,57.701,797.782,740.081
2025-10-17,2025 National Championship,MF,Quinn Harris,John Schellenberg,4.074,52.392,797.782,745.390
2025-10-17,2025 National Championship,MF,Quinn Harris,Logan Dehne,3.596,46.428,797.782,751.354
2025-10-17,2025 National Championship,MF,Quinn Harris,Charles Carl,1.641,21.521,797.782,776.261
2025-10-17,2025 National Championship,MF,Quinn Harris,William Dehne,-0.382,-5.092,797.782,802.874
2025-10-17,2025 National Championship,MF,Quinn Harris,Karissa Peel,-2.791,-37.999,797.782,835.781
2025-10-17,2025 National Championship,MF,Quinn Harris,Nelson Santos,-10.607,-154.707,797.782,952.489
2025-10-17,2025 National Championship,MF,Quinn Harris,James Dale,-10.750,-156.998,797.782,954.780
2025-10-17,2025 National Championship,MF,Quinn Harris,Zbigniew Lorenc,-12.015,-177.525,797.782,975.307
2025-10-17,2025 National Championship,MF,Nelson Santos,Andy Thomas,21.572,290.275,952.489,662.214
2025-10-17,2025 National Championship,MF,Nelson Santos,Jarrod Barlow,18.442,253.760,952.489,698.729
2025-10-17,2025 National Championship,MF,Nelson Santos,Colin Kilby,17.333,240.433,952.489,712.056
2025-10-17,2025 National Championship,MF,Nelson Santos,Justin Harris,17.137,238.057,952.489,714.432
2025-10-17,2025 National Championship,MF,Nelson Santos,Brian Peel,16.696,232.673,952.489,719.816
2025-10-17,2025 National Championship,MF,Nelson Santos,Donald Carl,15.059,212.408,952.489,740.081
2025-10-17,2025 National Championship,MF,Nelson Santos,John Schellenberg,14.637,207.099,952.489,745.390
2025-10-17,2025 National Championship,MF,Nelson Santos,Logan Dehne,14.166,201.135,952.489,751.354
2025-10-17,2025 National Championship,MF,Nelson Santos,Charles Carl,12.233,176.228,952.489,776.261
2025-10-17,2025 National Championship,MF,Nelson Santos,Quinn Harris,10.607,154.707,952.489,797.782
2025-10-17,2025 National Championship,MF,Nelson Santos,William Dehne,10.228,149.615,952.489,802.874
2025-10-17,2025 National Championship,MF,Nelson Santos,Karissa Peel,7.832,116.708,952.489,835.781
2025-10-17,2025 National Championship,MF,Nelson Santos,James Dale,-0.144,-2.291,952.489,954.780
2025-10-17,2025 National Championship,MF,Nelson Santos,Zbigniew Lorenc,-1.420,-22.818,952.489,975.307
2025-10-17,2025 National Championship,MF,James Dale,Andy Thomas,21.712,292.566,954.780,662.214
2025-10-17,2025 National Championship,MF,James Dale,Jarrod Barlow,18.582,256.051,954.780,698.729
2025-10-17,2025 National Championship,MF,James Dale,Colin Kilby,17.474,242.724,954.780,712.056
2025-10-17,2025 National Championship,MF,James Dale,Justin Harris,17.279,240.348,954.780,714.432
2025-10-17,2025 National Championship,MF,James Dale,Brian Peel,16.837,234.964,954.780,719.816
2025-10-17,2025 National Championship,MF,James Dale,Donald Carl,15.201,214.699,954.780,740.081
2025-10-17,2025 National Championship,MF,James Dale,John Schellenberg,14.779,209.390,954.780,745.390
2025-10-17,2025 National Championship,MF,James Dale,Logan Dehne,14.308,203.426,954.780,751.354
2025-10-17,2025 National Championship,MF,James Dale,Charles Carl,12.375,178.519,954.780,776.261
2025-10-17,2025 National Championship,MF,James Dale,Quinn Harris,10.750,156.998,954.780,797.782
2025-10-17,2025 National Championship,MF,James Dale,William Dehne,10.371,151.906,954.780,802.874
2025-10-17,2025 National Championship,MF,James Dale,Karissa Peel,7.975,118.999,954.780,835.781
2025-10-17,2025 National Championship,MF,James Dale,Nelson Santos,0.144,2.291,954.780,952.489
2025-10-17,2025 National Championship,MF,James Dale,Zbigniew Lorenc,-1.276,-20.527,954.780,975.307
2025-10-17,2025 National Championship,MR,Vaughn Micciche,Davis Faver,-2.084,-24.816,702.072,726.888
2025-10-17,2025 National Championship,MR,Vaughn Micciche,Rudy Bowen,-2.736,-32.762,702.072,734.834
2025-10-17,2025 National Championship,MR,Vaughn Micciche,Leon Drake,-3.525,-42.494,702.072,744.566
2025-10-17,2025 National Championship,MR,Vaughn Micciche,Philip Mickleborough,-4.022,-48.691,702.072,750.763
2025-10-17,2025 National Championship,MR,Vaughn Micciche,Jeff Davis,-7.999,-100.281,702.072,802.353
2024-10-18,2024 National Championships,MR,Vaughn Micciche,Leon Drake,0.419,5.015,721.041,716.026
2024-10-18,2024 National Championships,MR,Vaughn Micciche,Doug Leibman,-2.791,-34.335,721.041,755.376
2024-10-18,2024 National Championships,MR,Vaughn Micciche,Tyler Burchett,-3.053,-37.641,721.041,758.682
2024-10-18,2024 National Championships,MR,Vaughn Micciche,Robert Bob White,-3.300,-40.778,721.041,761.819
2024-10-18,2024 National Championships,MR,Vaughn Micciche,Austin Walton,-3.774,-46.829,721.041,767.870
2024-10-18,2024 National Championships,MR,Vaughn Micciche,Steve Cerqueira,-4.376,-54.574,721.041,775.615
2024-10-18,2024 National Championships,MR,Vaughn Micciche,Kent Hamilton,-4.559,-56.957,721.041,777.998
2024-10-18,2024 National Championships,MR,Vaughn Micciche,Meagan Cerqueira,-6.656,-84.682,721.041,805.723
2024-10-18,2024 National Championships,MR,Vaughn Micciche,Ashley Roper,-6.704,-85.325,721.041,806.366
2024-10-18,2024 National Championships,MR,Vaughn Micciche,Chris Endres,-7.592,-97.398,721.041,818.439
2025-10-17,2025 National Championship,MR,Davis Faver,Vaughn Micciche,2.084,24.816,726.888,702.072
2025-10-17,2025 National Championship,MR,Davis Faver,Rudy Bowen,-0.652,-7.946,726.888,734.834
2025-10-17,2025 National Championship,MR,Davis Faver,Leon Drake,-1.442,-17.678,726.888,744.566
2025-10-17,2025 National Championship,MR,Davis Faver,Philip Mickleborough,-1.939,-23.875,726.888,750.763
2025-10-17,2025 National Championship,MR,Davis Faver,Jeff Davis,-5.922,-75.465,726.888,802.353
2025-10-17,2025 National Championship,MR,Rudy Bowen,Vaughn Micciche,2.736,32.762,734.834,702.072
2025-10-17,2025 National Championship,MR,Rudy Bowen,Davis Faver,0.652,7.946,734.834,726.888
2025-10-17,2025 National Championship,MR,Rudy Bowen,Leon Drake,-0.789,-9.732,734.834,744.566
2025-10-17,2025 National Championship,MR,Rudy Bowen,Philip Mickleborough,-1.287,-15.929,734.834,750.763
2025-10-17,2025 National Championship,MR,Rudy Bowen,Jeff Davis,-5.271,-67.519,734.834,802.353
2025-10-17,2025 National Championship,MA,Mark Macoubrie,Todd Briley,1.380,15.418,677.981,662.563
2025-10-17,2025 National Championship,MA,Mark Macoubrie,Benjamin Howe,-0.278,-3.149,677.981,681.130
2025-10-17,2025 National Championship,MA,Mark Macoubrie,Aaron Booms,-0.720,-8.189,677.981,686.170
2025-10-17,2025 National Championship,MA,Mark Macoubrie,Michael Tritt,-1.005,-11.450,677.981,689.431
2025-10-17,2025 National Championship,MA,Mark Macoubrie,Alan Rodriguez,-2.202,-25.344,677.981,703.325
2025-10-17,2025 National Championship,MA,Mark Macoubrie,Benji Knox,-2.451,-28.271,677.981,706.252
2025-10-17,2025 National Championship,MA,Mark Macoubrie,Jason Baney,-3.133,-36.347,677.981,714.328
2025-10-17,2025 National Championship,MA,Mark Macoubrie,Michael Sedlack,-5.862,-69.644,677.981,747.625
2025-10-17,2025 National Championship,MA,Mark Macoubrie,Nicholas Stoll,-5.947,-70.699,677.981,748.680
2025-10-17,2025 National Championship,MA,Mark Macoubrie,John Barnett,-11.481,-143.462,677.981,821.443
2022-09-23,2022 National Championships,MA,Mark Macoubrie,Austin Dowda,1.825,14.371,479.589,465.218
2022-09-23,2022 National Championships,MA,Mark Macoubrie,Kent Hamilton,0.461,3.669,479.589,475.920
2022-09-23,2022 National Championships,MA,Mark Macoubrie,Jonathan Olschewski,0.407,3.244,479.589,476.345
2022-09-23,2022 National Championships,MA,Mark Macoubrie,Dan Quiet,0.225,1.792,479.589,477.797
2022-09-23,2022 National Championships,MA,Mark Macoubrie,Jess Moeding,0.212,1.692,479.589,477.897
2022-09-23,2022 National Championships,MA,Mark Macoubrie,Todd Briley,-0.013,-0.107,479.589,479.696
2022-09-23,2022 National Championships,MA,Mark Macoubrie,Eric Genack,-0.166,-1.331,479.589,480.920
2022-09-23,2022 National Championships,MA,Mark Macoubrie,Chris Endres,-0.283,-2.271,479.589,481.860
2022-09-23,2022 National Championships,MA,Mark Macoubrie,Michael Miller,-0.544,-4.369,479.589,483.958
2022-09-23,2022 National Championships,MA,Mark Macoubrie,Joe Lavelle,-0.573,-4.606,479.589,484.195
2022-09-23,2022 National Championships,MA,Mark Macoubrie,Danial Ebling,-1.816,-14.738,479.589,494.327
2022-09-23,2022 National Championships,MA,Mark Macoubrie,Harold Denham,-1.840,-14.937,479.589,494.526
2022-09-23,2022 National Championships,MA,Mark Macoubrie,Diego De Castro,-1.926,-15.643,479.589,495.232
2022-09-23,2022 National Championships,MA,Mark Macoubrie,Jonathon Nagel,-2.253,-18.351,479.589,497.940
2022-09-23,2022 National Championships,MA,Mark Macoubrie,Joshua Campfield,-2.277,-18.553,479.589,498.142
2022-09-23,2022 National Championships,MA,Mark Macoubrie,Valerie Briley,-2.387,-19.465,479.589,499.054
2022-09-23,2022 National Championships,MA,Mark Macoubrie,Leonard Kirk,-2.554,-20.861,479.589,500.450
2022-09-23,2022 National Championships,MA,Mark Macoubrie,Drew Little,-2.645,-21.615,479.589,501.204
2022-09-23,2022 National Championships,MA,Mark Macoubrie,Angelica Miller,-2.761,-22.592,479.589,502.181
2022-09-23,2022 National Championships,MA,Mark Macoubrie,Glenn Farrant,-3.982,-32.919,479.589,512.508
2022-09-23,2022 National Championships,MA,Mark Macoubrie,Dillon Nafziger,-4.265,-35.343,479.589,514.932
2022-09-23,2022 National Championships,MA,Mark Macoubrie,Alicia Quiet,-4.418,-36.660,479.589,516.249
2022-09-23,2022 National Championships,MA,Mark Macoubrie,Elizabeth Austin,-4.601,-38.239,479.589,517.828
2022-09-23,2022 National Championships,MA,Mark Macoubrie,Benjamin Howe,-4.884,-40.692,479.589,520.281
2022-09-23,2022 National Championships,MA,Mark Macoubrie,Bob Martin,-4.915,-40.962,479.589,520.551
2023-10-06,2023 National Championship,MA,Mark Macoubrie,Chris Endres,1.365,13.352,593.587,580.235
2023-10-06,2023 National Championship,MA,Mark Macoubrie,Todd Briley,0.247,2.435,593.587,591.152
2023-10-06,2023 National Championship,MA,Mark Macoubrie,Danial Ebling,-1.268,-12.677,593.587,606.264
2023-10-06,2023 National Championship,MA,Mark Macoubrie,Niles Davis,-1.324,-13.246,593.587,606.833
2023-10-06,2023 National Championship,MA,Mark Macoubrie,Shane Blankenship,-1.390,-13.910,593.587,607.497
2023-10-06,2023 National Championship,MA,Mark Macoubrie,Benjamin Howe,-2.243,-22.613,593.587,616.200
2023-10-06,2023 National Championship,MA,Mark Macoubrie,Alex Reinkordt,-2.546,-25.737,593.587,619.324
2023-10-06,2023 National Championship,MA,Mark Macoubrie,Kevin Schatz,-2.789,-28.249,593.587,621.836
2023-10-06,2023 National Championship,MA,Mark Macoubrie,Valerie Briley,-3.474,-35.392,593.587,628.979
2023-10-06,2023 National Championship,MA,Mark Macoubrie,Joshua Campfield,-4.284,-43.949,593.587,637.536
2023-10-06,2023 National Championship,MA,Mark Macoubrie,Nefty Bloom,-5.028,-51.915,593.587,645.502
2023-10-06,2023 National Championship,MA,Mark Macoubrie,Ryan Plourde,-5.540,-57.460,593.587,651.047
2023-10-06,2023 National Championship,MA,Mark Macoubrie,Joshua Mefford,-6.004,-62.532,593.587,656.119
2023-10-06,2023 National Championship,MA,Mark Macoubrie,Jess Moeding,-7.363,-77.607,593.587,671.194
2023-10-06,2023 National Championship,MA,Mark Macoubrie,Austin Dowda,-7.933,-84.042,593.587,677.629
2023-10-06,2023 National Championship,MA,Mark Macoubrie,Kent Hamilton,-9.065,-97.011,593.587,690.598
2023-10-06,2023 National Championship,MA,Mark Macoubrie,Blake McIntyre,-10.373,-112.332,593.587,705.919
2023-10-06,2023 National Championship,MA,Mark Macoubrie,Chris Delaney,-10.442,-113.154,593.587,706.741
2023-10-06,2023 National Championship,MA,Mark Macoubrie,Jonathan Olschewski,-10.766,-117.012,593.587,710.599
2023-10-06,2023 National Championship,MA,Mark Macoubrie,James Woodward,-11.805,-129.526,593.587,723.113
2024-10-18,2024 National Championships,MA,Mark Macoubrie,Warren Elliott,-0.030,-0.347,688.998,689.345
2024-10-18,2024 National Championships,MA,Mark Macoubrie,Benjamin Howe,-1.333,-15.480,688.998,704.478
2024-10-18,2024 National Championships,MA,Mark Macoubrie,Michael Detota,-1.474,-17.136,688.998,706.134
2024-10-18,2024 National Championships,MA,Mark Macoubrie,Aaron Booms,-1.676,-19.513,688.998,708.511
2024-10-18,2024 National Championships,MA,Mark Macoubrie,Alan Rodriguez,-1.916,-22.354,688.998,711.352
2024-10-18,2024 National Championships,MA,Mark Macoubrie,Chris Delaney,-2.587,-30.366,688.998,719.364
2024-10-18,2024 National Championships,MA,Mark Macoubrie,James Woodward,-3.409,-40.296,688.998,729.294
2025-10-17,2025 National Championship,MA,Michael Tritt,Todd Briley,2.385,26.868,689.431,662.563
2025-10-17,2025 National Championship,MA,Michael Tritt,Mark Macoubrie,1.005,11.450,689.431,677.981
2025-10-17,2025 National Championship,MA,Michael Tritt,Benjamin Howe,0.727,8.301,689.431,681.130
2025-10-17,2025 National Championship,MA,Michael Tritt,Aaron Booms,0.284,3.261,689.431,686.170
2025-10-17,2025 National Championship,MA,Michael Tritt,Alan Rodriguez,-1.197,-13.894,689.431,703.325
2025-10-17,2025 National Championship,MA,Michael Tritt,Benji Knox,-1.446,-16.821,689.431,706.252
2025-10-17,2025 National Championship,MA,Michael Tritt,Jason Baney,-2.128,-24.897,689.431,714.328
2025-10-17,2025 National Championship,MA,Michael Tritt,Michael Sedlack,-4.859,-58.194,689.431,747.625
2025-10-17,2025 National Championship,MA,Michael Tritt,Nicholas Stoll,-4.944,-59.249,689.431,748.680
2025-10-17,2025 National Championship,MA,Michael Tritt,John Barnett,-10.485,-132.012,689.431,821.443
2025-07-05,2025 Midwest Divisional,MA,Michael Tritt,Leon Drake,2.106,28.888,837.623,808.735
2025-07-05,2025 Midwest Divisional,MA,Michael Tritt,Jeff Maize,-2.870,-41.052,837.623,878.675
2025-07-05,2025 Midwest Divisional,MA,Michael Tritt,Jason Baney,-3.355,-48.188,837.623,885.811
2025-07-05,2025 Midwest Divisional,MA,Michael Tritt,Amanda Maize,-13.173,-206.583,837.623,1044.206
2025-10-17,2025 National Championship,MA,Benji Knox,Todd Briley,3.830,43.689,706.252,662.563
2025-10-17,2025 National Championship,MA,Benji Knox,Mark Macoubrie,2.451,28.271,706.252,677.981
2025-10-17,2025 National Championship,MA,Benji Knox,Benjamin Howe,2.173,25.122,706.252,681.130
2025-10-17,2025 National Championship,MA,Benji Knox,Aaron Booms,1.731,20.082,706.252,686.170
2025-10-17,2025 National Championship,MA,Benji Knox,Michael Tritt,1.446,16.821,706.252,689.431
2025-10-17,2025 National Championship,MA,Benji Knox,Alan Rodriguez,0.249,2.927,706.252,703.325
2025-10-17,2025 National Championship,MA,Benji Knox,Jason Baney,-0.682,-8.076,706.252,714.328
2025-10-17,2025 National Championship,MA,Benji Knox,Michael Sedlack,-3.415,-41.373,706.252,747.625
2025-10-17,2025 National Championship,MA,Benji Knox,Nicholas Stoll,-3.499,-42.428,706.252,748.680
2025-10-17,2025 National Championship,MA,Benji Knox,John Barnett,-9.048,-115.191,706.252,821.443
2025-10-17,2025 National Championship,MA,Jason Baney,Todd Briley,4.511,51.765,714.328,662.563
2025-10-17,2025 National Championship,MA,Jason Baney,Mark Macoubrie,3.133,36.347,714.328,677.981
2025-10-17,2025 National Championship,MA,Jason Baney,Benjamin Howe,2.855,33.198,714.328,681.130
2025-10-17,2025 National Championship,MA,Jason Baney,Aaron Booms,2.413,28.158,714.328,686.170
2025-10-17,2025 National Championship,MA,Jason Baney,Michael Tritt,2.128,24.897,714.328,689.431
2025-10-17,2025 National Championship,MA,Jason Baney,Alan Rodriguez,0.931,11.003,714.328,703.325
2025-10-17,2025 National Championship,MA,Jason Baney,Benji Knox,0.682,8.076,714.328,706.252
2025-10-17,2025 National Championship,MA,Jason Baney,Michael Sedlack,-2.733,-33.297,714.328,747.625
2025-10-17,2025 National Championship,MA,Jason Baney,Nicholas Stoll,-2.818,-34.352,714.328,748.680
2025-10-17,2025 National Championship,MA,Jason Baney,John Barnett,-8.370,-107.115,714.328,821.443
2024-06-14,2024 Central Divisional,MA,Jason Baney,Todd Briley,1.351,23.826,1070.094,1046.268
2024-06-14,2024 Central Divisional,MA,Jason Baney,Valerie Briley,-1.501,-27.102,1070.094,1097.196
2024-06-14,2024 Central Divisional,MA,Jason Baney,Nefty Bloom,-2.414,-43.937,1070.094,1114.031
2025-07-05,2025 Midwest Divisional,MA,Jason Baney,Leon Drake,5.458,77.076,885.811,808.735
2025-07-05,2025 Midwest Divisional,MA,Jason Baney,Michael Tritt,3.355,48.188,885.811,837.623
2025-07-05,2025 Midwest Divisional,MA,Jason Baney,Jeff Maize,0.485,7.136,885.811,878.675
2025-07-05,2025 Midwest Divisional,MA,Jason Baney,Amanda Maize,-9.848,-158.395,885.811,1044.206
2025-10-17,2025 National Championship,MA,John Barnett,Todd Briley,12.847,158.880,821.443,662.563
2025-10-17,2025 National Championship,MA,John Barnett,Mark Macoubrie,11.481,143.462,821.443,677.981
2025-10-17,2025 National Championship,MA,John Barnett,Benjamin Howe,11.206,140.313,821.443,681.130
2025-10-17,2025 National Championship,MA,John Barnett,Aaron Booms,10.767,135.273,821.443,686.170
2025-10-17,2025 National Championship,MA,John Barnett,Michael Tritt,10.485,132.012,821.443,689.431
2025-10-17,2025 National Championship,MA,John Barnett,Alan Rodriguez,9.296,118.118,821.443,703.325
2025-10-17,2025 National Championship,MA,John Barnett,Benji Knox,9.048,115.191,821.443,706.252
2025-10-17,2025 National Championship,MA,John Barnett,Jason Baney,8.370,107.115,821.443,714.328
2025-10-17,2025 National Championship,MA,John Barnett,Michael Sedlack,5.645,73.818,821.443,747.625
2025-10-17,2025 National Championship,MA,John Barnett,Nicholas Stoll,5.561,72.763,821.443,748.680
2025-10-17,2025 National Championship,US,Timothy Luporini,Evan Williams,0.607,7.124,707.624,700.500
2025-10-17,2025 National Championship,US,Timothy Luporini,Ed Trudeau,0.386,4.543,707.624,703.081
2025-10-17,2025 National Championship,US,Timothy Luporini,Jonathan Coatney,-3.515,-42.705,707.624,750.329
2025-10-17,2025 National Championship,US,Timothy Luporini,Stephen Parsons,-6.306,-78.491,707.624,786.115
2025-10-17,2025 National Championship,US,Jonathan Coatney,Evan Williams,4.121,49.829,750.329,700.500
2025-10-17,2025 National Championship,US,Jonathan Coatney,Ed Trudeau,3.901,47.248,750.329,703.081
2025-10-17,2025 National Championship,US,Jonathan Coatney,Timothy Luporini,3.515,42.705,750.329,707.624
2025-10-17,2025 National Championship,US,Jonathan Coatney,Stephen Parsons,-2.795,-35.786,750.329,786.115
2025-10-17,2025 National Championship,RT,Jody Trivette,Eli Drennan,3.044,43.403,877.313,833.910
2025-10-17,2025 National Championship,RT,Jody Trivette,Michael Donovan,1.186,17.171,877.313,860.142
2025-10-17,2025 National Championship,RT,Jody Trivette,Ashley Roper,-3.607,-54.371,877.313,931.684
2025-10-17,2025 National Championship,RT,Jody Trivette,Steve Cerqueira,-5.376,-82.289,877.313,959.602
2025-10-17,2025 National Championship,RT,Jody Trivette,Edwin Estep,-9.115,-144.238,877.313,1021.551
2025-10-17,2025 National Championship,RT,Jody Trivette,Meagan Cerqueira,-9.330,-147.931,877.313,1025.244
2024-10-18,2024 National Championships,SF,Donald Carl,Tom Harrington,-0.219,-2.585,705.863,708.448
2024-10-18,2024 National Championships,SF,Donald Carl,Hubert Borowski,-0.278,-3.284,705.863,709.147
2024-10-18,2024 National Championships,SF,Donald Carl,Vincent Dozeman,-1.457,-17.356,705.863,723.219
2024-10-18,2024 National Championships,SF,Donald Carl,Shawna Bowman,-2.309,-27.703,705.863,733.566
2024-10-18,2024 National Championships,SF,Donald Carl,Johnny Brewster,-2.887,-34.806,705.863,740.669
2024-10-18,2024 National Championships,SF,Donald Carl,Lee Reynolds,-3.612,-43.815,705.863,749.678
2024-10-18,2024 National Championships,SF,Donald Carl,Samantha Steelman,-3.743,-45.454,705.863,751.317
2024-10-18,2024 National Championships,SF,Donald Carl,Kane Nale,-7.103,-88.819,705.863,794.682
2024-10-18,2024 National Championships,SF,Donald Carl,Chris Crafford,-7.278,-91.156,705.863,797.019
2024-06-14,2024 Central Divisional,PA,Jeff Maize,Mark Hill,0.023,0.408,1081.604,1081.196
2024-06-14,2024 Central Divisional,PA,Jeff Maize,Amanda Maize,-9.710,-190.452,1081.604,1272.056
2024-06-14,2024 Central Divisional,PA,Amanda Maize,Mark Hill,9.733,190.860,1272.056,1081.196
2024-06-14,2024 Central Divisional,PA,Amanda Maize,Jeff Maize,9.710,190.452,1272.056,1081.604
2024-06-14,2024 Central Divisional,PF,Broxlin Pace,Jim Rowland,7.916,153.571,1240.740,1087.169
2024-06-14,2024 Central Divisional,PF,Broxlin Pace,Bradley Kropp,5.296,104.888,1240.740,1135.852
2024-06-14,2024 Central Divisional,PR,Kevin Roewe,James Green,1.899,36.696,1177.625,1140.929
2024-06-14,2024 Central Divisional,MA,Nefty Bloom,Todd Briley,3.764,67.763,1114.031,1046.268
2024-06-14,2024 Central Divisional,MA,Nefty Bloom,Jason Baney,2.414,43.937,1114.031,1070.094
2024-06-14,2024 Central Divisional,MA,Nefty Bloom,Valerie Briley,0.914,16.835,1114.031,1097.196
2023-10-06,2023 National Championship,MA,Nefty Bloom,Chris Endres,6.390,65.267,645.502,580.235
2023-10-06,2023 National Championship,MA,Nefty Bloom,Todd Briley,5.274,54.350,645.502,591.152
2023-10-06,2023 National Championship,MA,Nefty Bloom,Mark Macoubrie,5.028,51.915,645.502,593.587
2023-10-06,2023 National Championship,MA,Nefty Bloom,Danial Ebling,3.762,39.238,645.502,606.264
2023-10-06,2023 National Championship,MA,Nefty Bloom,Niles Davis,3.705,38.669,645.502,606.833
2023-10-06,2023 National Championship,MA,Nefty Bloom,Shane Blankenship,3.640,38.005,645.502,607.497
2023-10-06,2023 National Championship,MA,Nefty Bloom,Benjamin Howe,2.787,29.302,645.502,616.200
2023-10-06,2023 National Championship,MA,Nefty Bloom,Alex Reinkordt,2.484,26.178,645.502,619.324
2023-10-06,2023 National Championship,MA,Nefty Bloom,Kevin Schatz,2.241,23.666,645.502,621.836
2023-10-06,2023 National Championship,MA,Nefty Bloom,Valerie Briley,1.556,16.523,645.502,628.979
2023-10-06,2023 National Championship,MA,Nefty Bloom,Joshua Campfield,0.745,7.966,645.502,637.536
2023-10-06,2023 National Championship,MA,Nefty Bloom,Ryan Plourde,-0.513,-5.545,645.502,651.047
2023-10-06,2023 National Championship,MA,Nefty Bloom,Joshua Mefford,-0.979,-10.617,645.502,656.119
2023-10-06,2023 National Championship,MA,Nefty Bloom,Jess Moeding,-2.341,-25.692,645.502,671.194
2023-10-06,2023 National Championship,MA,Nefty Bloom,Austin Dowda,-2.914,-32.127,645.502,677.629
2023-10-06,2023 National Championship,MA,Nefty Bloom,Kent Hamilton,-4.050,-45.096,645.502,690.598
2023-10-06,2023 National Championship,MA,Nefty Bloom,Blake McIntyre,-5.365,-60.417,645.502,705.919
2023-10-06,2023 National Championship,MA,Nefty Bloom,Chris Delaney,-5.434,-61.239,645.502,706.741
2023-10-06,2023 National Championship,MA,Nefty Bloom,Jonathan Olschewski,-5.760,-65.097,645.502,710.599
2023-10-06,2023 National Championship,MA,Nefty Bloom,James Woodward,-6.805,-77.611,645.502,723.113
2024-06-14,2024 Central Divisional,MF,Blanton Payne,Justin Harris,-3.403,-60.787,1041.489,1102.276
2024-06-14,2024 Central Divisional,MF,Blanton Payne,Jacob Light,-4.386,-79.012,1041.489,1120.501
2024-06-14,2024 Central Divisional,MF,Blanton Payne,Greg Cheney,-5.325,-96.718,1041.489,1138.207
2024-06-14,2024 Central Divisional,MF,Blanton Payne,Zechariah Hooker,-9.017,-169.236,1041.489,1210.725
2023-10-06,2023 National Championship,MF,Blanton Payne,Zbigniew Lorenc,0.903,9.461,633.043,623.582
2023-10-06,2023 National Championship,MF,Blanton Payne,Jarrod Barlow,-1.157,-12.329,633.043,645.372
2023-10-06,2023 National Championship,MF,Blanton Payne,Donald Carl,-1.171,-12.476,633.043,645.519
2023-10-06,2023 National Championship,MF,Blanton Payne,Kevin Murphy,-1.815,-19.446,633.043,652.489
2023-10-06,2023 National Championship,MF,Blanton Payne,Brian Peel,-3.371,-36.592,633.043,669.635
2023-10-06,2023 National Championship,MF,Blanton Payne,Sean Grubb,-3.387,-36.770,633.043,669.813
2023-10-06,2023 National Championship,MF,Blanton Payne,Josh Karczewski,-3.790,-41.289,633.043,674.332
2023-10-06,2023 National Championship,MF,Blanton Payne,Bret Hunter,-7.152,-80.242,633.043,713.285
2024-10-18,2024 National Championships,MF,Blanton Payne,Andy Thomas,0.349,3.994,687.971,683.977
2024-10-18,2024 National Championships,MF,Blanton Payne,Zbigniew Lorenc,0.209,2.395,687.971,685.576
2024-10-18,2024 National Championships,MF,Blanton Payne,Jarrod Barlow,-1.124,-13.006,687.971,700.977
2024-10-18,2024 National Championships,MF,Blanton Payne,Colin Kilby,-1.549,-17.997,687.971,705.968
2024-10-18,2024 National Championships,MF,Blanton Payne,Justin Harris,-1.882,-21.924,687.971,709.895
2024-10-18,2024 National Championships,MF,Blanton Payne,Brian Peel,-1.941,-22.623,687.971,710.594
2024-10-18,2024 National Championships,MF,Blanton Payne,Bret Hunter,-2.156,-25.173,687.971,713.144
2024-10-18,2024 National Championships,MF,Blanton Payne,Jim Rowland,-2.234,-26.105,687.971,714.076
2024-10-18,2024 National Championships,MF,Blanton Payne,John Schellenberg,-3.560,-42.069,687.971,730.040
2024-10-18,2024 National Championships,MF,Blanton Payne,Logan Dehne,-3.577,-42.277,687.971,730.248
2024-10-18,2024 National Championships,MF,Blanton Payne,William Dehne,-4.984,-59.628,687.971,747.599
2024-10-18,2024 National Championships,MF,Blanton Payne,Jerry Ashmore,-5.481,-65.848,687.971,753.819
2024-10-18,2024 National Championships,MF,Blanton Payne,Josh Karczewski,-6.007,-72.505,687.971,760.476
2024-10-18,2024 National Championships,MF,Blanton Payne,Pete Bates,-8.538,-105.395,687.971,793.366
2024-10-18,2024 National Championships,MF,Blanton Payne,Alan Hoppe Jr,-12.330,-157.569,687.971,845.540
2024-10-18,2024 National Championships,MF,Blanton Payne,Alan Hoppe,-12.690,-162.706,687.971,850.677
2024-06-14,2024 Central Divisional,MF,Jacob Light,Blanton Payne,4.386,79.012,1120.501,1041.489
2024-06-14,2024 Central Divisional,MF,Jacob Light,Justin Harris,0.984,18.225,1120.501,1102.276
2024-06-14,2024 Central Divisional,MF,Jacob Light,Greg Cheney,-0.941,-17.706,1120.501,1138.207
2024-06-14,2024 Central Divisional,MF,Jacob Light,Zechariah Hooker,-4.644,-90.224,1120.501,1210.725
2024-06-14,2024 Central Divisional,MF,Greg Cheney,Blanton Payne,5.325,96.718,1138.207,1041.489
2024-06-14,2024 Central Divisional,MF,Greg Cheney,Justin Harris,1.924,35.931,1138.207,1102.276
2024-06-14,2024 Central Divisional,MF,Greg Cheney,Jacob Light,0.941,17.706,1138.207,1120.501
2024-06-14,2024 Central Divisional,MF,Greg Cheney,Zechariah Hooker,-3.705,-72.518,1138.207,1210.725
2024-06-14,2024 Central Divisional,MF,Zechariah Hooker,Blanton Payne,9.017,169.236,1210.725,1041.489
2024-06-14,2024 Central Divisional,MF,Zechariah Hooker,Justin Harris,5.626,108.449,1210.725,1102.276
2024-06-14,2024 Central Divisional,MF,Zechariah Hooker,Jacob Light,4.644,90.224,1210.725,1120.501
2024-06-14,2024 Central Divisional,MF,Zechariah Hooker,Greg Cheney,3.705,72.518,1210.725,1138.207
2024-06-14,2024 Central Divisional,MR,Joshua Davis,Michael Stock,-0.053,-1.009,1140.511,1141.520
2024-06-14,2024 Central Divisional,MR,Joshua Davis,Doug Leibman,-1.522,-29.311,1140.511,1169.822
2024-06-14,2024 Central Divisional,MR,Joshua Davis,Randy Puls,-5.209,-103.502,1140.511,1244.013
2024-06-14,2024 Central Divisional,MR,Joshua Davis,Susan Puls,-7.786,-158.276,1140.511,1298.787
2022-09-23,2022 National Championships,MR,Joshua Davis,Leon Drake,1.419,12.856,550.102,537.246
2022-09-23,2022 National Championships,MR,Joshua Davis,Doug Leibman,-1.374,-12.741,550.102,562.843
2022-09-23,2022 National Championships,MR,Joshua Davis,Kellen McIntyre,-2.275,-21.263,550.102,571.365
2022-09-23,2022 National Championships,MR,Joshua Davis,Ryan Redenbaugh,-2.569,-24.066,550.102,574.168
2022-09-23,2022 National Championships,MR,Joshua Davis,Brian Tefft Sr,-2.727,-25.586,550.102,575.688
2022-09-23,2022 National Championships,MR,Joshua Davis,Bill Taylor,-3.255,-30.679,550.102,580.781
2022-09-23,2022 National Championships,MR,Joshua Davis,Ian Jennings,-4.200,-39.908,550.102,590.010
2022-09-23,2022 National Championships,MR,Joshua Davis,Brian Strack,-4.215,-40.053,550.102,590.155
2022-09-23,2022 National Championships,MR,Joshua Davis,Kyle McIntyre,-4.969,-47.522,550.102,597.624
2024-06-14,2024 Central Divisional,MR,Michael Stock,Joshua Davis,0.053,1.009,1141.520,1140.511
2024-06-14,2024 Central Divisional,MR,Michael Stock,Doug Leibman,-1.469,-28.302,1141.520,1169.822
2024-06-14,2024 Central Divisional,MR,Michael Stock,Randy Puls,-5.156,-102.493,1141.520,1244.013
2024-06-14,2024 Central Divisional,MR,Michael Stock,Susan Puls,-7.733,-157.267,1141.520,1298.787
2024-06-14,2024 Central Divisional,MR,Randy Puls,Joshua Davis,5.209,103.502,1244.013,1140.511
2024-06-14,2024 Central Divisional,MR,Randy Puls,Michael Stock,5.156,102.493,1244.013,1141.520
2024-06-14,2024 Central Divisional,MR,Randy Puls,Doug Leibman,3.688,74.191,1244.013,1169.822
2024-06-14,2024 Central Divisional,MR,Randy Puls,Susan Puls,-2.585,-54.774,1244.013,1298.787
2024-06-14,2024 Central Divisional,MR,Susan Puls,Joshua Davis,7.786,158.276,1298.787,1140.511
2024-06-14,2024 Central Divisional,MR,Susan Puls,Michael Stock,7.733,157.267,1298.787,1141.520
2024-06-14,2024 Central Divisional,MR,Susan Puls,Doug Leibman,6.269,128.965,1298.787,1169.822
2024-06-14,2024 Central Divisional,MR,Susan Puls,Randy Puls,2.585,54.774,1298.787,1244.013
2024-06-01,2024 Pacific Divisional day one,MA,Elijah Kleeman,Nicholas Ormiston,2.780,22.935,506.466,483.531
2024-06-01,2024 Pacific Divisional day one,MA,Elijah Kleeman,Sean Spring,-0.324,-2.745,506.466,509.211
2024-06-01,2024 Pacific Divisional day one,MA,Elijah Kleeman,Brent Blakely,-0.566,-4.803,506.466,511.269
2024-06-01,2024 Pacific Divisional day one,MA,Elijah Kleeman,Skye Romanoff,-4.314,-37.771,506.466,544.237
2024-06-01,2024 Pacific Divisional day one,MA,Elijah Kleeman,Jane Lien,-6.258,-55.728,506.466,562.194
2024-06-01,2024 Pacific Divisional day one,MA,Brent Blakely,Nicholas Ormiston,3.346,27.738,511.269,483.531
2024-06-01,2024 Pacific Divisional day one,MA,Brent Blakely,Elijah Kleeman,0.566,4.803,511.269,506.466
2024-06-01,2024 Pacific Divisional day one,MA,Brent Blakely,Sean Spring,0.242,2.058,511.269,509.211
2024-06-01,2024 Pacific Divisional day one,MA,Brent Blakely,Skye Romanoff,-3.748,-32.968,511.269,544.237
2024-06-01,2024 Pacific Divisional day one,MA,Brent Blakely,Jane Lien,-5.693,-50.925,511.269,562.194
2024-06-01,2024 Pacific Divisional day one,MA,Skye Romanoff,Nicholas Ormiston,7.088,60.706,544.237,483.531
2024-06-01,2024 Pacific Divisional day one,MA,Skye Romanoff,Elijah Kleeman,4.314,37.771,544.237,506.466
2024-06-01,2024 Pacific Divisional day one,MA,Skye Romanoff,Sean Spring,3.990,35.026,544.237,509.211
2024-06-01,2024 Pacific Divisional day one,MA,Skye Romanoff,Brent Blakely,3.748,32.968,544.237,511.269
2024-06-01,2024 Pacific Divisional day one,MA,Skye Romanoff,Jane Lien,-1.948,-17.957,544.237,562.194
2024-06-01,2024 Pacific Divisional day one,MA,Jane Lien,Nicholas Ormiston,9.027,78.663,562.194,483.531
2024-06-01,2024 Pacific Divisional day one,MA,Jane Lien,Elijah Kleeman,6.258,55.728,562.194,506.466
2024-06-01,2024 Pacific Divisional day one,MA,Jane Lien,Sean Spring,5.934,52.983,562.194,509.211
2024-06-01,2024 Pacific Divisional day one,MA,Jane Lien,Brent Blakely,5.693,50.925,562.194,511.269
2024-06-01,2024 Pacific Divisional day one,MA,Jane Lien,Skye Romanoff,1.948,17.957,562.194,544.237
2024-06-01,2024 Pacific Divisional day one,MF,Grover Davis,D'John Keith,-0.150,-1.307,521.283,522.590
2024-06-01,2024 Pacific Divisional day one,MF,Grover Davis,Vincent Dozeman,-0.270,-2.353,521.283,523.636
2024-06-01,2024 Pacific Divisional day one,MF,Grover Davis,Sanjay Singh,-2.726,-24.232,521.283,545.515
2024-06-01,2024 Pacific Divisional day one,MF,D'John Keith,Grover Davis,0.150,1.307,522.590,521.283
2024-06-01,2024 Pacific Divisional day one,MF,D'John Keith,Vincent Dozeman,-0.120,-1.046,522.590,523.636
2024-06-01,2024 Pacific Divisional day one,MF,D'John Keith,Sanjay Singh,-2.576,-22.925,522.590,545.515
2024-06-01,2024 Pacific Divisional day one,MF,Sanjay Singh,Grover Davis,2.726,24.232,545.515,521.283
2024-06-01,2024 Pacific Divisional day one,MF,Sanjay Singh,D'John Keith,2.576,22.925,545.515,522.590
2024-06-01,2024 Pacific Divisional day one,MF,Sanjay Singh,Vincent Dozeman,2.456,21.879,545.515,523.636
2024-06-01,2024 Pacific Divisional day one,MR,Tyler Johnson-Williams,Philip Mickleborough,0.655,5.838,537.931,532.093
2024-06-01,2024 Pacific Divisional day one,MR,Tyler Johnson-Williams,Nigel Mott,-1.609,-14.620,537.931,552.551
2024-06-01,2024 Pacific Divisional day one,MR,Tyler Johnson-Williams,Clinton Padilla,-2.293,-20.957,537.931,558.888
2024-06-01,2024 Pacific Divisional day one,MR,Tyler Johnson-Williams,Damon Espino,-5.581,-52.474,537.931,590.405
2024-06-01,2024 Pacific Divisional day one,MR,Clinton Padilla,Philip Mickleborough,2.947,26.795,558.888,532.093
2024-06-01,2024 Pacific Divisional day one,MR,Clinton Padilla,Tyler Johnson-Williams,2.293,20.957,558.888,537.931
2024-06-01,2024 Pacific Divisional day one,MR,Clinton Padilla,Nigel Mott,0.684,6.337,558.888,552.551
2024-06-01,2024 Pacific Divisional day one,MR,Clinton Padilla,Damon Espino,-3.291,-31.517,558.888,590.405
2024-06-01,2024 Pacific Divisional day one,MR,Damon Espino,Philip Mickleborough,6.234,58.312,590.405,532.093
2024-06-01,2024 Pacific Divisional day one,MR,Damon Espino,Tyler Johnson-Williams,5.581,52.474,590.405,537.931
2024-06-01,2024 Pacific Divisional day one,MR,Damon Espino,Nigel Mott,3.974,37.854,590.405,552.551
2024-06-01,2024 Pacific Divisional day one,MR,Damon Espino,Clinton Padilla,3.291,31.517,590.405,558.888
2024-06-01,2024 Pacific Divisional day one,PA,Cory Siler,Sevag Chanchanian,-0.044,-0.377,516.812,517.189
2024-06-01,2024 Pacific Divisional day one,PA,Cory Siler,Eric Sinclair,-1.843,-16.120,516.812,532.932
2024-06-01,2024 Pacific Divisional day one,PA,Cory Siler,David Raskowsky,-2.876,-25.382,516.812,542.194
2024-06-01,2024 Pacific Divisional day one,PA,Cory Siler,Sam Borda,-3.815,-33.942,516.812,550.754
2024-06-01,2024 Pacific Divisional day one,PA,Cory Siler,Karan Bagga,-5.441,-49.092,516.812,565.904
2024-06-01,2024 Pacific Divisional day one,PA,Cory Siler,James Bingham,7.394,59.991,516.812,456.821
2024-06-01,2024 Pacific Divisional day one,PA,Sevag Chanchanian,Cory Siler,0.044,0.377,517.189,516.812
2024-06-01,2024 Pacific Divisional day one,PA,Sevag Chanchanian,Eric Sinclair,-1.799,-15.743,517.189,532.932
2024-06-01,2024 Pacific Divisional day one,PA,Sevag Chanchanian,David Raskowsky,-2.832,-25.005,517.189,542.194
2024-06-01,2024 Pacific Divisional day one,PA,Sevag Chanchanian,Sam Borda,-3.772,-33.565,517.189,550.754
2024-06-01,2024 Pacific Divisional day one,PA,Sevag Chanchanian,Karan Bagga,-5.397,-48.715,517.189,565.904
2024-06-01,2024 Pacific Divisional day one,PA,Sevag Chanchanian,James Bingham,7.437,60.368,517.189,456.821
2024-06-01,2024 Pacific Divisional day one,PA,Eric Sinclair,Cory Siler,1.843,16.120,532.932,516.812
2024-06-01,2024 Pacific Divisional day one,PA,Eric Sinclair,Sevag Chanchanian,1.799,15.743,532.932,517.189
2024-06-01,2024 Pacific Divisional day one,PA,Eric Sinclair,David Raskowsky,-1.034,-9.262,532.932,542.194
2024-06-01,2024 Pacific Divisional day one,PA,Eric Sinclair,Sam Borda,-1.973,-17.822,532.932,550.754
2024-06-01,2024 Pacific Divisional day one,PA,Eric Sinclair,Karan Bagga,-3.601,-32.972,532.932,565.904
2024-06-01,2024 Pacific Divisional day one,PA,Eric Sinclair,James Bingham,9.228,76.111,532.932,456.821
2024-06-01,2024 Pacific Divisional day one,PA,David Raskowsky,Cory Siler,2.876,25.382,542.194,516.812
2024-06-01,2024 Pacific Divisional day one,PA,David Raskowsky,Sevag Chanchanian,2.832,25.005,542.194,517.189
2024-06-01,2024 Pacific Divisional day one,PA,David Raskowsky,Eric Sinclair,1.034,9.262,542.194,532.932
2024-06-01,2024 Pacific Divisional day one,PA,David Raskowsky,Sam Borda,-0.940,-8.560,542.194,550.754
2024-06-01,2024 Pacific Divisional day one,PA,David Raskowsky,Karan Bagga,-2.568,-23.710,542.194,565.904
2024-06-01,2024 Pacific Divisional day one,PA,David Raskowsky,James Bingham,10.255,85.373,542.194,456.821
2024-06-01,2024 Pacific Divisional day one,PA,Sam Borda,Cory Siler,3.815,33.942,550.754,516.812
2024-06-01,2024 Pacific Divisional day one,PA,Sam Borda,Sevag Chanchanian,3.772,33.565,550.754,517.189
2024-06-01,2024 Pacific Divisional day one,PA,Sam Borda,Eric Sinclair,1.973,17.822,550.754,532.932
2024-06-01,2024 Pacific Divisional day one,PA,Sam Borda,David Raskowsky,0.940,8.560,550.754,542.194
2024-06-01,2024 Pacific Divisional day one,PA,Sam Borda,Karan Bagga,-1.628,-15.150,550.754,565.904
2024-06-01,2024 Pacific Divisional day one,PA,Sam Borda,James Bingham,11.187,93.933,550.754,456.821
2024-06-01,2024 Pacific Divisional day one,PA,Karan Bagga,Cory Siler,5.441,49.092,565.904,516.812
2024-06-01,2024 Pacific Divisional day one,PA,Karan Bagga,Sevag Chanchanian,5.397,48.715,565.904,517.189
2024-06-01,2024 Pacific Divisional day one,PA,Karan Bagga,Eric Sinclair,3.601,32.972,565.904,532.932
2024-06-01,2024 Pacific Divisional day one,PA,Karan Bagga,David Raskowsky,2.568,23.710,565.904,542.194
2024-06-01,2024 Pacific Divisional day one,PA,Karan Bagga,Sam Borda,1.628,15.150,565.904,550.754
2024-06-01,2024 Pacific Divisional day one,PA,Karan Bagga,James Bingham,12.799,109.083,565.904,456.821
2024-06-01,2024 Pacific Divisional day one,PA,James Bingham,Cory Siler,-7.394,-59.991,456.821,516.812
2024-06-01,2024 Pacific Divisional day one,PA,James Bingham,Sevag Chanchanian,-7.437,-60.368,456.821,517.189
2024-06-01,2024 Pacific Divisional day one,PA,James Bingham,Eric Sinclair,-9.228,-76.111,456.821,532.932
2024-06-01,2024 Pacific Divisional day one,PA,James Bingham,David Raskowsky,-10.255,-85.373,456.821,542.194
2024-06-01,2024 Pacific Divisional day one,PA,James Bingham,Sam Borda,-11.187,-93.933,456.821,550.754
2024-06-01,2024 Pacific Divisional day one,PA,James Bingham,Karan Bagga,-12.799,-109.083,456.821,565.904
2024-06-01,2024 Pacific Divisional day one,PF,Gurbaj Gurbaj,Bill Martin,45.600,329.160,597.683,268.523
2024-06-01,2024 Pacific Divisional day one,PF,Bill Martin,Gurbaj Gurbaj,-45.600,-329.160,268.523,597.683
2024-06-01,2024 Pacific Divisional day one,SA,Casey Weeks,Blake McPherson,-3.107,-30.027,564.763,594.790
2024-06-01,2024 Pacific Divisional day one,SA,Casey Weeks,Steven Salinas,-3.285,-31.791,564.763,596.554
2024-06-01,2024 Pacific Divisional day one,SA,Casey Weeks,Richard Schreiber,-3.622,-35.153,564.763,599.916
2024-06-01,2024 Pacific Divisional day one,SA,Casey Weeks,Sylvain Colin,-4.523,-44.237,564.763,609.000
2024-06-01,2024 Pacific Divisional day one,SA,Casey Weeks,Christopher Sochan,-5.068,-49.812,564.763,614.575
2024-06-01,2024 Pacific Divisional day one,SA,Casey Weeks,Nikita Latman,-4.857,-47.649,564.763,612.412
2024-06-01,2024 Pacific Divisional day one,SA,Casey Weeks,Aleksandr Latman,-8.126,-82.039,564.763,646.802
2024-06-01,2024 Pacific Divisional day one,SA,Casey Weeks,Roger Dumas,-8.628,-87.504,564.763,652.267
2024-06-01,2024 Pacific Divisional day one,SA,Blake McPherson,Casey Weeks,3.107,30.027,594.790,564.763
2024-06-01,2024 Pacific Divisional day one,SA,Blake McPherson,Steven Salinas,-0.178,-1.764,594.790,596.554
2024-06-01,2024 Pacific Divisional day one,SA,Blake McPherson,Richard Schreiber,-0.515,-5.126,594.790,599.916
2024-06-01,2024 Pacific Divisional day one,SA,Blake McPherson,Sylvain Colin,-1.417,-14.210,594.790,609.000
2024-06-01,2024 Pacific Divisional day one,SA,Blake McPherson,Christopher Sochan,-1.963,-19.785,594.790,614.575
2024-06-01,2024 Pacific Divisional day one,SA,Blake McPherson,Nikita Latman,-1.752,-17.622,594.790,612.412
2024-06-01,2024 Pacific Divisional day one,SA,Blake McPherson,Aleksandr Latman,-5.027,-52.012,594.790,646.802
2024-06-01,2024 Pacific Divisional day one,SA,Blake McPherson,Roger Dumas,-5.531,-57.477,594.790,652.267
2024-06-01,2024 Pacific Divisional day one,SA,Steven Salinas,Casey Weeks,3.285,31.791,596.554,564.763
2024-06-01,2024 Pacific Divisional day one,SA,Steven Salinas,Blake McPherson,0.178,1.764,596.554,594.790
2024-06-01,2024 Pacific Divisional day one,SA,Steven Salinas,Richard Schreiber,-0.337,-3.362,596.554,599.916
2024-06-01,2024 Pacific Divisional day one,SA,Steven Salinas,Sylvain Colin,-1.239,-12.446,596.554,609.000
2024-06-01,2024 Pacific Divisional day one,SA,Steven Salinas,Christopher Sochan,-1.786,-18.021,596.554,614.575
2024-06-01,2024 Pacific Divisional day one,SA,Steven Salinas,Nikita Latman,-1.574,-15.858,596.554,612.412
2024-06-01,2024 Pacific Divisional day one,SA,Steven Salinas,Aleksandr Latman,-4.850,-50.248,596.554,646.802
2024-06-01,2024 Pacific Divisional day one,SA,Steven Salinas,Roger Dumas,-5.353,-55.713,596.554,652.267
2024-06-01,2024 Pacific Divisional day one,SA,Richard Schreiber,Casey Weeks,3.622,35.153,599.916,564.763
2024-06-01,2024 Pacific Divisional day one,SA,Richard Schreiber,Blake McPherson,0.515,5.126,599.916,594.790
2024-06-01,2024 Pacific Divisional day one,SA,Richard Schreiber,Steven Salinas,0.337,3.362,599.916,596.554
2024-06-01,2024 Pacific Divisional day one,SA,Richard Schreiber,Sylvain Colin,-0.902,-9.084,599.916,609.000
2024-06-01,2024 Pacific Divisional day one,SA,Richard Schreiber,Christopher Sochan,-1.448,-14.659,599.916,614.575
2024-06-01,2024 Pacific Divisional day one,SA,Richard Schreiber,Nikita Latman,-1.237,-12.496,599.916,612.412
2024-06-01,2024 Pacific Divisional day one,SA,Richard Schreiber,Aleksandr Latman,-4.513,-46.886,599.916,646.802
2024-06-01,2024 Pacific Divisional day one,SA,Richard Schreiber,Roger Dumas,-5.017,-52.351,599.916,652.267
2024-06-01,2024 Pacific Divisional day one,SA,Sylvain Colin,Casey Weeks,4.523,44.237,609.000,564.763
2024-06-01,2024 Pacific Divisional day one,SA,Sylvain Colin,Blake McPherson,1.417,14.210,609.000,594.790
2024-06-01,2024 Pacific Divisional day one,SA,Sylvain Colin,Steven Salinas,1.239,12.446,609.000,596.554
2024-06-01,2024 Pacific Divisional day one,SA,Sylvain Colin,Richard Schreiber,0.902,9.084,609.000,599.916
2024-06-01,2024 Pacific Divisional day one,SA,Sylvain Colin,Christopher Sochan,-0.547,-5.575,609.000,614.575
2024-06-01,2024 Pacific Divisional day one,SA,Sylvain Colin,Nikita Latman,-0.335,-3.412,609.000,612.412
2024-06-01,2024 Pacific Divisional day one,SA,Sylvain Colin,Aleksandr Latman,-3.612,-37.802,609.000,646.802
2024-06-01,2024 Pacific Divisional day one,SA,Sylvain Colin,Roger Dumas,-4.117,-43.267,609.000,652.267
2024-06-01,2024 Pacific Divisional day one,SA,Christopher Sochan,Casey Weeks,5.068,49.812,614.575,564.763
2024-06-01,2024 Pacific Divisional day one,SA,Christopher Sochan,Blake McPherson,1.963,19.785,614.575,594.790
2024-06-01,2024 Pacific Divisional day one,SA,Christopher Sochan,Steven Salinas,1.786,18.021,614.575,596.554
2024-06-01,2024 Pacific Divisional day one,SA,Christopher Sochan,Richard Schreiber,1.448,14.659,614.575,599.916
2024-06-01,2024 Pacific Divisional day one,SA,Christopher Sochan,Sylvain Colin,0.547,5.575,614.575,609.000
2024-06-01,2024 Pacific Divisional day one,SA,Christopher Sochan,Nikita Latman,0.212,2.163,614.575,612.412
2024-06-01,2024 Pacific Divisional day one,SA,Christopher Sochan,Aleksandr Latman,-3.066,-32.227,614.575,646.802
2024-06-01,2024 Pacific Divisional day one,SA,Christopher Sochan,Roger Dumas,-3.570,-37.692,614.575,652.267
2024-06-01,2024 Pacific Divisional day one,SA,Nikita Latman,Casey Weeks,4.857,47.649,612.412,564.763
2024-06-01,2024 Pacific Divisional day one,SA,Nikita Latman,Blake McPherson,1.752,17.622,612.412,594.790
2024-06-01,2024 Pacific Divisional day one,SA,Nikita Latman,Steven Salinas,1.574,15.858,612.412,596.554
2024-06-01,2024 Pacific Divisional day one,SA,Nikita Latman,Richard Schreiber,1.237,12.496,612.412,599.916
2024-06-01,2024 Pacific Divisional day one,SA,Nikita Latman,Sylvain Colin,0.335,3.412,612.412,609.000
2024-06-01,2024 Pacific Divisional day one,SA,Nikita Latman,Christopher Sochan,-0.212,-2.163,612.412,614.575
2024-06-01,2024 Pacific Divisional day one,SA,Nikita Latman,Aleksandr Latman,-3.277,-34.390,612.412,646.802
2024-06-01,2024 Pacific Divisional day one,SA,Nikita Latman,Roger Dumas,-3.782,-39.855,612.412,652.267
2024-06-01,2024 Pacific Divisional day one,SA,Aleksandr Latman,Casey Weeks,8.126,82.039,646.802,564.763
2024-06-01,2024 Pacific Divisional day one,SA,Aleksandr Latman,Blake McPherson,5.027,52.012,646.802,594.790
2024-06-01,2024 Pacific Divisional day one,SA,Aleksandr Latman,Steven Salinas,4.850,50.248,646.802,596.554
2024-06-01,2024 Pacific Divisional day one,SA,Aleksandr Latman,Richard Schreiber,4.513,46.886,646.802,599.916
2024-06-01,2024 Pacific Divisional day one,SA,Aleksandr Latman,Sylvain Colin,3.612,37.802,646.802,609.000
2024-06-01,2024 Pacific Divisional day one,SA,Aleksandr Latman,Christopher Sochan,3.066,32.227,646.802,614.575
2024-06-01,2024 Pacific Divisional day one,SA,Aleksandr Latman,Nikita Latman,3.277,34.390,646.802,612.412
2024-06-01,2024 Pacific Divisional day one,SA,Aleksandr Latman,Roger Dumas,-0.505,-5.465,646.802,652.267
2024-06-01,2024 Pacific Divisional day one,SA,Roger Dumas,Casey Weeks,8.628,87.504,652.267,564.763
2024-06-01,2024 Pacific Divisional day one,SA,Roger Dumas,Blake McPherson,5.531,57.477,652.267,594.790
2024-06-01,2024 Pacific Divisional day one,SA,Roger Dumas,Steven Salinas,5.353,55.713,652.267,596.554
2024-06-01,2024 Pacific Divisional day one,SA,Roger Dumas,Richard Schreiber,5.017,52.351,652.267,599.916
2024-06-01,2024 Pacific Divisional day one,SA,Roger Dumas,Sylvain Colin,4.117,43.267,652.267,609.000
2024-06-01,2024 Pacific Divisional day one,SA,Roger Dumas,Christopher Sochan,3.570,37.692,652.267,614.575
2024-06-01,2024 Pacific Divisional day one,SA,Roger Dumas,Nikita Latman,3.782,39.855,652.267,612.412
2024-06-01,2024 Pacific Divisional day one,SA,Roger Dumas,Aleksandr Latman,0.505,5.465,652.267,646.802
2024-06-01,2024 Pacific Divisional day one,SF,Wallace Wood,Nathan Brasil,-0.653,-6.363,581.887,588.250
2024-06-01,2024 Pacific Divisional day one,SF,Wallace Wood,Devon Winrick,-1.094,-10.710,581.887,592.597
2024-06-01,2024 Pacific Divisional day one,SF,Wallace Wood,Nathan Lumley,-4.240,-42.628,581.887,624.515
2022-09-23,2022 National Championships,SF,Wallace Wood,Dwight Wood,2.356,21.782,565.527,543.745
2022-09-23,2022 National Championships,SF,Wallace Wood,Evan Markewycz,1.471,13.696,565.527,551.831
2022-09-23,2022 National Championships,SF,Wallace Wood,Antonio Serracino,1.292,12.051,565.527,553.476
2022-09-23,2022 National Championships,SF,Wallace Wood,Brett Nelson,0.799,7.477,565.527,558.050
2022-09-23,2022 National Championships,SF,Wallace Wood,Brian Cather,0.162,1.522,565.527,564.005
2022-09-23,2022 National Championships,SF,Wallace Wood,Chris Whitney,-0.405,-3.831,565.527,569.358
2022-09-23,2022 National Championships,SF,Wallace Wood,Chris Ollenburg,-0.653,-6.186,565.527,571.713
2022-09-23,2022 National Championships,SF,Wallace Wood,Shawna Bowman,-0.739,-7.005,565.527,572.532
2022-09-23,2022 National Championships,SF,Wallace Wood,Caleb Warren,-0.906,-8.603,565.527,574.130
2022-09-23,2022 National Championships,SF,Wallace Wood,Josh Armantrout,-5.184,-51.069,565.527,616.596
2024-06-01,2024 Pacific Divisional day one,SF,Nathan Brasil,Wallace Wood,0.653,6.363,588.250,581.887
2024-06-01,2024 Pacific Divisional day one,SF,Nathan Brasil,Devon Winrick,-0.442,-4.347,588.250,592.597
2024-06-01,2024 Pacific Divisional day one,SF,Nathan Brasil,Nathan Lumley,-3.588,-36.265,588.250,624.515
2024-06-01,2024 Pacific Divisional day one,SF,Devon Winrick,Wallace Wood,1.094,10.710,592.597,581.887
2024-06-01,2024 Pacific Divisional day one,SF,Devon Winrick,Nathan Brasil,0.442,4.347,592.597,588.250
2024-06-01,2024 Pacific Divisional day one,SF,Devon Winrick,Nathan Lumley,-3.147,-31.918,592.597,624.515
2024-06-01,2024 Pacific Divisional day one,SF,Nathan Lumley,Wallace Wood,4.240,42.628,624.515,581.887
2024-06-01,2024 Pacific Divisional day one,SF,Nathan Lumley,Nathan Brasil,3.588,36.265,624.515,588.250
2024-06-01,2024 Pacific Divisional day one,SF,Nathan Lumley,Devon Winrick,3.147,31.918,624.515,592.597
2024-06-01,2024 Pacific Divisional day one,UM,Tyler Bandy,Kevin Jones,-0.222,-1.838,494.806,496.644
2024-06-01,2024 Pacific Divisional day one,UM,Tyler Bandy,Logan Jones,-0.796,-6.611,494.806,501.417
2024-06-01,2024 Pacific Divisional day one,UM,Kevin Jones,Tyler Bandy,0.222,1.838,496.644,494.806
2024-06-01,2024 Pacific Divisional day one,UM,Kevin Jones,Logan Jones,-0.574,-4.773,496.644,501.417
2024-06-01,2024 Pacific Divisional day one,UM,Logan Jones,Tyler Bandy,0.796,6.611,501.417,494.806
2024-06-01,2024 Pacific Divisional day one,UM,Logan Jones,Kevin Jones,0.574,4.773,501.417,496.644
2022-09-23,2022 National Championships,SF,Dwight Wood,Evan Markewycz,-0.886,-8.086,543.745,551.831
2022-09-23,2022 National Championships,SF,Dwight Wood,Antonio Serracino,-1.064,-9.731,543.745,553.476
2022-09-23,2022 National Championships,SF,Dwight Wood,Brett Nelson,-1.558,-14.305,543.745,558.050
2022-09-23,2022 National Championships,SF,Dwight Wood,Brian Cather,-2.195,-20.260,543.745,564.005
2022-09-23,2022 National Championships,SF,Dwight Wood,Wallace Wood,-2.356,-21.782,543.745,565.527
2022-09-23,2022 National Championships,SF,Dwight Wood,Chris Whitney,-2.761,-25.613,543.745,569.358
2022-09-23,2022 National Championships,SF,Dwight Wood,Chris Ollenburg,-3.009,-27.968,543.745,571.713
2022-09-23,2022 National Championships,SF,Dwight Wood,Shawna Bowman,-3.095,-28.787,543.745,572.532
2022-09-23,2022 National Championships,SF,Dwight Wood,Caleb Warren,-3.262,-30.385,543.745,574.130
2022-09-23,2022 National Championships,SF,Dwight Wood,Josh Armantrout,-7.534,-72.851,543.745,616.596
2022-09-23,2022 National Championships,SF,Antonio Serracino,Dwight Wood,1.064,9.731,553.476,543.745
2022-09-23,2022 National Championships,SF,Antonio Serracino,Evan Markewycz,0.179,1.645,553.476,551.831
2022-09-23,2022 National Championships,SF,Antonio Serracino,Brett Nelson,-0.494,-4.574,553.476,558.050
2022-09-23,2022 National Championships,SF,Antonio Serracino,Brian Cather,-1.131,-10.529,553.476,564.005
2022-09-23,2022 National Championships,SF,Antonio Serracino,Wallace Wood,-1.292,-12.051,553.476,565.527
2022-09-23,2022 National Championships,SF,Antonio Serracino,Chris Whitney,-1.697,-15.882,553.476,569.358
2022-09-23,2022 National Championships,SF,Antonio Serracino,Chris Ollenburg,-1.945,-18.237,553.476,571.713
2022-09-23,2022 National Championships,SF,Antonio Serracino,Shawna Bowman,-2.031,-19.056,553.476,572.532
2022-09-23,2022 National Championships,SF,Antonio Serracino,Caleb Warren,-2.198,-20.654,553.476,574.130
2022-09-23,2022 National Championships,SF,Antonio Serracino,Josh Armantrout,-6.473,-63.120,553.476,616.596
2022-09-23,2022 National Championships,SF,Brett Nelson,Dwight Wood,1.558,14.305,558.050,543.745
2022-09-23,2022 National Championships,SF,Brett Nelson,Evan Markewycz,0.672,6.219,558.050,551.831
2022-09-23,2022 National Championships,SF,Brett Nelson,Antonio Serracino,0.494,4.574,558.050,553.476
2022-09-23,2022 National Championships,SF,Brett Nelson,Brian Cather,-0.637,-5.955,558.050,564.005
2022-09-23,2022 National Championships,SF,Brett Nelson,Wallace Wood,-0.799,-7.477,558.050,565.527
2022-09-23,2022 National Championships,SF,Brett Nelson,Chris Whitney,-1.204,-11.308,558.050,569.358
2022-09-23,2022 National Championships,SF,Brett Nelson,Chris Ollenburg,-1.451,-13.663,558.050,571.713
2022-09-23,2022 National Championships,SF,Brett Nelson,Shawna Bowman,-1.537,-14.482,558.050,572.532
2022-09-23,2022 National Championships,SF,Brett Nelson,Caleb Warren,-1.704,-16.080,558.050,574.130
2022-09-23,2022 National Championships,SF,Brett Nelson,Josh Armantrout,-5.981,-58.546,558.050,616.596
2022-09-23,2022 National Championships,SF,Brian Cather,Dwight Wood,2.195,20.260,564.005,543.745
2022-09-23,2022 National Championships,SF,Brian Cather,Evan Markewycz,1.309,12.174,564.005,551.831
2022-09-23,2022 National Championships,SF,Brian Cather,Antonio Serracino,1.131,10.529,564.005,553.476
2022-09-23,2022 National Championships,SF,Brian Cather,Brett Nelson,0.637,5.955,564.005,558.050
2022-09-23,2022 National Championships,SF,Brian Cather,Wallace Wood,-0.162,-1.522,564.005,565.527
2022-09-23,2022 National Championships,SF,Brian Cather,Chris Whitney,-0.567,-5.353,564.005,569.358
2022-09-23,2022 National Championships,SF,Brian Cather,Chris Ollenburg,-0.814,-7.708,564.005,571.713
2022-09-23,2022 National Championships,SF,Brian Cather,Shawna Bowman,-0.900,-8.527,564.005,572.532
2022-09-23,2022 National Championships,SF,Brian Cather,Caleb Warren,-1.068,-10.125,564.005,574.130
2022-09-23,2022 National Championships,SF,Brian Cather,Josh Armantrout,-5.346,-52.591,564.005,616.596
2022-09-23,2022 National Championships,SF,Chris Whitney,Dwight Wood,2.761,25.613,569.358,543.745
2022-09-23,2022 National Championships,SF,Chris Whitney,Evan Markewycz,1.876,17.527,569.358,551.831
2022-09-23,2022 National Championships,SF,Chris Whitney,Antonio Serracino,1.697,15.882,569.358,553.476
2022-09-23,2022 National Championships,SF,Chris Whitney,Brett Nelson,1.204,11.308,569.358,558.050
2022-09-23,2022 National Championships,SF,Chris Whitney,Brian Cather,0.567,5.353,569.358,564.005
2022-09-23,2022 National Championships,SF,Chris Whitney,Wallace Wood,0.405,3.831,569.358,565.527
2022-09-23,2022 National Championships,SF,Chris Whitney,Chris Ollenburg,-0.248,-2.355,569.358,571.713
2022-09-23,2022 National Championships,SF,Chris Whitney,Shawna Bowman,-0.334,-3.174,569.358,572.532
2022-09-23,2022 National Championships,SF,Chris Whitney,Caleb Warren,-0.501,-4.772,569.358,574.130
2022-09-23,2022 National Championships,SF,Chris Whitney,Josh Armantrout,-4.780,-47.238,569.358,616.596
2022-09-23,2022 National Championships,SF,Chris Ollenburg,Dwight Wood,3.009,27.968,571.713,543.745
2022-09-23,2022 National Championships,SF,Chris Ollenburg,Evan Markewycz,2.123,19.882,571.713,551.831
2022-09-23,2022 National Championships,SF,Chris Ollenburg,Antonio Serracino,1.945,18.237,571.713,553.476
2022-09-23,2022 National Championships,SF,Chris Ollenburg,Brett Nelson,1.451,13.663,571.713,558.050
2022-09-23,2022 National Championships,SF,Chris Ollenburg,Brian Cather,0.814,7.708,571.713,564.005
2022-09-23,2022 National Championships,SF,Chris Ollenburg,Wallace Wood,0.653,6.186,571.713,565.527
2022-09-23,2022 National Championships,SF,Chris Ollenburg,Chris Whitney,0.248,2.355,571.713,569.358
2022-09-23,2022 National Championships,SF,Chris Ollenburg,Shawna Bowman,-0.086,-0.819,571.713,572.532
2022-09-23,2022 National Championships,SF,Chris Ollenburg,Caleb Warren,-0.253,-2.417,571.713,574.130
2022-09-23,2022 National Championships,SF,Chris Ollenburg,Josh Armantrout,-4.532,-44.883,571.713,616.596
2022-09-23,2022 National Championships,SF,Caleb Warren,Dwight Wood,3.262,30.385,574.130,543.745
2022-09-23,2022 National Championships,SF,Caleb Warren,Evan Markewycz,2.377,22.299,574.130,551.831
2022-09-23,2022 National Championships,SF,Caleb Warren,Antonio Serracino,2.198,20.654,574.130,553.476
2022-09-23,2022 National Championships,SF,Caleb Warren,Brett Nelson,1.704,16.080,574.130,558.050
2022-09-23,2022 National Championships,SF,Caleb Warren,Brian Cather,1.068,10.125,574.130,564.005
2022-09-23,2022 National Championships,SF,Caleb Warren,Wallace Wood,0.906,8.603,574.130,565.527
2022-09-23,2022 National Championships,SF,Caleb Warren,Chris Whitney,0.501,4.772,574.130,569.358
2022-09-23,2022 National Championships,SF,Caleb Warren,Chris Ollenburg,0.253,2.417,574.130,571.713
2022-09-23,2022 National Championships,SF,Caleb Warren,Shawna Bowman,0.167,1.598,574.130,572.532
2022-09-23,2022 National Championships,SF,Caleb Warren,Josh Armantrout,-4.280,-42.466,574.130,616.596
2023-10-06,2023 National Championship,SF,Caleb Warren,Brad Turnbull,2.592,27.881,659.393,631.512
2023-10-06,2023 National Championship,SF,Caleb Warren,Harold Denham,-0.183,-2.017,659.393,661.410
2023-10-06,2023 National Championship,SF,Caleb Warren,Dan Sanford,-0.697,-7.701,659.393,667.094
2023-10-06,2023 National Championship,SF,Caleb Warren,Geoffrey Hamilton,-1.225,-13.600,659.393,672.993
2023-10-06,2023 National Championship,SF,Caleb Warren,Parker Sattler,-2.712,-30.495,659.393,689.888
2023-10-06,2023 National Championship,SF,Caleb Warren,Ken Krenk,-3.914,-44.459,659.393,703.852
2023-10-06,2023 National Championship,SF,Caleb Warren,Josh Armantrout,-4.246,-48.372,659.393,707.765
2022-09-23,2022 National Championships,SR,James Green,Ryan Dussex,-0.437,-4.187,572.533,576.720
2022-09-23,2022 National Championships,SR,James Green,Parker Sattler,-2.754,-26.901,572.533,599.434
2024-10-18,2024 National Championships,SR,James Green,Logan Altmyer,1.412,17.136,736.955,719.819
2024-10-18,2024 National Championships,SR,James Green,Josh Armantrout,1.043,12.699,736.955,724.256
2024-10-18,2024 National Championships,SR,James Green,Michael Golden,1.039,12.658,736.955,724.297
2024-10-18,2024 National Championships,SR,James Green,Adam Raymer,0.633,7.730,736.955,729.225
2024-10-18,2024 National Championships,SR,James Green,Jason Stewart,0.303,3.713,736.955,733.242
2024-10-18,2024 National Championships,SR,James Green,Jared Phillippe,-0.288,-3.547,736.955,740.502
2024-10-18,2024 National Championships,SR,James Green,Trevor Phillippe,-0.311,-3.833,736.955,740.788
2024-10-18,2024 National Championships,SR,James Green,Ceili Mcclarney,-6.485,-84.202,736.955,821.157
2024-10-18,2024 National Championships,SR,James Green,Jasmine McClarney,-6.706,-87.237,736.955,824.192
2024-10-18,2024 National Championships,SR,James Green,Keith Lightfoot,-8.392,-110.826,736.955,847.781
2022-09-23,2022 National Championships,SR,Ryan Dussex,James Green,0.437,4.187,576.720,572.533
2022-09-23,2022 National Championships,SR,Ryan Dussex,Parker Sattler,-2.317,-22.714,576.720,599.434
2022-09-23,2022 National Championships,SR,Parker Sattler,James Green,2.754,26.901,599.434,572.533
2022-09-23,2022 National Championships,SR,Parker Sattler,Ryan Dussex,2.317,22.714,599.434,576.720
2022-09-23,2022 National Championships,SA,Brian Tefft Jr.,Timothy Thompson,0.943,8.207,526.273,518.066
2022-09-23,2022 National Championships,SA,Brian Tefft Jr.,Jan Gerber,0.790,6.883,526.273,519.390
2022-09-23,2022 National Championships,SA,Brian Tefft Jr.,Sean Heinrich,-0.839,-7.414,526.273,533.687
2022-09-23,2022 National Championships,SA,Brian Tefft Jr.,Steve Ducharme,-2.442,-21.861,526.273,548.134
2022-09-23,2022 National Championships,SA,Brian Tefft Jr.,Zachary Smith,-2.720,-24.409,526.273,550.682
2022-09-23,2022 National Championships,SA,Brian Tefft Jr.,Ryan Ruhle,-4.108,-37.313,526.273,563.586
2022-09-23,2022 National Championships,SA,Brian Tefft Jr.,Rupert Berrington,-4.418,-40.235,526.273,566.508
2022-09-23,2022 National Championships,SA,Brian Tefft Jr.,David Durney,-6.451,-59.796,526.273,586.069
2022-09-23,2022 National Championships,SA,Zachary Smith,Timothy Thompson,3.662,32.616,550.682,518.066
2022-09-23,2022 National Championships,SA,Zachary Smith,Jan Gerber,3.509,31.292,550.682,519.390
2022-09-23,2022 National Championships,SA,Zachary Smith,Brian Tefft Jr.,2.720,24.409,550.682,526.273
2022-09-23,2022 National Championships,SA,Zachary Smith,Sean Heinrich,1.881,16.995,550.682,533.687
2022-09-23,2022 National Championships,SA,Zachary Smith,Steve Ducharme,0.278,2.548,550.682,548.134
2022-09-23,2022 National Championships,SA,Zachary Smith,Ryan Ruhle,-1.390,-12.904,550.682,563.586
2022-09-23,2022 National Championships,SA,Zachary Smith,Rupert Berrington,-1.700,-15.826,550.682,566.508
2022-09-23,2022 National Championships,SA,Zachary Smith,David Durney,-3.736,-35.387,550.682,586.069
2023-10-06,2023 National Championship,SA,Zachary Smith,Timothy Thompson,2.569,27.077,645.839,618.762
2023-10-06,2023 National Championship,SA,Zachary Smith,Jan Gerber,1.582,16.808,645.839,629.031
2023-10-06,2023 National Championship,SA,Zachary Smith,Robert Seelig,1.013,10.808,645.839,635.031
2023-10-06,2023 National Championship,SA,Zachary Smith,Sean Heinrich,-0.557,-6.020,645.839,651.859
2023-10-06,2023 National Championship,SA,Zachary Smith,Ryan Ruhle,-2.491,-27.381,645.839,673.220
2023-10-06,2023 National Championship,SA,Zachary Smith,ML Culpepper,-2.567,-28.238,645.839,674.077
2023-10-06,2023 National Championship,SA,Zachary Smith,Mason Smith,-2.599,-28.598,645.839,674.437
2023-10-06,2023 National Championship,SA,Zachary Smith,Steve Ducharme,-4.059,-45.222,645.839,691.061
2023-10-06,2023 National Championship,SA,Zachary Smith,Randy Eickhoff,-5.549,-62.621,645.839,708.460
2023-10-06,2023 National Championship,SA,Zachary Smith,Rick Myers,-10.038,-117.911,645.839,763.750
2022-09-23,2022 National Championships,SA,Ryan Ruhle,Timothy Thompson,5.050,45.520,563.586,518.066
2022-09-23,2022 National Championships,SA,Ryan Ruhle,Jan Gerber,4.897,44.196,563.586,519.390
2022-09-23,2022 National Championships,SA,Ryan Ruhle,Brian Tefft Jr.,4.108,37.313,563.586,526.273
2022-09-23,2022 National Championships,SA,Ryan Ruhle,Sean Heinrich,3.270,29.899,563.586,533.687
2022-09-23,2022 National Championships,SA,Ryan Ruhle,Steve Ducharme,1.668,15.452,563.586,548.134
2022-09-23,2022 National Championships,SA,Ryan Ruhle,Zachary Smith,1.390,12.904,563.586,550.682
2022-09-23,2022 National Championships,SA,Ryan Ruhle,Rupert Berrington,-0.310,-2.922,563.586,566.508
2022-09-23,2022 National Championships,SA,Ryan Ruhle,David Durney,-2.347,-22.483,563.586,586.069
2023-10-06,2023 National Championship,SA,Ryan Ruhle,Timothy Thompson,5.058,54.458,673.220,618.762
2023-10-06,2023 National Championship,SA,Ryan Ruhle,Jan Gerber,4.072,44.189,673.220,629.031
2023-10-06,2023 National Championship,SA,Ryan Ruhle,Robert Seelig,3.503,38.189,673.220,635.031
2023-10-06,2023 National Championship,SA,Ryan Ruhle,Zachary Smith,2.491,27.381,673.220,645.839
2023-10-06,2023 National Championship,SA,Ryan Ruhle,Sean Heinrich,1.934,21.361,673.220,651.859
2023-10-06,2023 National Championship,SA,Ryan Ruhle,ML Culpepper,-0.076,-0.857,673.220,674.077
2023-10-06,2023 National Championship,SA,Ryan Ruhle,Mason Smith,-0.108,-1.217,673.220,674.437
2023-10-06,2023 National Championship,SA,Ryan Ruhle,Steve Ducharme,-1.569,-17.841,673.220,691.061
2023-10-06,2023 National Championship,SA,Ryan Ruhle,Randy Eickhoff,-3.061,-35.240,673.220,708.460
2023-10-06,2023 National Championship,SA,Ryan Ruhle,Rick Myers,-7.560,-90.530,673.220,763.750
2022-09-23,2022 National Championships,SA,David Durney,Timothy Thompson,7.391,68.003,586.069,518.066
2022-09-23,2022 National Championships,SA,David Durney,Jan Gerber,7.238,66.679,586.069,519.390
2022-09-23,2022 National Championships,SA,David Durney,Brian Tefft Jr.,6.451,59.796,586.069,526.273
2022-09-23,2022 National Championships,SA,David Durney,Sean Heinrich,5.614,52.382,586.069,533.687
2022-09-23,2022 National Championships,SA,David Durney,Steve Ducharme,4.014,37.935,586.069,548.134
2022-09-23,2022 National Championships,SA,David Durney,Zachary Smith,3.736,35.387,586.069,550.682
2022-09-23,2022 National Championships,SA,David Durney,Ryan Ruhle,2.347,22.483,586.069,563.586
2022-09-23,2022 National Championships,SA,David Durney,Rupert Berrington,2.037,19.561,586.069,566.508
2022-09-23,2022 National Championships,PF,Jacob Light,Jim Rowland,0.754,6.630,530.721,524.091
2022-09-23,2022 National Championships,PF,Jacob Light,Donald Carl,0.679,5.970,530.721,524.751
2022-09-23,2022 National Championships,PF,Jacob Light,Christian Retterer,0.676,5.946,530.721,524.775
2022-09-23,2022 National Championships,PF,Jacob Light,David Capesius,-0.845,-7.530,530.721,538.251
2022-09-23,2022 National Championships,PF,Jacob Light,Chris O Driscoll,-0.943,-8.405,530.721,539.126
2022-09-23,2022 National Championships,PF,Jacob Light,John Black,-1.651,-14.805,530.721,545.526
2022-09-23,2022 National Championships,PF,Jacob Light,Cameron Gransee,-2.442,-22.052,530.721,552.773
2022-09-23,2022 National Championships,PF,Jacob Light,Jacob Hickman,-2.834,-25.671,530.721,556.392
2022-09-23,2022 National Championships,PF,Jacob Light,Ed Trudeau,-3.644,-33.245,530.721,563.966
2022-09-23,2022 National Championships,PF,Jacob Light,Meredith Campbell,-6.953,-65.280,530.721,596.001
2022-09-23,2022 National Championships,PF,Chris O Driscoll,Jim Rowland,1.697,15.035,539.126,524.091
2022-09-23,2022 National Championships,PF,Chris O Driscoll,Donald Carl,1.621,14.375,539.126,524.751
2022-09-23,2022 National Championships,PF,Chris O Driscoll,Christian Retterer,1.619,14.351,539.126,524.775
2022-09-23,2022 National Championships,PF,Chris O Driscoll,Jacob Light,0.943,8.405,539.126,530.721
2022-09-23,2022 National Championships,PF,Chris O Driscoll,David Capesius,0.097,0.875,539.126,538.251
2022-09-23,2022 National Championships,PF,Chris O Driscoll,John Black,-0.708,-6.400,539.126,545.526
2022-09-23,2022 National Championships,PF,Chris O Driscoll,Cameron Gransee,-1.500,-13.647,539.126,552.773
2022-09-23,2022 National Championships,PF,Chris O Driscoll,Jacob Hickman,-1.891,-17.266,539.126,556.392
2022-09-23,2022 National Championships,PF,Chris O Driscoll,Ed Trudeau,-2.702,-24.840,539.126,563.966
2022-09-23,2022 National Championships,PF,Chris O Driscoll,Meredith Campbell,-6.013,-56.875,539.126,596.001
2022-09-23,2022 National Championships,PF,John Black,Jim Rowland,2.405,21.435,545.526,524.091
2022-09-23,2022 National Championships,PF,John Black,Donald Carl,2.329,20.775,545.526,524.751
2022-09-23,2022 National Championships,PF,John Black,Christian Retterer,2.327,20.751,545.526,524.775
2022-09-23,2022 National Championships,PF,John Black,Jacob Light,1.651,14.805,545.526,530.721
2022-09-23,2022 National Championships,PF,John Black,David Capesius,0.806,7.275,545.526,538.251
2022-09-23,2022 National Championships,PF,John Black,Chris O Driscoll,0.708,6.400,545.526,539.126
2022-09-23,2022 National Championships,PF,John Black,Cameron Gransee,-0.792,-7.247,545.526,552.773
2022-09-23,2022 National Championships,PF,John Black,Jacob Hickman,-1.183,-10.866,545.526,556.392
2022-09-23,2022 National Championships,PF,John Black,Ed Trudeau,-1.994,-18.440,545.526,563.966
2022-09-23,2022 National Championships,PF,John Black,Meredith Campbell,-5.306,-50.475,545.526,596.001
2022-09-23,2022 National Championships,PF,Cameron Gransee,Jim Rowland,3.196,28.682,552.773,524.091
2022-09-23,2022 National Championships,PF,Cameron Gransee,Donald Carl,3.121,28.022,552.773,524.751
2022-09-23,2022 National Championships,PF,Cameron Gransee,Christian Retterer,3.118,27.998,552.773,524.775
2022-09-23,2022 National Championships,PF,Cameron Gransee,Jacob Light,2.442,22.052,552.773,530.721
2022-09-23,2022 National Championships,PF,Cameron Gransee,David Capesius,1.597,14.522,552.773,538.251
2022-09-23,2022 National Championships,PF,Cameron Gransee,Chris O Driscoll,1.500,13.647,552.773,539.126
2022-09-23,2022 National Championships,PF,Cameron Gransee,John Black,0.792,7.247,552.773,545.526
2022-09-23,2022 National Championships,PF,Cameron Gransee,Jacob Hickman,-0.392,-3.619,552.773,556.392
2022-09-23,2022 National Championships,PF,Cameron Gransee,Ed Trudeau,-1.203,-11.193,552.773,563.966
2022-09-23,2022 National Championships,PF,Cameron Gransee,Meredith Campbell,-4.516,-43.228,552.773,596.001
2022-09-23,2022 National Championships,PF,Jacob Hickman,Jim Rowland,3.587,32.301,556.392,524.091
2022-09-23,2022 National Championships,PF,Jacob Hickman,Donald Carl,3.512,31.641,556.392,524.751
2022-09-23,2022 National Championships,PF,Jacob Hickman,Christian Retterer,3.509,31.617,556.392,524.775
2022-09-23,2022 National Championships,PF,Jacob Hickman,Jacob Light,2.834,25.671,556.392,530.721
2022-09-23,2022 National Championships,PF,Jacob Hickman,David Capesius,1.989,18.141,556.392,538.251
2022-09-23,2022 National Championships,PF,Jacob Hickman,Chris O Driscoll,1.891,17.266,556.392,539.126
2022-09-23,2022 National Championships,PF,Jacob Hickman,John Black,1.183,10.866,556.392,545.526
2022-09-23,2022 National Championships,PF,Jacob Hickman,Cameron Gransee,0.392,3.619,556.392,552.773
2022-09-23,2022 National Championships,PF,Jacob Hickman,Ed Trudeau,-0.811,-7.574,556.392,563.966
2022-09-23,2022 National Championships,PF,Jacob Hickman,Meredith Campbell,-4.125,-39.609,556.392,596.001
2022-09-23,2022 National Championships,PF,Ed Trudeau,Jim Rowland,4.398,39.875,563.966,524.091
2022-09-23,2022 National Championships,PF,Ed Trudeau,Donald Carl,4.322,39.215,563.966,524.751
2022-09-23,2022 National Championships,PF,Ed Trudeau,Christian Retterer,4.320,39.191,563.966,524.775
2022-09-23,2022 National Championships,PF,Ed Trudeau,Jacob Light,3.644,33.245,563.966,530.721
2022-09-23,2022 National Championships,PF,Ed Trudeau,David Capesius,2.800,25.715,563.966,538.251
2022-09-23,2022 National Championships,PF,Ed Trudeau,Chris O Driscoll,2.702,24.840,563.966,539.126
2022-09-23,2022 National Championships,PF,Ed Trudeau,John Black,1.994,18.440,563.966,545.526
2022-09-23,2022 National Championships,PF,Ed Trudeau,Cameron Gransee,1.203,11.193,563.966,552.773
2022-09-23,2022 National Championships,PF,Ed Trudeau,Jacob Hickman,0.811,7.574,563.966,556.392
2022-09-23,2022 National Championships,PF,Ed Trudeau,Meredith Campbell,-3.314,-32.035,563.966,596.001
2022-09-23,2022 National Championships,PF,Meredith Campbell,Jim Rowland,7.704,71.910,596.001,524.091
2022-09-23,2022 National Championships,PF,Meredith Campbell,Donald Carl,7.629,71.250,596.001,524.751
2022-09-23,2022 National Championships,PF,Meredith Campbell,Christian Retterer,7.626,71.226,596.001,524.775
2022-09-23,2022 National Championships,PF,Meredith Campbell,Jacob Light,6.953,65.280,596.001,530.721
2022-09-23,2022 National Championships,PF,Meredith Campbell,David Capesius,6.110,57.750,596.001,538.251
2022-09-23,2022 National Championships,PF,Meredith Campbell,Chris O Driscoll,6.013,56.875,596.001,539.126
2022-09-23,2022 National Championships,PF,Meredith Campbell,John Black,5.306,50.475,596.001,545.526
2022-09-23,2022 National Championships,PF,Meredith Campbell,Cameron Gransee,4.516,43.228,596.001,552.773
2022-09-23,2022 National Championships,PF,Meredith Campbell,Jacob Hickman,4.125,39.609,596.001,556.392
2022-09-23,2022 National Championships,PF,Meredith Campbell,Ed Trudeau,3.314,32.035,596.001,563.966
2022-09-23,2022 National Championships,PR,Lothrop Withington IV,Niles Davis,-1.194,-10.964,545.305,556.269
2022-09-23,2022 National Championships,PR,Lothrop Withington IV,Gonzalo San Miguel,-1.617,-14.899,545.305,560.204
2022-09-23,2022 National Championships,PR,Lothrop Withington IV,Tyler York,-2.813,-26.183,545.305,571.488
2022-09-23,2022 National Championships,PR,Lothrop Withington IV,Harrison Loomis,-3.414,-31.933,545.305,577.238
2022-09-23,2022 National Championships,PR,Lothrop Withington IV,Eric Adams,-3.614,-33.867,545.305,579.172
2022-09-23,2022 National Championships,PR,Lothrop Withington IV,Keith Lightfoot,-3.850,-36.151,545.305,581.456
2022-09-23,2022 National Championships,PR,Lothrop Withington IV,Max Bear,-5.522,-52.603,545.305,597.908
2023-10-06,2023 National Championship,PR,Lothrop Withington IV,Shawn Roberts,-0.049,-0.534,654.177,654.711
2023-10-06,2023 National Championship,PR,Lothrop Withington IV,Gonzalo San Miguel,-0.137,-1.499,654.177,655.676
2023-10-06,2023 National Championship,PR,Lothrop Withington IV,Ethan Buettner,-3.785,-42.606,654.177,696.783
2023-10-06,2023 National Championship,PR,Lothrop Withington IV,James Green,-4.130,-46.638,654.177,700.815
2023-10-06,2023 National Championship,PR,Lothrop Withington IV,Katie Orgler,-5.587,-63.894,654.177,718.071
2023-10-06,2023 National Championship,PR,Lothrop Withington IV,Joey Green,-8.023,-93.745,654.177,747.922
2022-09-23,2022 National Championships,PR,Niles Davis,Lothrop Withington IV,1.194,10.964,556.269,545.305
2022-09-23,2022 National Championships,PR,Niles Davis,Gonzalo San Miguel,-0.423,-3.935,556.269,560.204
2022-09-23,2022 National Championships,PR,Niles Davis,Tyler York,-1.619,-15.219,556.269,571.488
2022-09-23,2022 National Championships,PR,Niles Davis,Harrison Loomis,-2.220,-20.969,556.269,577.238
2022-09-23,2022 National Championships,PR,Niles Davis,Eric Adams,-2.421,-22.903,556.269,579.172
2022-09-23,2022 National Championships,PR,Niles Davis,Keith Lightfoot,-2.657,-25.187,556.269,581.456
2022-09-23,2022 National Championships,PR,Niles Davis,Max Bear,-4.329,-41.639,556.269,597.908
2024-10-18,2024 National Championships,PR,Niles Davis,Shawn Roberts,1.114,12.915,702.015,689.100
2024-10-18,2024 National Championships,PR,Niles Davis,Joshua Mefford,-1.544,-18.297,702.015,720.312
2024-10-18,2024 National Championships,PR,Niles Davis,Gonzalo San Miguel,-2.174,-25.903,702.015,727.918
2024-10-18,2024 National Championships,PR,Niles Davis,Jeremiah Hemphill,-2.265,-27.015,702.015,729.030
2024-10-18,2024 National Championships,PR,Niles Davis,Jason Lee,-3.171,-38.107,702.015,740.122
2024-10-18,2024 National Championships,PR,Niles Davis,Katie Orgler,-4.003,-48.449,702.015,750.464
2024-10-18,2024 National Championships,PR,Niles Davis,Pete Remner,-4.327,-52.526,702.015,754.541
2024-10-18,2024 National Championships,PR,Niles Davis,Casey Tolbert,-5.022,-61.325,702.015,763.340
2024-10-18,2024 National Championships,PR,Niles Davis,Rudy Bowen,-5.758,-70.760,702.015,772.775
2024-10-18,2024 National Championships,PR,Niles Davis,William Watson,-6.414,-79.285,702.015,781.300
2024-10-18,2024 National Championships,PR,Niles Davis,Chris Johnson,-7.605,-95.003,702.015,797.018
2024-10-18,2024 National Championships,PR,Niles Davis,Ben Guiraldes,-7.760,-97.072,702.015,799.087
2024-10-18,2024 National Championships,PR,Niles Davis,Chris Raglin,-10.144,-129.641,702.015,831.656
2024-10-18,2024 National Championships,PR,Niles Davis,Karissa Peel,-14.469,-192.502,702.015,894.517
2022-09-23,2022 National Championships,PR,Tyler York,Lothrop Withington IV,2.813,26.183,571.488,545.305
2022-09-23,2022 National Championships,PR,Tyler York,Niles Davis,1.619,15.219,571.488,556.269
2022-09-23,2022 National Championships,PR,Tyler York,Gonzalo San Miguel,1.197,11.284,571.488,560.204
2022-09-23,2022 National Championships,PR,Tyler York,Harrison Loomis,-0.601,-5.750,571.488,577.238
2022-09-23,2022 National Championships,PR,Tyler York,Eric Adams,-0.801,-7.684,571.488,579.172
2022-09-23,2022 National Championships,PR,Tyler York,Keith Lightfoot,-1.037,-9.968,571.488,581.456
2022-09-23,2022 National Championships,PR,Tyler York,Max Bear,-2.711,-26.420,571.488,597.908
2022-09-23,2022 National Championships,PR,Harrison Loomis,Lothrop Withington IV,3.414,31.933,577.238,545.305
2022-09-23,2022 National Championships,PR,Harrison Loomis,Niles Davis,2.220,20.969,577.238,556.269
2022-09-23,2022 National Championships,PR,Harrison Loomis,Gonzalo San Miguel,1.797,17.034,577.238,560.204
2022-09-23,2022 National Championships,PR,Harrison Loomis,Tyler York,0.601,5.750,577.238,571.488
2022-09-23,2022 National Championships,PR,Harrison Loomis,Eric Adams,-0.201,-1.934,577.238,579.172
2022-09-23,2022 National Championships,PR,Harrison Loomis,Keith Lightfoot,-0.437,-4.218,577.238,581.456
2022-09-23,2022 National Championships,PR,Harrison Loomis,Max Bear,-2.111,-20.670,577.238,597.908
2022-09-23,2022 National Championships,PR,Max Bear,Lothrop Withington IV,5.522,52.603,597.908,545.305
2022-09-23,2022 National Championships,PR,Max Bear,Niles Davis,4.329,41.639,597.908,556.269
2022-09-23,2022 National Championships,PR,Max Bear,Gonzalo San Miguel,3.907,37.704,597.908,560.204
2022-09-23,2022 National Championships,PR,Max Bear,Tyler York,2.711,26.420,597.908,571.488
2022-09-23,2022 National Championships,PR,Max Bear,Harrison Loomis,2.111,20.670,597.908,577.238
2022-09-23,2022 National Championships,PR,Max Bear,Eric Adams,1.910,18.736,597.908,579.172
2022-09-23,2022 National Championships,PR,Max Bear,Keith Lightfoot,1.674,16.452,597.908,581.456
2022-09-23,2022 National Championships,PA,Warren Elliott,Mark Hill,-0.513,-4.350,506.383,510.733
2022-09-23,2022 National Championships,PA,Warren Elliott,Max Johnson,-1.592,-13.614,506.383,519.997
2022-09-23,2022 National Championships,PA,Warren Elliott,Wade Eldridge,-1.991,-17.090,506.383,523.473
2022-09-23,2022 National Championships,PA,Warren Elliott,Brian Ogara,-3.914,-34.149,506.383,540.532
2022-09-23,2022 National Championships,PA,Warren Elliott,Jamison Whisenhunt,-6.277,-55.903,506.383,562.286
2022-09-23,2022 National Championships,PA,Max Johnson,Warren Elliott,1.592,13.614,519.997,506.383
2022-09-23,2022 National Championships,PA,Max Johnson,Mark Hill,1.079,9.264,519.997,510.733
2022-09-23,2022 National Championships,PA,Max Johnson,Wade Eldridge,-0.400,-3.476,519.997,523.473
2022-09-23,2022 National Championships,PA,Max Johnson,Brian Ogara,-2.324,-20.535,519.997,540.532
2022-09-23,2022 National Championships,PA,Max Johnson,Jamison Whisenhunt,-4.689,-42.289,519.997,562.286
2022-09-23,2022 National Championships,PA,Wade Eldridge,Warren Elliott,1.991,17.090,523.473,506.383
2022-09-23,2022 National Championships,PA,Wade Eldridge,Mark Hill,1.478,12.740,523.473,510.733
2022-09-23,2022 National Championships,PA,Wade Eldridge,Max Johnson,0.400,3.476,523.473,519.997
2022-09-23,2022 National Championships,PA,Wade Eldridge,Brian Ogara,-1.924,-17.059,523.473,540.532
2022-09-23,2022 National Championships,PA,Wade Eldridge,Jamison Whisenhunt,-4.290,-38.813,523.473,562.286
2022-09-23,2022 National Championships,PA,Brian Ogara,Warren Elliott,3.914,34.149,540.532,506.383
2022-09-23,2022 National Championships,PA,Brian Ogara,Mark Hill,3.402,29.799,540.532,510.733
2022-09-23,2022 National Championships,PA,Brian Ogara,Max Johnson,2.324,20.535,540.532,519.997
2022-09-23,2022 National Championships,PA,Brian Ogara,Wade Eldridge,1.924,17.059,540.532,523.473
2022-09-23,2022 National Championships,PA,Brian Ogara,Jamison Whisenhunt,-2.367,-21.754,540.532,562.286
2022-09-23,2022 National Championships,PA,Jamison Whisenhunt,Warren Elliott,6.277,55.903,562.286,506.383
2022-09-23,2022 National Championships,PA,Jamison Whisenhunt,Mark Hill,5.765,51.553,562.286,510.733
2022-09-23,2022 National Championships,PA,Jamison Whisenhunt,Max Johnson,4.689,42.289,562.286,519.997
2022-09-23,2022 National Championships,PA,Jamison Whisenhunt,Wade Eldridge,4.290,38.813,562.286,523.473
2022-09-23,2022 National Championships,PA,Jamison Whisenhunt,Brian Ogara,2.367,21.754,562.286,540.532
2023-10-06,2023 National Championship,PA,Jamison Whisenhunt,Mark Hill,4.416,46.468,654.564,608.096
2023-10-06,2023 National Championship,PA,Jamison Whisenhunt,Edwin Cunill,4.055,42.790,654.564,611.774
2023-10-06,2023 National Championship,PA,Jamison Whisenhunt,Joe Lavelle,-0.548,-6.009,654.564,660.573
2022-09-23,2022 National Championships,MF,Aaron Miller,Andy Thomas,0.643,5.480,514.262,508.782
2022-09-23,2022 National Championships,MF,Aaron Miller,Brian Peel,-1.637,-14.222,514.262,528.484
2022-09-23,2022 National Championships,MF,Aaron Miller,Trent McQueen,-1.662,-14.443,514.262,528.705
2022-09-23,2022 National Championships,MF,Aaron Miller,Jason Lang,-1.940,-16.901,514.262,531.163
2022-09-23,2022 National Championships,MF,Aaron Miller,Morgan Schoepke,-2.180,-19.029,514.262,533.291
2022-09-23,2022 National Championships,MF,Aaron Miller,Bryson Downing,-2.559,-22.413,514.262,536.675
2022-09-23,2022 National Championships,MF,Aaron Miller,Kelly Keefe,-3.869,-34.266,514.262,548.528
2022-09-23,2022 National Championships,MF,Aaron Miller,Mike Snyder,-4.452,-39.630,514.262,553.892
2022-09-23,2022 National Championships,MF,Aaron Miller,Eric Schaub,-5.565,-50.020,514.262,564.282
2022-09-23,2022 National Championships,MF,Aaron Miller,Ryan Haenny,-5.924,-53.416,514.262,567.678
2022-09-23,2022 National Championships,MF,Aaron Miller,Matthew Thompson,-6.363,-57.591,514.262,571.853
2022-09-23,2022 National Championships,MF,Aaron Miller,Brad Turnbull,-6.958,-63.308,514.262,577.570
2022-09-23,2022 National Championships,MF,Aaron Miller,Bret Hunter,-9.207,-85.473,514.262,599.735
2022-09-23,2022 National Championships,MF,Aaron Miller,Josh Karczewski,-11.398,-107.950,514.262,622.212
2022-09-23,2022 National Championships,MF,Aaron Miller,Tiernan Eiberger,-11.487,-108.876,514.262,623.138
2022-09-23,2022 National Championships,MF,Morgan Schoepke,Andy Thomas,2.822,24.509,533.291,508.782
2022-09-23,2022 National Championships,MF,Morgan Schoepke,Aaron Miller,2.180,19.029,533.291,514.262
2022-09-23,2022 National Championships,MF,Morgan Schoepke,Brian Peel,0.543,4.807,533.291,528.484
2022-09-23,2022 National Championships,MF,Morgan Schoepke,Trent McQueen,0.518,4.586,533.291,528.705
2022-09-23,2022 National Championships,MF,Morgan Schoepke,Jason Lang,0.240,2.128,533.291,531.163
2022-09-23,2022 National Championships,MF,Morgan Schoepke,Bryson Downing,-0.380,-3.384,533.291,536.675
2022-09-23,2022 National Championships,MF,Morgan Schoepke,Kelly Keefe,-1.690,-15.237,533.291,548.528
2022-09-23,2022 National Championships,MF,Morgan Schoepke,Mike Snyder,-2.274,-20.601,533.291,553.892
2022-09-23,2022 National Championships,MF,Morgan Schoepke,Eric Schaub,-3.388,-30.991,533.291,564.282
2022-09-23,2022 National Championships,MF,Morgan Schoepke,Ryan Haenny,-3.748,-34.387,533.291,567.678
2022-09-23,2022 National Championships,MF,Morgan Schoepke,Matthew Thompson,-4.187,-38.562,533.291,571.853
2022-09-23,2022 National Championships,MF,Morgan Schoepke,Brad Turnbull,-4.783,-44.279,533.291,577.570
2022-09-23,2022 National Championships,MF,Morgan Schoepke,Bret Hunter,-7.037,-66.444,533.291,599.735
2022-09-23,2022 National Championships,MF,Morgan Schoepke,Josh Karczewski,-9.235,-88.921,533.291,622.212
2022-09-23,2022 National Championships,MF,Morgan Schoepke,Tiernan Eiberger,-9.323,-89.847,533.291,623.138
2022-09-23,2022 National Championships,MF,Bryson Downing,Andy Thomas,3.202,27.893,536.675,508.782
2022-09-23,2022 National Championships,MF,Bryson Downing,Aaron Miller,2.559,22.413,536.675,514.262
2022-09-23,2022 National Championships,MF,Bryson Downing,Brian Peel,0.923,8.191,536.675,528.484
2022-09-23,2022 National Championships,MF,Bryson Downing,Trent McQueen,0.898,7.970,536.675,528.705
2022-09-23,2022 National Championships,MF,Bryson Downing,Jason Lang,0.619,5.512,536.675,531.163
2022-09-23,2022 National Championships,MF,Bryson Downing,Morgan Schoepke,0.380,3.384,536.675,533.291
2022-09-23,2022 National Championships,MF,Bryson Downing,Kelly Keefe,-1.311,-11.853,536.675,548.528
2022-09-23,2022 National Championships,MF,Bryson Downing,Mike Snyder,-1.894,-17.217,536.675,553.892
2022-09-23,2022 National Championships,MF,Bryson Downing,Eric Schaub,-3.009,-27.607,536.675,564.282
2022-09-23,2022 National Championships,MF,Bryson Downing,Ryan Haenny,-3.369,-31.003,536.675,567.678
2022-09-23,2022 National Championships,MF,Bryson Downing,Matthew Thompson,-3.808,-35.178,536.675,571.853
2022-09-23,2022 National Championships,MF,Bryson Downing,Brad Turnbull,-4.404,-40.895,536.675,577.570
2022-09-23,2022 National Championships,MF,Bryson Downing,Bret Hunter,-6.659,-63.060,536.675,599.735
2022-09-23,2022 National Championships,MF,Bryson Downing,Josh Karczewski,-8.857,-85.537,536.675,622.212
2022-09-23,2022 National Championships,MF,Bryson Downing,Tiernan Eiberger,-8.946,-86.463,536.675,623.138
2022-09-23,2022 National Championships,MF,Kelly Keefe,Andy Thomas,4.511,39.746,548.528,508.782
2022-09-23,2022 National Championships,MF,Kelly Keefe,Aaron Miller,3.869,34.266,548.528,514.262
2022-09-23,2022 National Championships,MF,Kelly Keefe,Brian Peel,2.233,20.044,548.528,528.484
2022-09-23,2022 National Championships,MF,Kelly Keefe,Trent McQueen,2.208,19.823,548.528,528.705
2022-09-23,2022 National Championships,MF,Kelly Keefe,Jason Lang,1.930,17.365,548.528,531.163
2022-09-23,2022 National Championships,MF,Kelly Keefe,Morgan Schoepke,1.690,15.237,548.528,533.291
2022-09-23,2022 National Championships,MF,Kelly Keefe,Bryson Downing,1.311,11.853,548.528,536.675
2022-09-23,2022 National Championships,MF,Kelly Keefe,Mike Snyder,-0.584,-5.364,548.528,553.892
2022-09-23,2022 National Championships,MF,Kelly Keefe,Eric Schaub,-1.699,-15.754,548.528,564.282
2022-09-23,2022 National Championships,MF,Kelly Keefe,Ryan Haenny,-2.059,-19.150,548.528,567.678
2022-09-23,2022 National Championships,MF,Kelly Keefe,Matthew Thompson,-2.498,-23.325,548.528,571.853
2022-09-23,2022 National Championships,MF,Kelly Keefe,Brad Turnbull,-3.095,-29.042,548.528,577.570
2022-09-23,2022 National Championships,MF,Kelly Keefe,Bret Hunter,-5.351,-51.207,548.528,599.735
2022-09-23,2022 National Championships,MF,Kelly Keefe,Josh Karczewski,-7.553,-73.684,548.528,622.212
2022-09-23,2022 National Championships,MF,Kelly Keefe,Tiernan Eiberger,-7.641,-74.610,548.528,623.138
2022-09-23,2022 National Championships,MF,Mike Snyder,Andy Thomas,5.094,45.110,553.892,508.782
2022-09-23,2022 National Championships,MF,Mike Snyder,Aaron Miller,4.452,39.630,553.892,514.262
2022-09-23,2022 National Championships,MF,Mike Snyder,Brian Peel,2.817,25.408,553.892,528.484
2022-09-23,2022 National Championships,MF,Mike Snyder,Trent McQueen,2.792,25.187,553.892,528.705
2022-09-23,2022 National Championships,MF,Mike Snyder,Jason Lang,2.514,22.729,553.892,531.163
2022-09-23,2022 National Championships,MF,Mike Snyder,Morgan Schoepke,2.274,20.601,553.892,533.291
2022-09-23,2022 National Championships,MF,Mike Snyder,Bryson Downing,1.894,17.217,553.892,536.675
2022-09-23,2022 National Championships,MF,Mike Snyder,Kelly Keefe,0.584,5.364,553.892,548.528
2022-09-23,2022 National Championships,MF,Mike Snyder,Eric Schaub,-1.115,-10.390,553.892,564.282
2022-09-23,2022 National Championships,MF,Mike Snyder,Ryan Haenny,-1.475,-13.786,553.892,567.678
2022-09-23,2022 National Championships,MF,Mike Snyder,Matthew Thompson,-1.915,-17.961,553.892,571.853
2022-09-23,2022 National Championships,MF,Mike Snyder,Brad Turnbull,-2.511,-23.678,553.892,577.570
2022-09-23,2022 National Championships,MF,Mike Snyder,Bret Hunter,-4.769,-45.843,553.892,599.735
2022-09-23,2022 National Championships,MF,Mike Snyder,Josh Karczewski,-6.971,-68.320,553.892,622.212
2022-09-23,2022 National Championships,MF,Mike Snyder,Tiernan Eiberger,-7.060,-69.246,553.892,623.138
2022-09-23,2022 National Championships,MF,Eric Schaub,Andy Thomas,6.207,55.500,564.282,508.782
2022-09-23,2022 National Championships,MF,Eric Schaub,Aaron Miller,5.565,50.020,564.282,514.262
2022-09-23,2022 National Championships,MF,Eric Schaub,Brian Peel,3.931,35.798,564.282,528.484
2022-09-23,2022 National Championships,MF,Eric Schaub,Trent McQueen,3.906,35.577,564.282,528.705
2022-09-23,2022 National Championships,MF,Eric Schaub,Jason Lang,3.628,33.119,564.282,531.163
2022-09-23,2022 National Championships,MF,Eric Schaub,Morgan Schoepke,3.388,30.991,564.282,533.291
2022-09-23,2022 National Championships,MF,Eric Schaub,Bryson Downing,3.009,27.607,564.282,536.675
2022-09-23,2022 National Championships,MF,Eric Schaub,Kelly Keefe,1.699,15.754,564.282,548.528
2022-09-23,2022 National Championships,MF,Eric Schaub,Mike Snyder,1.115,10.390,564.282,553.892
2022-09-23,2022 National Championships,MF,Eric Schaub,Ryan Haenny,-0.360,-3.396,564.282,567.678
2022-09-23,2022 National Championships,MF,Eric Schaub,Matthew Thompson,-0.800,-7.571,564.282,571.853
2022-09-23,2022 National Championships,MF,Eric Schaub,Brad Turnbull,-1.396,-13.288,564.282,577.570
2022-09-23,2022 National Championships,MF,Eric Schaub,Bret Hunter,-3.655,-35.453,564.282,599.735
2022-09-23,2022 National Championships,MF,Eric Schaub,Josh Karczewski,-5.859,-57.930,564.282,622.212
2022-09-23,2022 National Championships,MF,Eric Schaub,Tiernan Eiberger,-5.948,-58.856,564.282,623.138
2022-09-23,2022 National Championships,MF,Ryan Haenny,Andy Thomas,6.566,58.896,567.678,508.782
2022-09-23,2022 National Championships,MF,Ryan Haenny,Aaron Miller,5.924,53.416,567.678,514.262
2022-09-23,2022 National Championships,MF,Ryan Haenny,Brian Peel,4.291,39.194,567.678,528.484
2022-09-23,2022 National Championships,MF,Ryan Haenny,Trent McQueen,4.266,38.973,567.678,528.705
2022-09-23,2022 National Championships,MF,Ryan Haenny,Jason Lang,3.988,36.515,567.678,531.163
2022-09-23,2022 National Championships,MF,Ryan Haenny,Morgan Schoepke,3.748,34.387,567.678,533.291
2022-09-23,2022 National Championships,MF,Ryan Haenny,Bryson Downing,3.369,31.003,567.678,536.675
2022-09-23,2022 National Championships,MF,Ryan Haenny,Kelly Keefe,2.059,19.150,567.678,548.528
2022-09-23,2022 National Championships,MF,Ryan Haenny,Mike Snyder,1.475,13.786,567.678,553.892
2022-09-23,2022 National Championships,MF,Ryan Haenny,Eric Schaub,0.360,3.396,567.678,564.282
2022-09-23,2022 National Championships,MF,Ryan Haenny,Matthew Thompson,-0.440,-4.175,567.678,571.853
2022-09-23,2022 National Championships,MF,Ryan Haenny,Brad Turnbull,-1.036,-9.892,567.678,577.570
2022-09-23,2022 National Championships,MF,Ryan Haenny,Bret Hunter,-3.295,-32.057,567.678,599.735
2022-09-23,2022 National Championships,MF,Ryan Haenny,Josh Karczewski,-5.500,-54.534,567.678,622.212
2022-09-23,2022 National Championships,MF,Ryan Haenny,Tiernan Eiberger,-5.589,-55.460,567.678,623.138
2022-09-23,2022 National Championships,MF,Matthew Thompson,Andy Thomas,7.004,63.071,571.853,508.782
2022-09-23,2022 National Championships,MF,Matthew Thompson,Aaron Miller,6.363,57.591,571.853,514.262
2022-09-23,2022 National Championships,MF,Matthew Thompson,Brian Peel,4.730,43.369,571.853,528.484
2022-09-23,2022 National Championships,MF,Matthew Thompson,Trent McQueen,4.705,43.148,571.853,528.705
2022-09-23,2022 National Championships,MF,Matthew Thompson,Jason Lang,4.427,40.690,571.853,531.163
2022-09-23,2022 National Championships,MF,Matthew Thompson,Morgan Schoepke,4.187,38.562,571.853,533.291
2022-09-23,2022 National Championships,MF,Matthew Thompson,Bryson Downing,3.808,35.178,571.853,536.675
2022-09-23,2022 National Championships,MF,Matthew Thompson,Kelly Keefe,2.498,23.325,571.853,548.528
2022-09-23,2022 National Championships,MF,Matthew Thompson,Mike Snyder,1.915,17.961,571.853,553.892
2022-09-23,2022 National Championships,MF,Matthew Thompson,Eric Schaub,0.800,7.571,571.853,564.282
2022-09-23,2022 National Championships,MF,Matthew Thompson,Ryan Haenny,0.440,4.175,571.853,567.678
2022-09-23,2022 National Championships,MF,Matthew Thompson,Brad Turnbull,-0.597,-5.717,571.853,577.570
2022-09-23,2022 National Championships,MF,Matthew Thompson,Bret Hunter,-2.856,-27.882,571.853,599.735
2022-09-23,2022 National Championships,MF,Matthew Thompson,Josh Karczewski,-5.061,-50.359,571.853,622.212
2022-09-23,2022 National Championships,MF,Matthew Thompson,Tiernan Eiberger,-5.150,-51.285,571.853,623.138
2022-09-23,2022 National Championships,MF,Brad Turnbull,Andy Thomas,7.598,68.788,577.570,508.782
2022-09-23,2022 National Championships,MF,Brad Turnbull,Aaron Miller,6.958,63.308,577.570,514.262
2022-09-23,2022 National Championships,MF,Brad Turnbull,Brian Peel,5.326,49.086,577.570,528.484
2022-09-23,2022 National Championships,MF,Brad Turnbull,Trent McQueen,5.300,48.865,577.570,528.705
2022-09-23,2022 National Championships,MF,Brad Turnbull,Jason Lang,5.023,46.407,577.570,531.163
2022-09-23,2022 National Championships,MF,Brad Turnbull,Morgan Schoepke,4.783,44.279,577.570,533.291
2022-09-23,2022 National Championships,MF,Brad Turnbull,Bryson Downing,4.404,40.895,577.570,536.675
2022-09-23,2022 National Championships,MF,Brad Turnbull,Kelly Keefe,3.095,29.042,577.570,548.528
2022-09-23,2022 National Championships,MF,Brad Turnbull,Mike Snyder,2.511,23.678,577.570,553.892
2022-09-23,2022 National Championships,MF,Brad Turnbull,Eric Schaub,1.396,13.288,577.570,564.282
2022-09-23,2022 National Championships,MF,Brad Turnbull,Ryan Haenny,1.036,9.892,577.570,567.678
2022-09-23,2022 National Championships,MF,Brad Turnbull,Matthew Thompson,0.597,5.717,577.570,571.853
2022-09-23,2022 National Championships,MF,Brad Turnbull,Bret Hunter,-2.259,-22.165,577.570,599.735
2022-09-23,2022 National Championships,MF,Brad Turnbull,Josh Karczewski,-4.465,-44.642,577.570,622.212
2022-09-23,2022 National Championships,MF,Brad Turnbull,Tiernan Eiberger,-4.554,-45.568,577.570,623.138
2022-09-23,2022 National Championships,MF,Bret Hunter,Andy Thomas,9.846,90.953,599.735,508.782
2022-09-23,2022 National Championships,MF,Bret Hunter,Aaron Miller,9.207,85.473,599.735,514.262
2022-09-23,2022 National Championships,MF,Bret Hunter,Brian Peel,7.578,71.251,599.735,528.484
2022-09-23,2022 National Championships,MF,Bret Hunter,Trent McQueen,7.553,71.030,599.735,528.705
2022-09-23,2022 National Championships,MF,Bret Hunter,Jason Lang,7.276,68.572,599.735,531.163
2022-09-23,2022 National Championships,MF,Bret Hunter,Morgan Schoepke,7.037,66.444,599.735,533.291
2022-09-23,2022 National Championships,MF,Bret Hunter,Bryson Downing,6.659,63.060,599.735,536.675
2022-09-23,2022 National Championships,MF,Bret Hunter,Kelly Keefe,5.351,51.207,599.735,548.528
2022-09-23,2022 National Championships,MF,Bret Hunter,Mike Snyder,4.769,45.843,599.735,553.892
2022-09-23,2022 National Championships,MF,Bret Hunter,Eric Schaub,3.655,35.453,599.735,564.282
2022-09-23,2022 National Championships,MF,Bret Hunter,Ryan Haenny,3.295,32.057,599.735,567.678
2022-09-23,2022 National Championships,MF,Bret Hunter,Matthew Thompson,2.856,27.882,599.735,571.853
2022-09-23,2022 National Championships,MF,Bret Hunter,Brad Turnbull,2.259,22.165,599.735,577.570
2022-09-23,2022 National Championships,MF,Bret Hunter,Josh Karczewski,-2.207,-22.477,599.735,622.212
2022-09-23,2022 National Championships,MF,Bret Hunter,Tiernan Eiberger,-2.297,-23.403,599.735,623.138
2023-10-06,2023 National Championship,MF,Bret Hunter,Zbigniew Lorenc,8.052,89.703,713.285,623.582
2023-10-06,2023 National Championship,MF,Bret Hunter,Blanton Payne,7.152,80.242,713.285,633.043
2023-10-06,2023 National Championship,MF,Bret Hunter,Jarrod Barlow,5.998,67.913,713.285,645.372
2023-10-06,2023 National Championship,MF,Bret Hunter,Donald Carl,5.985,67.766,713.285,645.519
2023-10-06,2023 National Championship,MF,Bret Hunter,Kevin Murphy,5.342,60.796,713.285,652.489
2023-10-06,2023 National Championship,MF,Bret Hunter,Brian Peel,3.788,43.650,713.285,669.635
2023-10-06,2023 National Championship,MF,Bret Hunter,Sean Grubb,3.772,43.472,713.285,669.813
2023-10-06,2023 National Championship,MF,Bret Hunter,Josh Karczewski,3.369,38.953,713.285,674.332
2024-10-18,2024 National Championships,MF,Bret Hunter,Andy Thomas,2.505,29.167,713.144,683.977
2024-10-18,2024 National Championships,MF,Bret Hunter,Zbigniew Lorenc,2.365,27.568,713.144,685.576
2024-10-18,2024 National Championships,MF,Bret Hunter,Blanton Payne,2.156,25.173,713.144,687.971
2024-10-18,2024 National Championships,MF,Bret Hunter,Jarrod Barlow,1.032,12.167,713.144,700.977
2024-10-18,2024 National Championships,MF,Bret Hunter,Colin Kilby,0.607,7.176,713.144,705.968
2024-10-18,2024 National Championships,MF,Bret Hunter,Justin Harris,0.274,3.249,713.144,709.895
2024-10-18,2024 National Championships,MF,Bret Hunter,Brian Peel,0.215,2.550,713.144,710.594
2024-10-18,2024 National Championships,MF,Bret Hunter,Jim Rowland,-0.078,-0.932,713.144,714.076
2024-10-18,2024 National Championships,MF,Bret Hunter,John Schellenberg,-1.405,-16.896,713.144,730.040
2024-10-18,2024 National Championships,MF,Bret Hunter,Logan Dehne,-1.422,-17.104,713.144,730.248
2024-10-18,2024 National Championships,MF,Bret Hunter,William Dehne,-2.830,-34.455,713.144,747.599
2024-10-18,2024 National Championships,MF,Bret Hunter,Jerry Ashmore,-3.327,-40.675,713.144,753.819
2024-10-18,2024 National Championships,MF,Bret Hunter,Josh Karczewski,-3.854,-47.332,713.144,760.476
2024-10-18,2024 National Championships,MF,Bret Hunter,Pete Bates,-6.390,-80.222,713.144,793.366
2024-10-18,2024 National Championships,MF,Bret Hunter,Alan Hoppe Jr,-10.193,-132.396,713.144,845.540
2024-10-18,2024 National Championships,MF,Bret Hunter,Alan Hoppe,-10.554,-137.533,713.144,850.677
2022-09-23,2022 National Championships,MF,Josh Karczewski,Andy Thomas,12.035,113.430,622.212,508.782
2022-09-23,2022 National Championships,MF,Josh Karczewski,Aaron Miller,11.398,107.950,622.212,514.262
2022-09-23,2022 National Championships,MF,Josh Karczewski,Brian Peel,9.774,93.728,622.212,528.484
2022-09-23,2022 National Championships,MF,Josh Karczewski,Trent McQueen,9.749,93.507,622.212,528.705
2022-09-23,2022 National Championships,MF,Josh Karczewski,Jason Lang,9.473,91.049,622.212,531.163
2022-09-23,2022 National Championships,MF,Josh Karczewski,Morgan Schoepke,9.235,88.921,622.212,533.291
2022-09-23,2022 National Championships,MF,Josh Karczewski,Bryson Downing,8.857,85.537,622.212,536.675
2022-09-23,2022 National Championships,MF,Josh Karczewski,Kelly Keefe,7.553,73.684,622.212,548.528
2022-09-23,2022 National Championships,MF,Josh Karczewski,Mike Snyder,6.971,68.320,622.212,553.892
2022-09-23,2022 National Championships,MF,Josh Karczewski,Eric Schaub,5.859,57.930,622.212,564.282
2022-09-23,2022 National Championships,MF,Josh Karczewski,Ryan Haenny,5.500,54.534,622.212,567.678
2022-09-23,2022 National Championships,MF,Josh Karczewski,Matthew Thompson,5.061,50.359,622.212,571.853
2022-09-23,2022 National Championships,MF,Josh Karczewski,Brad Turnbull,4.465,44.642,622.212,577.570
2022-09-23,2022 National Championships,MF,Josh Karczewski,Bret Hunter,2.207,22.477,622.212,599.735
2022-09-23,2022 National Championships,MF,Josh Karczewski,Tiernan Eiberger,-0.089,-0.926,622.212,623.138
2023-10-06,2023 National Championship,MF,Josh Karczewski,Zbigniew Lorenc,4.692,50.750,674.332,623.582
2023-10-06,2023 National Championship,MF,Josh Karczewski,Blanton Payne,3.790,41.289,674.332,633.043
2023-10-06,2023 National Championship,MF,Josh Karczewski,Jarrod Barlow,2.633,28.960,674.332,645.372
2023-10-06,2023 National Championship,MF,Josh Karczewski,Donald Carl,2.620,28.813,674.332,645.519
2023-10-06,2023 National Championship,MF,Josh Karczewski,Kevin Murphy,1.976,21.843,674.332,652.489
2023-10-06,2023 National Championship,MF,Josh Karczewski,Brian Peel,0.419,4.697,674.332,669.635
2023-10-06,2023 National Championship,MF,Josh Karczewski,Sean Grubb,0.403,4.519,674.332,669.813
2023-10-06,2023 National Championship,MF,Josh Karczewski,Bret Hunter,-3.369,-38.953,674.332,713.285
2024-10-18,2024 National Championships,MF,Josh Karczewski,Andy Thomas,6.355,76.499,760.476,683.977
2024-10-18,2024 National Championships,MF,Josh Karczewski,Zbigniew Lorenc,6.216,74.900,760.476,685.576
2024-10-18,2024 National Championships,MF,Josh Karczewski,Blanton Payne,6.007,72.505,760.476,687.971
2024-10-18,2024 National Championships,MF,Josh Karczewski,Jarrod Barlow,4.885,59.499,760.476,700.977
2024-10-18,2024 National Championships,MF,Josh Karczewski,Colin Kilby,4.460,54.508,760.476,705.968
2024-10-18,2024 National Championships,MF,Josh Karczewski,Justin Harris,4.128,50.581,760.476,709.895
2024-10-18,2024 National Championships,MF,Josh Karczewski,Brian Peel,4.069,49.882,760.476,710.594
2024-10-18,2024 National Championships,MF,Josh Karczewski,Bret Hunter,3.854,47.332,760.476,713.144
2024-10-18,2024 National Championships,MF,Josh Karczewski,Jim Rowland,3.776,46.400,760.476,714.076
2024-10-18,2024 National Championships,MF,Josh Karczewski,John Schellenberg,2.450,30.436,760.476,730.040
2024-10-18,2024 National Championships,MF,Josh Karczewski,Logan Dehne,2.433,30.228,760.476,730.248
2024-10-18,2024 National Championships,MF,Josh Karczewski,William Dehne,1.025,12.877,760.476,747.599
2024-10-18,2024 National Championships,MF,Josh Karczewski,Jerry Ashmore,0.528,6.657,760.476,753.819
2024-10-18,2024 National Championships,MF,Josh Karczewski,Pete Bates,-2.540,-32.890,760.476,793.366
2024-10-18,2024 National Championships,MF,Josh Karczewski,Alan Hoppe Jr,-6.356,-85.064,760.476,845.540
2024-10-18,2024 National Championships,MF,Josh Karczewski,Alan Hoppe,-6.718,-90.201,760.476,850.677
2022-09-23,2022 National Championships,MF,Tiernan Eiberger,Andy Thomas,12.123,114.356,623.138,508.782
2022-09-23,2022 National Championships,MF,Tiernan Eiberger,Aaron Miller,11.487,108.876,623.138,514.262
2022-09-23,2022 National Championships,MF,Tiernan Eiberger,Brian Peel,9.863,94.654,623.138,528.484
2022-09-23,2022 National Championships,MF,Tiernan Eiberger,Trent McQueen,9.838,94.433,623.138,528.705
2022-09-23,2022 National Championships,MF,Tiernan Eiberger,Jason Lang,9.562,91.975,623.138,531.163
2022-09-23,2022 National Championships,MF,Tiernan Eiberger,Morgan Schoepke,9.323,89.847,623.138,533.291
2022-09-23,2022 National Championships,MF,Tiernan Eiberger,Bryson Downing,8.946,86.463,623.138,536.675
2022-09-23,2022 National Championships,MF,Tiernan Eiberger,Kelly Keefe,7.641,74.610,623.138,548.528
2022-09-23,2022 National Championships,MF,Tiernan Eiberger,Mike Snyder,7.060,69.246,623.138,553.892
2022-09-23,2022 National Championships,MF,Tiernan Eiberger,Eric Schaub,5.948,58.856,623.138,564.282
2022-09-23,2022 National Championships,MF,Tiernan Eiberger,Ryan Haenny,5.589,55.460,623.138,567.678
2022-09-23,2022 National Championships,MF,Tiernan Eiberger,Matthew Thompson,5.150,51.285,623.138,571.853
2022-09-23,2022 National Championships,MF,Tiernan Eiberger,Brad Turnbull,4.554,45.568,623.138,577.570
2022-09-23,2022 National Championships,MF,Tiernan Eiberger,Bret Hunter,2.297,23.403,623.138,599.735
2022-09-23,2022 National Championships,MF,Tiernan Eiberger,Josh Karczewski,0.089,0.926,623.138,622.212
2022-09-23,2022 National Championships,MR,Kellen McIntyre,Leon Drake,3.693,34.119,571.365,537.246
2022-09-23,2022 National Championships,MR,Kellen McIntyre,Joshua Davis,2.275,21.263,571.365,550.102
2022-09-23,2022 National Championships,MR,Kellen McIntyre,Doug Leibman,0.902,8.522,571.365,562.843
2022-09-23,2022 National Championships,MR,Kellen McIntyre,Ryan Redenbaugh,-0.294,-2.803,571.365,574.168
2022-09-23,2022 National Championships,MR,Kellen McIntyre,Brian Tefft Sr,-0.452,-4.323,571.365,575.688
2022-09-23,2022 National Championships,MR,Kellen McIntyre,Bill Taylor,-0.981,-9.416,571.365,580.781
2022-09-23,2022 National Championships,MR,Kellen McIntyre,Ian Jennings,-1.927,-18.645,571.365,590.010
2022-09-23,2022 National Championships,MR,Kellen McIntyre,Brian Strack,-1.941,-18.790,571.365,590.155
2022-09-23,2022 National Championships,MR,Kellen McIntyre,Kyle McIntyre,-2.696,-26.259,571.365,597.624
2022-09-23,2022 National Championships,MR,Ian Jennings,Leon Drake,5.617,52.764,590.010,537.246
2022-09-23,2022 National Championships,MR,Ian Jennings,Joshua Davis,4.200,39.908,590.010,550.102
2022-09-23,2022 National Championships,MR,Ian Jennings,Doug Leibman,2.828,27.167,590.010,562.843
2022-09-23,2022 National Championships,MR,Ian Jennings,Kellen McIntyre,1.927,18.645,590.010,571.365
2022-09-23,2022 National Championships,MR,Ian Jennings,Ryan Redenbaugh,1.633,15.842,590.010,574.168
2022-09-23,2022 National Championships,MR,Ian Jennings,Brian Tefft Sr,1.474,14.322,590.010,575.688
2022-09-23,2022 National Championships,MR,Ian Jennings,Bill Taylor,0.946,9.229,590.010,580.781
2022-09-23,2022 National Championships,MR,Ian Jennings,Brian Strack,-0.015,-0.145,590.010,590.155
2022-09-23,2022 National Championships,MR,Ian Jennings,Kyle McIntyre,-0.769,-7.614,590.010,597.624
2022-09-23,2022 National Championships,MR,Kyle McIntyre,Leon Drake,6.384,60.378,597.624,537.246
2022-09-23,2022 National Championships,MR,Kyle McIntyre,Joshua Davis,4.969,47.522,597.624,550.102
2022-09-23,2022 National Championships,MR,Kyle McIntyre,Doug Leibman,3.597,34.781,597.624,562.843
2022-09-23,2022 National Championships,MR,Kyle McIntyre,Kellen McIntyre,2.696,26.259,597.624,571.365
2022-09-23,2022 National Championships,MR,Kyle McIntyre,Ryan Redenbaugh,2.402,23.456,597.624,574.168
2022-09-23,2022 National Championships,MR,Kyle McIntyre,Brian Tefft Sr,2.243,21.936,597.624,575.688
2022-09-23,2022 National Championships,MR,Kyle McIntyre,Bill Taylor,1.715,16.843,597.624,580.781
2022-09-23,2022 National Championships,MR,Kyle McIntyre,Ian Jennings,0.769,7.614,597.624,590.010
2022-09-23,2022 National Championships,MR,Kyle McIntyre,Brian Strack,0.755,7.469,597.624,590.155
2022-09-23,2022 National Championships,MA,Dan Quiet,Austin Dowda,1.601,12.579,477.797,465.218
2022-09-23,2022 National Championships,MA,Dan Quiet,Kent Hamilton,0.236,1.877,477.797,475.920
2022-09-23,2022 National Championships,MA,Dan Quiet,Jonathan Olschewski,0.183,1.452,477.797,476.345
2022-09-23,2022 National Championships,MA,Dan Quiet,Jess Moeding,-0.013,-0.100,477.797,477.897
2022-09-23,2022 National Championships,MA,Dan Quiet,Mark Macoubrie,-0.225,-1.792,477.797,479.589
2022-09-23,2022 National Championships,MA,Dan Quiet,Todd Briley,-0.238,-1.899,477.797,479.696
2022-09-23,2022 National Championships,MA,Dan Quiet,Eric Genack,-0.391,-3.123,477.797,480.920
2022-09-23,2022 National Championships,MA,Dan Quiet,Chris Endres,-0.508,-4.063,477.797,481.860
2022-09-23,2022 National Championships,MA,Dan Quiet,Michael Miller,-0.769,-6.161,477.797,483.958
2022-09-23,2022 National Championships,MA,Dan Quiet,Joe Lavelle,-0.798,-6.398,477.797,484.195
2022-09-23,2022 National Championships,MA,Dan Quiet,Danial Ebling,-2.040,-16.530,477.797,494.327
2022-09-23,2022 National Championships,MA,Dan Quiet,Harold Denham,-2.065,-16.729,477.797,494.526
2022-09-23,2022 National Championships,MA,Dan Quiet,Diego De Castro,-2.150,-17.435,477.797,495.232
2022-09-23,2022 National Championships,MA,Dan Quiet,Jonathon Nagel,-2.477,-20.143,477.797,497.940
2022-09-23,2022 National Championships,MA,Dan Quiet,Joshua Campfield,-2.502,-20.345,477.797,498.142
2022-09-23,2022 National Championships,MA,Dan Quiet,Valerie Briley,-2.611,-21.257,477.797,499.054
2022-09-23,2022 National Championships,MA,Dan Quiet,Leonard Kirk,-2.779,-22.653,477.797,500.450
2022-09-23,2022 National Championships,MA,Dan Quiet,Drew Little,-2.869,-23.407,477.797,501.204
2022-09-23,2022 National Championships,MA,Dan Quiet,Angelica Miller,-2.986,-24.384,477.797,502.181
2022-09-23,2022 National Championships,MA,Dan Quiet,Glenn Farrant,-4.206,-34.711,477.797,512.508
2022-09-23,2022 National Championships,MA,Dan Quiet,Dillon Nafziger,-4.489,-37.135,477.797,514.932
2022-09-23,2022 National Championships,MA,Dan Quiet,Alicia Quiet,-4.642,-38.452,477.797,516.249
2022-09-23,2022 National Championships,MA,Dan Quiet,Elizabeth Austin,-4.825,-40.031,477.797,517.828
2022-09-23,2022 National Championships,MA,Dan Quiet,Benjamin Howe,-5.108,-42.484,477.797,520.281
2022-09-23,2022 National Championships,MA,Dan Quiet,Bob Martin,-5.139,-42.754,477.797,520.551
2022-09-23,2022 National Championships,MA,Eric Genack,Austin Dowda,1.992,15.702,480.920,465.218
2022-09-23,2022 National Championships,MA,Eric Genack,Kent Hamilton,0.627,5.000,480.920,475.920
2022-09-23,2022 National Championships,MA,Eric Genack,Jonathan Olschewski,0.574,4.575,480.920,476.345
2022-09-23,2022 National Championships,MA,Eric Genack,Dan Quiet,0.391,3.123,480.920,477.797
2022-09-23,2022 National Championships,MA,Eric Genack,Jess Moeding,0.378,3.023,480.920,477.897
2022-09-23,2022 National Championships,MA,Eric Genack,Mark Macoubrie,0.166,1.331,480.920,479.589
2022-09-23,2022 National Championships,MA,Eric Genack,Todd Briley,0.153,1.224,480.920,479.696
2022-09-23,2022 National Championships,MA,Eric Genack,Chris Endres,-0.117,-0.940,480.920,481.860
2022-09-23,2022 National Championships,MA,Eric Genack,Michael Miller,-0.378,-3.038,480.920,483.958
2022-09-23,2022 National Championships,MA,Eric Genack,Joe Lavelle,-0.407,-3.275,480.920,484.195
2022-09-23,2022 National Championships,MA,Eric Genack,Danial Ebling,-1.650,-13.407,480.920,494.327
2022-09-23,2022 National Championships,MA,Eric Genack,Harold Denham,-1.674,-13.606,480.920,494.526
2022-09-23,2022 National Championships,MA,Eric Genack,Diego De Castro,-1.759,-14.312,480.920,495.232
2022-09-23,2022 National Championships,MA,Eric Genack,Jonathon Nagel,-2.087,-17.020,480.920,497.940
2022-09-23,2022 National Championships,MA,Eric Genack,Joshua Campfield,-2.111,-17.222,480.920,498.142
2022-09-23,2022 National Championships,MA,Eric Genack,Valerie Briley,-2.221,-18.134,480.920,499.054
2022-09-23,2022 National Championships,MA,Eric Genack,Leonard Kirk,-2.388,-19.530,480.920,500.450
2022-09-23,2022 National Championships,MA,Eric Genack,Drew Little,-2.478,-20.284,480.920,501.204
2022-09-23,2022 National Championships,MA,Eric Genack,Angelica Miller,-2.595,-21.261,480.920,502.181
2022-09-23,2022 National Championships,MA,Eric Genack,Glenn Farrant,-3.816,-31.588,480.920,512.508
2022-09-23,2022 National Championships,MA,Eric Genack,Dillon Nafziger,-4.098,-34.012,480.920,514.932
2022-09-23,2022 National Championships,MA,Eric Genack,Alicia Quiet,-4.252,-35.329,480.920,516.249
2022-09-23,2022 National Championships,MA,Eric Genack,Elizabeth Austin,-4.435,-36.908,480.920,517.828
2022-09-23,2022 National Championships,MA,Eric Genack,Benjamin Howe,-4.718,-39.361,480.920,520.281
2022-09-23,2022 National Championships,MA,Eric Genack,Bob Martin,-4.749,-39.631,480.920,520.551
2022-09-23,2022 National Championships,MA,Michael Miller,Austin Dowda,2.369,18.740,483.958,465.218
2022-09-23,2022 National Championships,MA,Michael Miller,Kent Hamilton,1.005,8.038,483.958,475.920
2022-09-23,2022 National Championships,MA,Michael Miller,Jonathan Olschewski,0.951,7.613,483.958,476.345
2022-09-23,2022 National Championships,MA,Michael Miller,Dan Quiet,0.769,6.161,483.958,477.797
2022-09-23,2022 National Championships,MA,Michael Miller,Jess Moeding,0.756,6.061,483.958,477.897
2022-09-23,2022 National Championships,MA,Michael Miller,Mark Macoubrie,0.544,4.369,483.958,479.589
2022-09-23,2022 National Championships,MA,Michael Miller,Todd Briley,0.531,4.262,483.958,479.696
2022-09-23,2022 National Championships,MA,Michael Miller,Eric Genack,0.378,3.038,483.958,480.920
2022-09-23,2022 National Championships,MA,Michael Miller,Chris Endres,0.261,2.098,483.958,481.860
2022-09-23,2022 National Championships,MA,Michael Miller,Joe Lavelle,-0.029,-0.237,483.958,484.195
2022-09-23,2022 National Championships,MA,Michael Miller,Danial Ebling,-1.272,-10.369,483.958,494.327
2022-09-23,2022 National Championships,MA,Michael Miller,Harold Denham,-1.296,-10.568,483.958,494.526
2022-09-23,2022 National Championships,MA,Michael Miller,Diego De Castro,-1.382,-11.274,483.958,495.232
2022-09-23,2022 National Championships,MA,Michael Miller,Jonathon Nagel,-1.709,-13.982,483.958,497.940
2022-09-23,2022 National Championships,MA,Michael Miller,Joshua Campfield,-1.733,-14.184,483.958,498.142
2022-09-23,2022 National Championships,MA,Michael Miller,Valerie Briley,-1.843,-15.096,483.958,499.054
2022-09-23,2022 National Championships,MA,Michael Miller,Leonard Kirk,-2.010,-16.492,483.958,500.450
2022-09-23,2022 National Championships,MA,Michael Miller,Drew Little,-2.101,-17.246,483.958,501.204
2022-09-23,2022 National Championships,MA,Michael Miller,Angelica Miller,-2.217,-18.223,483.958,502.181
2022-09-23,2022 National Championships,MA,Michael Miller,Glenn Farrant,-3.438,-28.550,483.958,512.508
2022-09-23,2022 National Championships,MA,Michael Miller,Dillon Nafziger,-3.721,-30.974,483.958,514.932
2022-09-23,2022 National Championships,MA,Michael Miller,Alicia Quiet,-3.874,-32.291,483.958,516.249
2022-09-23,2022 National Championships,MA,Michael Miller,Elizabeth Austin,-4.057,-33.870,483.958,517.828
2022-09-23,2022 National Championships,MA,Michael Miller,Benjamin Howe,-4.340,-36.323,483.958,520.281
2022-09-23,2022 National Championships,MA,Michael Miller,Bob Martin,-4.371,-36.593,483.958,520.551
2022-09-23,2022 National Championships,MA,Harold Denham,Austin Dowda,3.664,29.308,494.526,465.218
2022-09-23,2022 National Championships,MA,Harold Denham,Kent Hamilton,2.301,18.606,494.526,475.920
2022-09-23,2022 National Championships,MA,Harold Denham,Jonathan Olschewski,2.247,18.181,494.526,476.345
2022-09-23,2022 National Championships,MA,Harold Denham,Dan Quiet,2.065,16.729,494.526,477.797
2022-09-23,2022 National Championships,MA,Harold Denham,Jess Moeding,2.052,16.629,494.526,477.897
2022-09-23,2022 National Championships,MA,Harold Denham,Mark Macoubrie,1.840,14.937,494.526,479.589
2022-09-23,2022 National Championships,MA,Harold Denham,Todd Briley,1.827,14.830,494.526,479.696
2022-09-23,2022 National Championships,MA,Harold Denham,Eric Genack,1.674,13.606,494.526,480.920
2022-09-23,2022 National Championships,MA,Harold Denham,Chris Endres,1.557,12.666,494.526,481.860
2022-09-23,2022 National Championships,MA,Harold Denham,Michael Miller,1.296,10.568,494.526,483.958
2022-09-23,2022 National Championships,MA,Harold Denham,Joe Lavelle,1.267,10.331,494.526,484.195
2022-09-23,2022 National Championships,MA,Harold Denham,Danial Ebling,0.024,0.199,494.526,494.327
2022-09-23,2022 National Championships,MA,Harold Denham,Diego De Castro,-0.086,-0.706,494.526,495.232
2022-09-23,2022 National Championships,MA,Harold Denham,Jonathon Nagel,-0.413,-3.414,494.526,497.940
2022-09-23,2022 National Championships,MA,Harold Denham,Joshua Campfield,-0.437,-3.616,494.526,498.142
2022-09-23,2022 National Championships,MA,Harold Denham,Valerie Briley,-0.547,-4.528,494.526,499.054
2022-09-23,2022 National Championships,MA,Harold Denham,Leonard Kirk,-0.714,-5.924,494.526,500.450
2022-09-23,2022 National Championships,MA,Harold Denham,Drew Little,-0.805,-6.678,494.526,501.204
2022-09-23,2022 National Championships,MA,Harold Denham,Angelica Miller,-0.922,-7.655,494.526,502.181
2022-09-23,2022 National Championships,MA,Harold Denham,Glenn Farrant,-2.143,-17.982,494.526,512.508
2022-09-23,2022 National Championships,MA,Harold Denham,Dillon Nafziger,-2.426,-20.406,494.526,514.932
2022-09-23,2022 National Championships,MA,Harold Denham,Alicia Quiet,-2.579,-21.723,494.526,516.249
2022-09-23,2022 National Championships,MA,Harold Denham,Elizabeth Austin,-2.762,-23.302,494.526,517.828
2022-09-23,2022 National Championships,MA,Harold Denham,Benjamin Howe,-3.046,-25.755,494.526,520.281
2022-09-23,2022 National Championships,MA,Harold Denham,Bob Martin,-3.077,-26.025,494.526,520.551
2022-09-23,2022 National Championships,MA,Diego De Castro,Austin Dowda,3.750,30.014,495.232,465.218
2022-09-23,2022 National Championships,MA,Diego De Castro,Kent Hamilton,2.386,19.312,495.232,475.920
2022-09-23,2022 National Championships,MA,Diego De Castro,Jonathan Olschewski,2.333,18.887,495.232,476.345
2022-09-23,2022 National Championships,MA,Diego De Castro,Dan Quiet,2.150,17.435,495.232,477.797
2022-09-23,2022 National Championships,MA,Diego De Castro,Jess Moeding,2.138,17.335,495.232,477.897
2022-09-23,2022 National Championships,MA,Diego De Castro,Mark Macoubrie,1.926,15.643,495.232,479.589
2022-09-23,2022 National Championships,MA,Diego De Castro,Todd Briley,1.912,15.536,495.232,479.696
2022-09-23,2022 National Championships,MA,Diego De Castro,Eric Genack,1.759,14.312,495.232,480.920
2022-09-23,2022 National Championships,MA,Diego De Castro,Chris Endres,1.642,13.372,495.232,481.860
2022-09-23,2022 National Championships,MA,Diego De Castro,Michael Miller,1.382,11.274,495.232,483.958
2022-09-23,2022 National Championships,MA,Diego De Castro,Joe Lavelle,1.352,11.037,495.232,484.195
2022-09-23,2022 National Championships,MA,Diego De Castro,Danial Ebling,0.110,0.905,495.232,494.327
2022-09-23,2022 National Championships,MA,Diego De Castro,Harold Denham,0.086,0.706,495.232,494.526
2022-09-23,2022 National Championships,MA,Diego De Castro,Jonathon Nagel,-0.327,-2.708,495.232,497.940
2022-09-23,2022 National Championships,MA,Diego De Castro,Joshua Campfield,-0.352,-2.910,495.232,498.142
2022-09-23,2022 National Championships,MA,Diego De Castro,Valerie Briley,-0.461,-3.822,495.232,499.054
2022-09-23,2022 National Championships,MA,Diego De Castro,Leonard Kirk,-0.629,-5.218,495.232,500.450
2022-09-23,2022 National Championships,MA,Diego De Castro,Drew Little,-0.719,-5.972,495.232,501.204
2022-09-23,2022 National Championships,MA,Diego De Castro,Angelica Miller,-0.836,-6.949,495.232,502.181
2022-09-23,2022 National Championships,MA,Diego De Castro,Glenn Farrant,-2.057,-17.276,495.232,512.508
2022-09-23,2022 National Championships,MA,Diego De Castro,Dillon Nafziger,-2.340,-19.700,495.232,514.932
2022-09-23,2022 National Championships,MA,Diego De Castro,Alicia Quiet,-2.493,-21.017,495.232,516.249
2022-09-23,2022 National Championships,MA,Diego De Castro,Elizabeth Austin,-2.677,-22.596,495.232,517.828
2022-09-23,2022 National Championships,MA,Diego De Castro,Benjamin Howe,-2.960,-25.049,495.232,520.281
2022-09-23,2022 National Championships,MA,Diego De Castro,Bob Martin,-2.991,-25.319,495.232,520.551
2022-09-23,2022 National Championships,MA,Jonathon Nagel,Austin Dowda,4.077,32.722,497.940,465.218
2022-09-23,2022 National Championships,MA,Jonathon Nagel,Kent Hamilton,2.713,22.020,497.940,475.920
2022-09-23,2022 National Championships,MA,Jonathon Nagel,Jonathan Olschewski,2.660,21.595,497.940,476.345
2022-09-23,2022 National Championships,MA,Jonathon Nagel,Dan Quiet,2.477,20.143,497.940,477.797
2022-09-23,2022 National Championships,MA,Jonathon Nagel,Jess Moeding,2.465,20.043,497.940,477.897
2022-09-23,2022 National Championships,MA,Jonathon Nagel,Mark Macoubrie,2.253,18.351,497.940,479.589
2022-09-23,2022 National Championships,MA,Jonathon Nagel,Todd Briley,2.239,18.244,497.940,479.696
2022-09-23,2022 National Championships,MA,Jonathon Nagel,Eric Genack,2.087,17.020,497.940,480.920
2022-09-23,2022 National Championships,MA,Jonathon Nagel,Chris Endres,1.969,16.080,497.940,481.860
2022-09-23,2022 National Championships,MA,Jonathon Nagel,Michael Miller,1.709,13.982,497.940,483.958
2022-09-23,2022 National Championships,MA,Jonathon Nagel,Joe Lavelle,1.679,13.745,497.940,484.195
2022-09-23,2022 National Championships,MA,Jonathon Nagel,Danial Ebling,0.437,3.613,497.940,494.327
2022-09-23,2022 National Championships,MA,Jonathon Nagel,Harold Denham,0.413,3.414,497.940,494.526
2022-09-23,2022 National Championships,MA,Jonathon Nagel,Diego De Castro,0.327,2.708,497.940,495.232
2022-09-23,2022 National Championships,MA,Jonathon Nagel,Joshua Campfield,-0.024,-0.202,497.940,498.142
2022-09-23,2022 National Championships,MA,Jonathon Nagel,Valerie Briley,-0.134,-1.114,497.940,499.054
2022-09-23,2022 National Championships,MA,Jonathon Nagel,Leonard Kirk,-0.302,-2.510,497.940,500.450
2022-09-23,2022 National Championships,MA,Jonathon Nagel,Drew Little,-0.392,-3.264,497.940,501.204
2022-09-23,2022 National Championships,MA,Jonathon Nagel,Angelica Miller,-0.509,-4.241,497.940,502.181
2022-09-23,2022 National Championships,MA,Jonathon Nagel,Glenn Farrant,-1.730,-14.568,497.940,512.508
2022-09-23,2022 National Championships,MA,Jonathon Nagel,Dillon Nafziger,-2.013,-16.992,497.940,514.932
2022-09-23,2022 National Championships,MA,Jonathon Nagel,Alicia Quiet,-2.166,-18.309,497.940,516.249
2022-09-23,2022 National Championships,MA,Jonathon Nagel,Elizabeth Austin,-2.350,-19.888,497.940,517.828
2022-09-23,2022 National Championships,MA,Jonathon Nagel,Benjamin Howe,-2.633,-22.341,497.940,520.281
2022-09-23,2022 National Championships,MA,Jonathon Nagel,Bob Martin,-2.664,-22.611,497.940,520.551
2022-09-23,2022 National Championships,MA,Joshua Campfield,Austin Dowda,4.101,32.924,498.142,465.218
2022-09-23,2022 National Championships,MA,Joshua Campfield,Kent Hamilton,2.738,22.222,498.142,475.920
2022-09-23,2022 National Championships,MA,Joshua Campfield,Jonathan Olschewski,2.684,21.797,498.142,476.345
2022-09-23,2022 National Championships,MA,Joshua Campfield,Dan Quiet,2.502,20.345,498.142,477.797
2022-09-23,2022 National Championships,MA,Joshua Campfield,Jess Moeding,2.489,20.245,498.142,477.897
2022-09-23,2022 National Championships,MA,Joshua Campfield,Mark Macoubrie,2.277,18.553,498.142,479.589
2022-09-23,2022 National Championships,MA,Joshua Campfield,Todd Briley,2.264,18.446,498.142,479.696
2022-09-23,2022 National Championships,MA,Joshua Campfield,Eric Genack,2.111,17.222,498.142,480.920
2022-09-23,2022 National Championships,MA,Joshua Campfield,Chris Endres,1.994,16.282,498.142,481.860
2022-09-23,2022 National Championships,MA,Joshua Campfield,Michael Miller,1.733,14.184,498.142,483.958
2022-09-23,2022 National Championships,MA,Joshua Campfield,Joe Lavelle,1.704,13.947,498.142,484.195
2022-09-23,2022 National Championships,MA,Joshua Campfield,Danial Ebling,0.461,3.815,498.142,494.327
2022-09-23,2022 National Championships,MA,Joshua Campfield,Harold Denham,0.437,3.616,498.142,494.526
2022-09-23,2022 National Championships,MA,Joshua Campfield,Diego De Castro,0.352,2.910,498.142,495.232
2022-09-23,2022 National Championships,MA,Joshua Campfield,Jonathon Nagel,0.024,0.202,498.142,497.940
2022-09-23,2022 National Championships,MA,Joshua Campfield,Valerie Briley,-0.110,-0.912,498.142,499.054
2022-09-23,2022 National Championships,MA,Joshua Campfield,Leonard Kirk,-0.277,-2.308,498.142,500.450
2022-09-23,2022 National Championships,MA,Joshua Campfield,Drew Little,-0.368,-3.062,498.142,501.204
2022-09-23,2022 National Championships,MA,Joshua Campfield,Angelica Miller,-0.485,-4.039,498.142,502.181
2022-09-23,2022 National Championships,MA,Joshua Campfield,Glenn Farrant,-1.706,-14.366,498.142,512.508
2022-09-23,2022 National Championships,MA,Joshua Campfield,Dillon Nafziger,-1.989,-16.790,498.142,514.932
2022-09-23,2022 National Championships,MA,Joshua Campfield,Alicia Quiet,-2.142,-18.107,498.142,516.249
2022-09-23,2022 National Championships,MA,Joshua Campfield,Elizabeth Austin,-2.325,-19.686,498.142,517.828
2022-09-23,2022 National Championships,MA,Joshua Campfield,Benjamin Howe,-2.609,-22.139,498.142,520.281
2022-09-23,2022 National Championships,MA,Joshua Campfield,Bob Martin,-2.640,-22.409,498.142,520.551
2023-10-06,2023 National Championship,MA,Joshua Campfield,Chris Endres,5.646,57.301,637.536,580.235
2023-10-06,2023 National Championship,MA,Joshua Campfield,Todd Briley,4.530,46.384,637.536,591.152
2023-10-06,2023 National Championship,MA,Joshua Campfield,Mark Macoubrie,4.284,43.949,637.536,593.587
2023-10-06,2023 National Championship,MA,Joshua Campfield,Danial Ebling,3.017,31.272,637.536,606.264
2023-10-06,2023 National Championship,MA,Joshua Campfield,Niles Davis,2.961,30.703,637.536,606.833
2023-10-06,2023 National Championship,MA,Joshua Campfield,Shane Blankenship,2.895,30.039,637.536,607.497
2023-10-06,2023 National Championship,MA,Joshua Campfield,Benjamin Howe,2.042,21.336,637.536,616.200
2023-10-06,2023 National Championship,MA,Joshua Campfield,Alex Reinkordt,1.739,18.212,637.536,619.324
2023-10-06,2023 National Championship,MA,Joshua Campfield,Kevin Schatz,1.496,15.700,637.536,621.836
2023-10-06,2023 National Championship,MA,Joshua Campfield,Valerie Briley,0.811,8.557,637.536,628.979
2023-10-06,2023 National Championship,MA,Joshua Campfield,Nefty Bloom,-0.745,-7.966,637.536,645.502
2023-10-06,2023 National Championship,MA,Joshua Campfield,Ryan Plourde,-1.258,-13.511,637.536,651.047
2023-10-06,2023 National Championship,MA,Joshua Campfield,Joshua Mefford,-1.724,-18.583,637.536,656.119
2023-10-06,2023 National Championship,MA,Joshua Campfield,Jess Moeding,-3.086,-33.658,637.536,671.194
2023-10-06,2023 National Championship,MA,Joshua Campfield,Austin Dowda,-3.658,-40.093,637.536,677.629
2023-10-06,2023 National Championship,MA,Joshua Campfield,Kent Hamilton,-4.794,-53.062,637.536,690.598
2023-10-06,2023 National Championship,MA,Joshua Campfield,Blake McIntyre,-6.108,-68.383,637.536,705.919
2023-10-06,2023 National Championship,MA,Joshua Campfield,Chris Delaney,-6.178,-69.205,637.536,706.741
2023-10-06,2023 National Championship,MA,Joshua Campfield,Jonathan Olschewski,-6.503,-73.063,637.536,710.599
2023-10-06,2023 National Championship,MA,Joshua Campfield,James Woodward,-7.547,-85.577,637.536,723.113
2022-09-23,2022 National Championships,MA,Leonard Kirk,Austin Dowda,4.378,35.232,500.450,465.218
2022-09-23,2022 National Championships,MA,Leonard Kirk,Kent Hamilton,3.015,24.530,500.450,475.920
2022-09-23,2022 National Championships,MA,Leonard Kirk,Jonathan Olschewski,2.961,24.105,500.450,476.345
2022-09-23,2022 National Championships,MA,Leonard Kirk,Dan Quiet,2.779,22.653,500.450,477.797
2022-09-23,2022 National Championships,MA,Leonard Kirk,Jess Moeding,2.766,22.553,500.450,477.897
2022-09-23,2022 National Championships,MA,Leonard Kirk,Mark Macoubrie,2.554,20.861,500.450,479.589
2022-09-23,2022 National Championships,MA,Leonard Kirk,Todd Briley,2.541,20.754,500.450,479.696
2022-09-23,2022 National Championships,MA,Leonard Kirk,Eric Genack,2.388,19.530,500.450,480.920
2022-09-23,2022 National Championships,MA,Leonard Kirk,Chris Endres,2.271,18.590,500.450,481.860
2022-09-23,2022 National Championships,MA,Leonard Kirk,Michael Miller,2.010,16.492,500.450,483.958
2022-09-23,2022 National Championships,MA,Leonard Kirk,Joe Lavelle,1.981,16.255,500.450,484.195
2022-09-23,2022 National Championships,MA,Leonard Kirk,Danial Ebling,0.739,6.123,500.450,494.327
2022-09-23,2022 National Championships,MA,Leonard Kirk,Harold Denham,0.714,5.924,500.450,494.526
2022-09-23,2022 National Championships,MA,Leonard Kirk,Diego De Castro,0.629,5.218,500.450,495.232
2022-09-23,2022 National Championships,MA,Leonard Kirk,Jonathon Nagel,0.302,2.510,500.450,497.940
2022-09-23,2022 National Championships,MA,Leonard Kirk,Joshua Campfield,0.277,2.308,500.450,498.142
2022-09-23,2022 National Championships,MA,Leonard Kirk,Valerie Briley,0.168,1.396,500.450,499.054
2022-09-23,2022 National Championships,MA,Leonard Kirk,Drew Little,-0.090,-0.754,500.450,501.204
2022-09-23,2022 National Championships,MA,Leonard Kirk,Angelica Miller,-0.207,-1.731,500.450,502.181
2022-09-23,2022 National Championships,MA,Leonard Kirk,Glenn Farrant,-1.428,-12.058,500.450,512.508
2022-09-23,2022 National Championships,MA,Leonard Kirk,Dillon Nafziger,-1.712,-14.482,500.450,514.932
2022-09-23,2022 National Championships,MA,Leonard Kirk,Alicia Quiet,-1.865,-15.799,500.450,516.249
2022-09-23,2022 National Championships,MA,Leonard Kirk,Elizabeth Austin,-2.048,-17.378,500.450,517.828
2022-09-23,2022 National Championships,MA,Leonard Kirk,Benjamin Howe,-2.331,-19.831,500.450,520.281
2022-09-23,2022 National Championships,MA,Leonard Kirk,Bob Martin,-2.363,-20.101,500.450,520.551
2022-09-23,2022 National Championships,MA,Drew Little,Austin Dowda,4.468,35.986,501.204,465.218
2022-09-23,2022 National Championships,MA,Drew Little,Kent Hamilton,3.105,25.284,501.204,475.920
2022-09-23,2022 National Championships,MA,Drew Little,Jonathan Olschewski,3.052,24.859,501.204,476.345
2022-09-23,2022 National Championships,MA,Drew Little,Dan Quiet,2.869,23.407,501.204,477.797
2022-09-23,2022 National Championships,MA,Drew Little,Jess Moeding,2.857,23.307,501.204,477.897
2022-09-23,2022 National Championships,MA,Drew Little,Mark Macoubrie,2.645,21.615,501.204,479.589
2022-09-23,2022 National Championships,MA,Drew Little,Todd Briley,2.631,21.508,501.204,479.696
2022-09-23,2022 National Championships,MA,Drew Little,Eric Genack,2.478,20.284,501.204,480.920
2022-09-23,2022 National Championships,MA,Drew Little,Chris Endres,2.361,19.344,501.204,481.860
2022-09-23,2022 National Championships,MA,Drew Little,Michael Miller,2.101,17.246,501.204,483.958
2022-09-23,2022 National Championships,MA,Drew Little,Joe Lavelle,2.071,17.009,501.204,484.195
2022-09-23,2022 National Championships,MA,Drew Little,Danial Ebling,0.829,6.877,501.204,494.327
2022-09-23,2022 National Championships,MA,Drew Little,Harold Denham,0.805,6.678,501.204,494.526
2022-09-23,2022 National Championships,MA,Drew Little,Diego De Castro,0.719,5.972,501.204,495.232
2022-09-23,2022 National Championships,MA,Drew Little,Jonathon Nagel,0.392,3.264,501.204,497.940
2022-09-23,2022 National Championships,MA,Drew Little,Joshua Campfield,0.368,3.062,501.204,498.142
2022-09-23,2022 National Championships,MA,Drew Little,Valerie Briley,0.258,2.150,501.204,499.054
2022-09-23,2022 National Championships,MA,Drew Little,Leonard Kirk,0.090,0.754,501.204,500.450
2022-09-23,2022 National Championships,MA,Drew Little,Angelica Miller,-0.117,-0.977,501.204,502.181
2022-09-23,2022 National Championships,MA,Drew Little,Glenn Farrant,-1.338,-11.304,501.204,512.508
2022-09-23,2022 National Championships,MA,Drew Little,Dillon Nafziger,-1.621,-13.728,501.204,514.932
2022-09-23,2022 National Championships,MA,Drew Little,Alicia Quiet,-1.774,-15.045,501.204,516.249
2022-09-23,2022 National Championships,MA,Drew Little,Elizabeth Austin,-1.958,-16.624,501.204,517.828
2022-09-23,2022 National Championships,MA,Drew Little,Benjamin Howe,-2.241,-19.077,501.204,520.281
2022-09-23,2022 National Championships,MA,Drew Little,Bob Martin,-2.272,-19.347,501.204,520.551
2022-09-23,2022 National Championships,MA,Angelica Miller,Austin Dowda,4.585,36.963,502.181,465.218
2022-09-23,2022 National Championships,MA,Angelica Miller,Kent Hamilton,3.222,26.261,502.181,475.920
2022-09-23,2022 National Championships,MA,Angelica Miller,Jonathan Olschewski,3.168,25.836,502.181,476.345
2022-09-23,2022 National Championships,MA,Angelica Miller,Dan Quiet,2.986,24.384,502.181,477.797
2022-09-23,2022 National Championships,MA,Angelica Miller,Jess Moeding,2.973,24.284,502.181,477.897
2022-09-23,2022 National Championships,MA,Angelica Miller,Mark Macoubrie,2.761,22.592,502.181,479.589
2022-09-23,2022 National Championships,MA,Angelica Miller,Todd Briley,2.748,22.485,502.181,479.696
2022-09-23,2022 National Championships,MA,Angelica Miller,Eric Genack,2.595,21.261,502.181,480.920
2022-09-23,2022 National Championships,MA,Angelica Miller,Chris Endres,2.478,20.321,502.181,481.860
2022-09-23,2022 National Championships,MA,Angelica Miller,Michael Miller,2.217,18.223,502.181,483.958
2022-09-23,2022 National Championships,MA,Angelica Miller,Joe Lavelle,2.188,17.986,502.181,484.195
2022-09-23,2022 National Championships,MA,Angelica Miller,Danial Ebling,0.946,7.854,502.181,494.327
2022-09-23,2022 National Championships,MA,Angelica Miller,Harold Denham,0.922,7.655,502.181,494.526
2022-09-23,2022 National Championships,MA,Angelica Miller,Diego De Castro,0.836,6.949,502.181,495.232
2022-09-23,2022 National Championships,MA,Angelica Miller,Jonathon Nagel,0.509,4.241,502.181,497.940
2022-09-23,2022 National Championships,MA,Angelica Miller,Joshua Campfield,0.485,4.039,502.181,498.142
2022-09-23,2022 National Championships,MA,Angelica Miller,Valerie Briley,0.375,3.127,502.181,499.054
2022-09-23,2022 National Championships,MA,Angelica Miller,Leonard Kirk,0.207,1.731,502.181,500.450
2022-09-23,2022 National Championships,MA,Angelica Miller,Drew Little,0.117,0.977,502.181,501.204
2022-09-23,2022 National Championships,MA,Angelica Miller,Glenn Farrant,-1.221,-10.327,502.181,512.508
2022-09-23,2022 National Championships,MA,Angelica Miller,Dillon Nafziger,-1.504,-12.751,502.181,514.932
2022-09-23,2022 National Championships,MA,Angelica Miller,Alicia Quiet,-1.658,-14.068,502.181,516.249
2022-09-23,2022 National Championships,MA,Angelica Miller,Elizabeth Austin,-1.841,-15.647,502.181,517.828
2022-09-23,2022 National Championships,MA,Angelica Miller,Benjamin Howe,-2.124,-18.100,502.181,520.281
2022-09-23,2022 National Championships,MA,Angelica Miller,Bob Martin,-2.155,-18.370,502.181,520.551
2022-09-23,2022 National Championships,MA,Glenn Farrant,Austin Dowda,5.804,47.290,512.508,465.218
2022-09-23,2022 National Championships,MA,Glenn Farrant,Kent Hamilton,4.442,36.588,512.508,475.920
2022-09-23,2022 National Championships,MA,Glenn Farrant,Jonathan Olschewski,4.388,36.163,512.508,476.345
2022-09-23,2022 National Championships,MA,Glenn Farrant,Dan Quiet,4.206,34.711,512.508,477.797
2022-09-23,2022 National Championships,MA,Glenn Farrant,Jess Moeding,4.194,34.611,512.508,477.897
2022-09-23,2022 National Championships,MA,Glenn Farrant,Mark Macoubrie,3.982,32.919,512.508,479.589
2022-09-23,2022 National Championships,MA,Glenn Farrant,Todd Briley,3.968,32.812,512.508,479.696
2022-09-23,2022 National Championships,MA,Glenn Farrant,Eric Genack,3.816,31.588,512.508,480.920
2022-09-23,2022 National Championships,MA,Glenn Farrant,Chris Endres,3.699,30.648,512.508,481.860
2022-09-23,2022 National Championships,MA,Glenn Farrant,Michael Miller,3.438,28.550,512.508,483.958
2022-09-23,2022 National Championships,MA,Glenn Farrant,Joe Lavelle,3.409,28.313,512.508,484.195
2022-09-23,2022 National Championships,MA,Glenn Farrant,Danial Ebling,2.167,18.181,512.508,494.327
2022-09-23,2022 National Championships,MA,Glenn Farrant,Harold Denham,2.143,17.982,512.508,494.526
2022-09-23,2022 National Championships,MA,Glenn Farrant,Diego De Castro,2.057,17.276,512.508,495.232
2022-09-23,2022 National Championships,MA,Glenn Farrant,Jonathon Nagel,1.730,14.568,512.508,497.940
2022-09-23,2022 National Championships,MA,Glenn Farrant,Joshua Campfield,1.706,14.366,512.508,498.142
2022-09-23,2022 National Championships,MA,Glenn Farrant,Valerie Briley,1.596,13.454,512.508,499.054
2022-09-23,2022 National Championships,MA,Glenn Farrant,Leonard Kirk,1.428,12.058,512.508,500.450
2022-09-23,2022 National Championships,MA,Glenn Farrant,Drew Little,1.338,11.304,512.508,501.204
2022-09-23,2022 National Championships,MA,Glenn Farrant,Angelica Miller,1.221,10.327,512.508,502.181
2022-09-23,2022 National Championships,MA,Glenn Farrant,Dillon Nafziger,-0.283,-2.424,512.508,514.932
2022-09-23,2022 National Championships,MA,Glenn Farrant,Alicia Quiet,-0.436,-3.741,512.508,516.249
2022-09-23,2022 National Championships,MA,Glenn Farrant,Elizabeth Austin,-0.620,-5.320,512.508,517.828
2022-09-23,2022 National Championships,MA,Glenn Farrant,Benjamin Howe,-0.903,-7.773,512.508,520.281
2022-09-23,2022 National Championships,MA,Glenn Farrant,Bob Martin,-0.934,-8.043,512.508,520.551
2022-09-23,2022 National Championships,MA,Dillon Nafziger,Austin Dowda,6.086,49.714,514.932,465.218
2022-09-23,2022 National Championships,MA,Dillon Nafziger,Kent Hamilton,4.725,39.012,514.932,475.920
2022-09-23,2022 National Championships,MA,Dillon Nafziger,Jonathan Olschewski,4.671,38.587,514.932,476.345
2022-09-23,2022 National Championships,MA,Dillon Nafziger,Dan Quiet,4.489,37.135,514.932,477.797
2022-09-23,2022 National Championships,MA,Dillon Nafziger,Jess Moeding,4.476,37.035,514.932,477.897
2022-09-23,2022 National Championships,MA,Dillon Nafziger,Mark Macoubrie,4.265,35.343,514.932,479.589
2022-09-23,2022 National Championships,MA,Dillon Nafziger,Todd Briley,4.251,35.236,514.932,479.696
2022-09-23,2022 National Championships,MA,Dillon Nafziger,Eric Genack,4.098,34.012,514.932,480.920
2022-09-23,2022 National Championships,MA,Dillon Nafziger,Chris Endres,3.981,33.072,514.932,481.860
2022-09-23,2022 National Championships,MA,Dillon Nafziger,Michael Miller,3.721,30.974,514.932,483.958
2022-09-23,2022 National Championships,MA,Dillon Nafziger,Joe Lavelle,3.692,30.737,514.932,484.195
2022-09-23,2022 National Championships,MA,Dillon Nafziger,Danial Ebling,2.450,20.605,514.932,494.327
2022-09-23,2022 National Championships,MA,Dillon Nafziger,Harold Denham,2.426,20.406,514.932,494.526
2022-09-23,2022 National Championships,MA,Dillon Nafziger,Diego De Castro,2.340,19.700,514.932,495.232
2022-09-23,2022 National Championships,MA,Dillon Nafziger,Jonathon Nagel,2.013,16.992,514.932,497.940
2022-09-23,2022 National Championships,MA,Dillon Nafziger,Joshua Campfield,1.989,16.790,514.932,498.142
2022-09-23,2022 National Championships,MA,Dillon Nafziger,Valerie Briley,1.879,15.878,514.932,499.054
2022-09-23,2022 National Championships,MA,Dillon Nafziger,Leonard Kirk,1.712,14.482,514.932,500.450
2022-09-23,2022 National Championships,MA,Dillon Nafziger,Drew Little,1.621,13.728,514.932,501.204
2022-09-23,2022 National Championships,MA,Dillon Nafziger,Angelica Miller,1.504,12.751,514.932,502.181
2022-09-23,2022 National Championships,MA,Dillon Nafziger,Glenn Farrant,0.283,2.424,514.932,512.508
2022-09-23,2022 National Championships,MA,Dillon Nafziger,Alicia Quiet,-0.153,-1.317,514.932,516.249
2022-09-23,2022 National Championships,MA,Dillon Nafziger,Elizabeth Austin,-0.336,-2.896,514.932,517.828
2022-09-23,2022 National Championships,MA,Dillon Nafziger,Benjamin Howe,-0.620,-5.349,514.932,520.281
2022-09-23,2022 National Championships,MA,Dillon Nafziger,Bob Martin,-0.651,-5.619,514.932,520.551
2022-09-23,2022 National Championships,MA,Alicia Quiet,Austin Dowda,6.239,51.031,516.249,465.218
2022-09-23,2022 National Championships,MA,Alicia Quiet,Kent Hamilton,4.878,40.329,516.249,475.920
2022-09-23,2022 National Championships,MA,Alicia Quiet,Jonathan Olschewski,4.824,39.904,516.249,476.345
2022-09-23,2022 National Championships,MA,Alicia Quiet,Dan Quiet,4.642,38.452,516.249,477.797
2022-09-23,2022 National Championships,MA,Alicia Quiet,Jess Moeding,4.629,38.352,516.249,477.897
2022-09-23,2022 National Championships,MA,Alicia Quiet,Mark Macoubrie,4.418,36.660,516.249,479.589
2022-09-23,2022 National Championships,MA,Alicia Quiet,Todd Briley,4.404,36.553,516.249,479.696
2022-09-23,2022 National Championships,MA,Alicia Quiet,Eric Genack,4.252,35.329,516.249,480.920
2022-09-23,2022 National Championships,MA,Alicia Quiet,Chris Endres,4.134,34.389,516.249,481.860
2022-09-23,2022 National Championships,MA,Alicia Quiet,Michael Miller,3.874,32.291,516.249,483.958
2022-09-23,2022 National Championships,MA,Alicia Quiet,Joe Lavelle,3.845,32.054,516.249,484.195
2022-09-23,2022 National Championships,MA,Alicia Quiet,Danial Ebling,2.603,21.922,516.249,494.327
2022-09-23,2022 National Championships,MA,Alicia Quiet,Harold Denham,2.579,21.723,516.249,494.526
2022-09-23,2022 National Championships,MA,Alicia Quiet,Diego De Castro,2.493,21.017,516.249,495.232
2022-09-23,2022 National Championships,MA,Alicia Quiet,Jonathon Nagel,2.166,18.309,516.249,497.940
2022-09-23,2022 National Championships,MA,Alicia Quiet,Joshua Campfield,2.142,18.107,516.249,498.142
2022-09-23,2022 National Championships,MA,Alicia Quiet,Valerie Briley,2.032,17.195,516.249,499.054
2022-09-23,2022 National Championships,MA,Alicia Quiet,Leonard Kirk,1.865,15.799,516.249,500.450
2022-09-23,2022 National Championships,MA,Alicia Quiet,Drew Little,1.774,15.045,516.249,501.204
2022-09-23,2022 National Championships,MA,Alicia Quiet,Angelica Miller,1.658,14.068,516.249,502.181
2022-09-23,2022 National Championships,MA,Alicia Quiet,Glenn Farrant,0.436,3.741,516.249,512.508
2022-09-23,2022 National Championships,MA,Alicia Quiet,Dillon Nafziger,0.153,1.317,516.249,514.932
2022-09-23,2022 National Championships,MA,Alicia Quiet,Elizabeth Austin,-0.183,-1.579,516.249,517.828
2022-09-23,2022 National Championships,MA,Alicia Quiet,Benjamin Howe,-0.467,-4.032,516.249,520.281
2022-09-23,2022 National Championships,MA,Alicia Quiet,Bob Martin,-0.498,-4.302,516.249,520.551
2022-09-23,2022 National Championships,MA,Elizabeth Austin,Austin Dowda,6.422,52.610,517.828,465.218
2022-09-23,2022 National Championships,MA,Elizabeth Austin,Kent Hamilton,5.061,41.908,517.828,475.920
2022-09-23,2022 National Championships,MA,Elizabeth Austin,Jonathan Olschewski,5.007,41.483,517.828,476.345
2022-09-23,2022 National Championships,MA,Elizabeth Austin,Dan Quiet,4.825,40.031,517.828,477.797
2022-09-23,2022 National Championships,MA,Elizabeth Austin,Jess Moeding,4.812,39.931,517.828,477.897
2022-09-23,2022 National Championships,MA,Elizabeth Austin,Mark Macoubrie,4.601,38.239,517.828,479.589
2022-09-23,2022 National Championships,MA,Elizabeth Austin,Todd Briley,4.587,38.132,517.828,479.696
2022-09-23,2022 National Championships,MA,Elizabeth Austin,Eric Genack,4.435,36.908,517.828,480.920
2022-09-23,2022 National Championships,MA,Elizabeth Austin,Chris Endres,4.318,35.968,517.828,481.860
2022-09-23,2022 National Championships,MA,Elizabeth Austin,Michael Miller,4.057,33.870,517.828,483.958
2022-09-23,2022 National Championships,MA,Elizabeth Austin,Joe Lavelle,4.028,33.633,517.828,484.195
2022-09-23,2022 National Championships,MA,Elizabeth Austin,Danial Ebling,2.786,23.501,517.828,494.327
2022-09-23,2022 National Championships,MA,Elizabeth Austin,Harold Denham,2.762,23.302,517.828,494.526
2022-09-23,2022 National Championships,MA,Elizabeth Austin,Diego De Castro,2.677,22.596,517.828,495.232
2022-09-23,2022 National Championships,MA,Elizabeth Austin,Jonathon Nagel,2.350,19.888,517.828,497.940
2022-09-23,2022 National Championships,MA,Elizabeth Austin,Joshua Campfield,2.325,19.686,517.828,498.142
2022-09-23,2022 National Championships,MA,Elizabeth Austin,Valerie Briley,2.215,18.774,517.828,499.054
2022-09-23,2022 National Championships,MA,Elizabeth Austin,Leonard Kirk,2.048,17.378,517.828,500.450
2022-09-23,2022 National Championships,MA,Elizabeth Austin,Drew Little,1.958,16.624,517.828,501.204
2022-09-23,2022 National Championships,MA,Elizabeth Austin,Angelica Miller,1.841,15.647,517.828,502.181
2022-09-23,2022 National Championships,MA,Elizabeth Austin,Glenn Farrant,0.620,5.320,517.828,512.508
2022-09-23,2022 National Championships,MA,Elizabeth Austin,Dillon Nafziger,0.336,2.896,517.828,514.932
2022-09-23,2022 National Championships,MA,Elizabeth Austin,Alicia Quiet,0.183,1.579,517.828,516.249
2022-09-23,2022 National Championships,MA,Elizabeth Austin,Benjamin Howe,-0.284,-2.453,517.828,520.281
2022-09-23,2022 National Championships,MA,Elizabeth Austin,Bob Martin,-0.315,-2.723,517.828,520.551
2022-09-23,2022 National Championships,MA,Bob Martin,Austin Dowda,6.736,55.333,520.551,465.218
2022-09-23,2022 National Championships,MA,Bob Martin,Kent Hamilton,5.375,44.631,520.551,475.920
2022-09-23,2022 National Championships,MA,Bob Martin,Jonathan Olschewski,5.321,44.206,520.551,476.345
2022-09-23,2022 National Championships,MA,Bob Martin,Dan Quiet,5.139,42.754,520.551,477.797
2022-09-23,2022 National Championships,MA,Bob Martin,Jess Moeding,5.126,42.654,520.551,477.897
2022-09-23,2022 National Championships,MA,Bob Martin,Mark Macoubrie,4.915,40.962,520.551,479.589
2022-09-23,2022 National Championships,MA,Bob Martin,Todd Briley,4.901,40.855,520.551,479.696
2022-09-23,2022 National Championships,MA,Bob Martin,Eric Genack,4.749,39.631,520.551,480.920
2022-09-23,2022 National Championships,MA,Bob Martin,Chris Endres,4.632,38.691,520.551,481.860
2022-09-23,2022 National Championships,MA,Bob Martin,Michael Miller,4.371,36.593,520.551,483.958
2022-09-23,2022 National Championships,MA,Bob Martin,Joe Lavelle,4.342,36.356,520.551,484.195
2022-09-23,2022 National Championships,MA,Bob Martin,Danial Ebling,3.101,26.224,520.551,494.327
2022-09-23,2022 National Championships,MA,Bob Martin,Harold Denham,3.077,26.025,520.551,494.526
2022-09-23,2022 National Championships,MA,Bob Martin,Diego De Castro,2.991,25.319,520.551,495.232
2022-09-23,2022 National Championships,MA,Bob Martin,Jonathon Nagel,2.664,22.611,520.551,497.940
2022-09-23,2022 National Championships,MA,Bob Martin,Joshua Campfield,2.640,22.409,520.551,498.142
2022-09-23,2022 National Championships,MA,Bob Martin,Valerie Briley,2.530,21.497,520.551,499.054
2022-09-23,2022 National Championships,MA,Bob Martin,Leonard Kirk,2.363,20.101,520.551,500.450
2022-09-23,2022 National Championships,MA,Bob Martin,Drew Little,2.272,19.347,520.551,501.204
2022-09-23,2022 National Championships,MA,Bob Martin,Angelica Miller,2.155,18.370,520.551,502.181
2022-09-23,2022 National Championships,MA,Bob Martin,Glenn Farrant,0.934,8.043,520.551,512.508
2022-09-23,2022 National Championships,MA,Bob Martin,Dillon Nafziger,0.651,5.619,520.551,514.932
2022-09-23,2022 National Championships,MA,Bob Martin,Alicia Quiet,0.498,4.302,520.551,516.249
2022-09-23,2022 National Championships,MA,Bob Martin,Elizabeth Austin,0.315,2.723,520.551,517.828
2022-09-23,2022 National Championships,MA,Bob Martin,Benjamin Howe,0.031,0.270,520.551,520.281
2025-07-05,2025 Midwest Divisional,SR,Randy Puls,Susan Puls,-4.164,-76.208,1059.942,1136.150
2025-07-05,2025 Midwest Divisional,SR,Susan Puls,Randy Puls,4.164,76.208,1136.150,1059.942
2025-07-05,2025 Midwest Divisional,MA,Jeff Maize,Leon Drake,4.974,69.940,878.675,808.735
2025-07-05,2025 Midwest Divisional,MA,Jeff Maize,Michael Tritt,2.870,41.052,878.675,837.623
2025-07-05,2025 Midwest Divisional,MA,Jeff Maize,Jason Baney,-0.485,-7.136,878.675,885.811
2025-07-05,2025 Midwest Divisional,MA,Jeff Maize,Amanda Maize,-10.330,-165.531,878.675,1044.206
2025-07-05,2025 Midwest Divisional,MA,Amanda Maize,Leon Drake,15.250,235.471,1044.206,808.735
2025-07-05,2025 Midwest Divisional,MA,Amanda Maize,Michael Tritt,13.173,206.583,1044.206,837.623
2025-07-05,2025 Midwest Divisional,MA,Amanda Maize,Jeff Maize,10.330,165.531,1044.206,878.675
2025-07-05,2025 Midwest Divisional,MA,Amanda Maize,Jason Baney,9.848,158.395,1044.206,885.811
2023-10-06,2023 National Championship,SF,Brad Turnbull,Caleb Warren,-2.592,-27.881,631.512,659.393
2023-10-06,2023 National Championship,SF,Brad Turnbull,Harold Denham,-2.775,-29.898,631.512,661.410
2023-10-06,2023 National Championship,SF,Brad Turnbull,Dan Sanford,-3.288,-35.582,631.512,667.094
2023-10-06,2023 National Championship,SF,Brad Turnbull,Geoffrey Hamilton,-3.816,-41.481,631.512,672.993
2023-10-06,2023 National Championship,SF,Brad Turnbull,Parker Sattler,-5.301,-58.376,631.512,689.888
2023-10-06,2023 National Championship,SF,Brad Turnbull,Ken Krenk,-6.501,-72.340,631.512,703.852
2023-10-06,2023 National Championship,SF,Brad Turnbull,Josh Armantrout,-6.832,-76.253,631.512,707.765
2023-10-06,2023 National Championship,SF,Dan Sanford,Brad Turnbull,3.288,35.582,667.094,631.512
2023-10-06,2023 National Championship,SF,Dan Sanford,Caleb Warren,0.697,7.701,667.094,659.393
2023-10-06,2023 National Championship,SF,Dan Sanford,Harold Denham,0.513,5.684,667.094,661.410
2023-10-06,2023 National Championship,SF,Dan Sanford,Geoffrey Hamilton,-0.528,-5.899,667.094,672.993
2023-10-06,2023 National Championship,SF,Dan Sanford,Parker Sattler,-2.016,-22.794,667.094,689.888
2023-10-06,2023 National Championship,SF,Dan Sanford,Ken Krenk,-3.217,-36.758,667.094,703.852
2023-10-06,2023 National Championship,SF,Dan Sanford,Josh Armantrout,-3.550,-40.671,667.094,707.765
2023-10-06,2023 National Championship,SF,Geoffrey Hamilton,Brad Turnbull,3.816,41.481,672.993,631.512
2023-10-06,2023 National Championship,SF,Geoffrey Hamilton,Caleb Warren,1.225,13.600,672.993,659.393
2023-10-06,2023 National Championship,SF,Geoffrey Hamilton,Harold Denham,1.042,11.583,672.993,661.410
2023-10-06,2023 National Championship,SF,Geoffrey Hamilton,Dan Sanford,0.528,5.899,672.993,667.094
2023-10-06,2023 National Championship,SF,Geoffrey Hamilton,Parker Sattler,-1.488,-16.895,672.993,689.888
2023-10-06,2023 National Championship,SF,Geoffrey Hamilton,Ken Krenk,-2.690,-30.859,672.993,703.852
2023-10-06,2023 National Championship,SF,Geoffrey Hamilton,Josh Armantrout,-3.022,-34.772,672.993,707.765
2023-10-06,2023 National Championship,SF,Parker Sattler,Brad Turnbull,5.301,58.376,689.888,631.512
2023-10-06,2023 National Championship,SF,Parker Sattler,Caleb Warren,2.712,30.495,689.888,659.393
2023-10-06,2023 National Championship,SF,Parker Sattler,Harold Denham,2.529,28.478,689.888,661.410
2023-10-06,2023 National Championship,SF,Parker Sattler,Dan Sanford,2.016,22.794,689.888,667.094
2023-10-06,2023 National Championship,SF,Parker Sattler,Geoffrey Hamilton,1.488,16.895,689.888,672.993
2023-10-06,2023 National Championship,SF,Parker Sattler,Ken Krenk,-1.202,-13.964,689.888,703.852
2023-10-06,2023 National Championship,SF,Parker Sattler,Josh Armantrout,-1.535,-17.877,689.888,707.765
2023-10-06,2023 National Championship,SR,Keith Lightfoot,Jared Phillippe,-1.280,-14.443,670.038,684.481
2023-10-06,2023 National Championship,SR,Keith Lightfoot,Trevor Phillippe,-1.539,-17.411,670.038,687.449
2023-10-06,2023 National Championship,SR,Keith Lightfoot,Jackson Lee,-2.136,-24.284,670.038,694.322
2023-10-06,2023 National Championship,SR,Keith Lightfoot,Jason Lee,-6.211,-73.148,670.038,743.186
2023-10-06,2023 National Championship,SR,Keith Lightfoot,James Wood,-6.760,-79.994,670.038,750.032
2024-10-18,2024 National Championships,SR,Keith Lightfoot,Logan Altmyer,9.796,127.962,847.781,719.819
2024-10-18,2024 National Championships,SR,Keith Lightfoot,Josh Armantrout,9.429,123.525,847.781,724.256
2024-10-18,2024 National Championships,SR,Keith Lightfoot,Michael Golden,9.426,123.484,847.781,724.297
2024-10-18,2024 National Championships,SR,Keith Lightfoot,Adam Raymer,9.021,118.556,847.781,729.225
2024-10-18,2024 National Championships,SR,Keith Lightfoot,Jason Stewart,8.694,114.539,847.781,733.242
2024-10-18,2024 National Championships,SR,Keith Lightfoot,James Green,8.392,110.826,847.781,736.955
2024-10-18,2024 National Championships,SR,Keith Lightfoot,Jared Phillippe,8.105,107.279,847.781,740.502
2024-10-18,2024 National Championships,SR,Keith Lightfoot,Trevor Phillippe,8.082,106.993,847.781,740.788
2024-10-18,2024 National Championships,SR,Keith Lightfoot,Ceili Mcclarney,1.914,26.624,847.781,821.157
2024-10-18,2024 National Championships,SR,Keith Lightfoot,Jasmine McClarney,1.693,23.589,847.781,824.192
2023-10-06,2023 National Championship,SR,Jared Phillippe,Keith Lightfoot,1.280,14.443,684.481,670.038
2023-10-06,2023 National Championship,SR,Jared Phillippe,Trevor Phillippe,-0.260,-2.968,684.481,687.449
2023-10-06,2023 National Championship,SR,Jared Phillippe,Jackson Lee,-0.856,-9.841,684.481,694.322
2023-10-06,2023 National Championship,SR,Jared Phillippe,Jason Lee,-4.934,-58.705,684.481,743.186
2023-10-06,2023 National Championship,SR,Jared Phillippe,James Wood,-5.483,-65.551,684.481,750.032
2024-10-18,2024 National Championships,SR,Jared Phillippe,Logan Altmyer,1.700,20.683,740.502,719.819
2024-10-18,2024 National Championships,SR,Jared Phillippe,Josh Armantrout,1.331,16.246,740.502,724.256
2024-10-18,2024 National Championships,SR,Jared Phillippe,Michael Golden,1.328,16.205,740.502,724.297
2024-10-18,2024 National Championships,SR,Jared Phillippe,Adam Raymer,0.921,11.277,740.502,729.225
2024-10-18,2024 National Championships,SR,Jared Phillippe,Jason Stewart,0.591,7.260,740.502,733.242
2024-10-18,2024 National Championships,SR,Jared Phillippe,James Green,0.288,3.547,740.502,736.955
2024-10-18,2024 National Championships,SR,Jared Phillippe,Trevor Phillippe,-0.023,-0.286,740.502,740.788
2024-10-18,2024 National Championships,SR,Jared Phillippe,Ceili Mcclarney,-6.198,-80.655,740.502,821.157
2024-10-18,2024 National Championships,SR,Jared Phillippe,Jasmine McClarney,-6.418,-83.690,740.502,824.192
2024-10-18,2024 National Championships,SR,Jared Phillippe,Keith Lightfoot,-8.105,-107.279,740.502,847.781
2023-10-06,2023 National Championship,SR,Trevor Phillippe,Keith Lightfoot,1.539,17.411,687.449,670.038
2023-10-06,2023 National Championship,SR,Trevor Phillippe,Jared Phillippe,0.260,2.968,687.449,684.481
2023-10-06,2023 National Championship,SR,Trevor Phillippe,Jackson Lee,-0.597,-6.873,687.449,694.322
2023-10-06,2023 National Championship,SR,Trevor Phillippe,Jason Lee,-4.675,-55.737,687.449,743.186
2023-10-06,2023 National Championship,SR,Trevor Phillippe,James Wood,-5.224,-62.583,687.449,750.032
2024-10-18,2024 National Championships,SR,Trevor Phillippe,Logan Altmyer,1.723,20.969,740.788,719.819
2024-10-18,2024 National Championships,SR,Trevor Phillippe,Josh Armantrout,1.354,16.532,740.788,724.256
2024-10-18,2024 National Championships,SR,Trevor Phillippe,Michael Golden,1.351,16.491,740.788,724.297
2024-10-18,2024 National Championships,SR,Trevor Phillippe,Adam Raymer,0.944,11.563,740.788,729.225
2024-10-18,2024 National Championships,SR,Trevor Phillippe,Jason Stewart,0.614,7.546,740.788,733.242
2024-10-18,2024 National Championships,SR,Trevor Phillippe,James Green,0.311,3.833,740.788,736.955
2024-10-18,2024 National Championships,SR,Trevor Phillippe,Jared Phillippe,0.023,0.286,740.788,740.502
2024-10-18,2024 National Championships,SR,Trevor Phillippe,Ceili Mcclarney,-6.175,-80.369,740.788,821.157
2024-10-18,2024 National Championships,SR,Trevor Phillippe,Jasmine McClarney,-6.395,-83.404,740.788,824.192
2024-10-18,2024 National Championships,SR,Trevor Phillippe,Keith Lightfoot,-8.082,-106.993,740.788,847.781
2023-10-06,2023 National Championship,SR,Jackson Lee,Keith Lightfoot,2.136,24.284,694.322,670.038
2023-10-06,2023 National Championship,SR,Jackson Lee,Jared Phillippe,0.856,9.841,694.322,684.481
2023-10-06,2023 National Championship,SR,Jackson Lee,Trevor Phillippe,0.597,6.873,694.322,687.449
2023-10-06,2023 National Championship,SR,Jackson Lee,Jason Lee,-4.079,-48.864,694.322,743.186
2023-10-06,2023 National Championship,SR,Jackson Lee,James Wood,-4.629,-55.710,694.322,750.032
2023-10-06,2023 National Championship,SA,ML Culpepper,Timothy Thompson,5.134,55.315,674.077,618.762
2023-10-06,2023 National Championship,SA,ML Culpepper,Jan Gerber,4.148,45.046,674.077,629.031
2023-10-06,2023 National Championship,SA,ML Culpepper,Robert Seelig,3.579,39.046,674.077,635.031
2023-10-06,2023 National Championship,SA,ML Culpepper,Zachary Smith,2.567,28.238,674.077,645.839
2023-10-06,2023 National Championship,SA,ML Culpepper,Sean Heinrich,2.011,22.218,674.077,651.859
2023-10-06,2023 National Championship,SA,ML Culpepper,Ryan Ruhle,0.076,0.857,674.077,673.220
2023-10-06,2023 National Championship,SA,ML Culpepper,Mason Smith,-0.032,-0.360,674.077,674.437
2023-10-06,2023 National Championship,SA,ML Culpepper,Steve Ducharme,-1.493,-16.984,674.077,691.061
2023-10-06,2023 National Championship,SA,ML Culpepper,Randy Eickhoff,-2.984,-34.383,674.077,708.460
2023-10-06,2023 National Championship,SA,ML Culpepper,Rick Myers,-7.484,-89.673,674.077,763.750
2023-10-06,2023 National Championship,SA,Mason Smith,Timothy Thompson,5.166,55.675,674.437,618.762
2023-10-06,2023 National Championship,SA,Mason Smith,Jan Gerber,4.180,45.406,674.437,629.031
2023-10-06,2023 National Championship,SA,Mason Smith,Robert Seelig,3.611,39.406,674.437,635.031
2023-10-06,2023 National Championship,SA,Mason Smith,Zachary Smith,2.599,28.598,674.437,645.839
2023-10-06,2023 National Championship,SA,Mason Smith,Sean Heinrich,2.043,22.578,674.437,651.859
2023-10-06,2023 National Championship,SA,Mason Smith,Ryan Ruhle,0.108,1.217,674.437,673.220
2023-10-06,2023 National Championship,SA,Mason Smith,ML Culpepper,0.032,0.360,674.437,674.077
2023-10-06,2023 National Championship,SA,Mason Smith,Steve Ducharme,-1.461,-16.624,674.437,691.061
2023-10-06,2023 National Championship,SA,Mason Smith,Randy Eickhoff,-2.952,-34.023,674.437,708.460
2023-10-06,2023 National Championship,SA,Mason Smith,Rick Myers,-7.452,-89.313,674.437,763.750
2023-10-06,2023 National Championship,SA,Randy Eickhoff,Timothy Thompson,8.110,89.698,708.460,618.762
2023-10-06,2023 National Championship,SA,Randy Eickhoff,Jan Gerber,7.126,79.429,708.460,629.031
2023-10-06,2023 National Championship,SA,Randy Eickhoff,Robert Seelig,6.559,73.429,708.460,635.031
2023-10-06,2023 National Championship,SA,Randy Eickhoff,Zachary Smith,5.549,62.621,708.460,645.839
2023-10-06,2023 National Championship,SA,Randy Eickhoff,Sean Heinrich,4.993,56.601,708.460,651.859
2023-10-06,2023 National Championship,SA,Randy Eickhoff,Ryan Ruhle,3.061,35.240,708.460,673.220
2023-10-06,2023 National Championship,SA,Randy Eickhoff,ML Culpepper,2.984,34.383,708.460,674.077
2023-10-06,2023 National Championship,SA,Randy Eickhoff,Mason Smith,2.952,34.023,708.460,674.437
2023-10-06,2023 National Championship,SA,Randy Eickhoff,Steve Ducharme,1.492,17.399,708.460,691.061
2023-10-06,2023 National Championship,SA,Randy Eickhoff,Rick Myers,-4.507,-55.290,708.460,763.750
2023-10-06,2023 National Championship,SA,Rick Myers,Timothy Thompson,12.585,144.988,763.750,618.762
2023-10-06,2023 National Championship,SA,Rick Myers,Jan Gerber,11.607,134.719,763.750,629.031
2023-10-06,2023 National Championship,SA,Rick Myers,Robert Seelig,11.043,128.719,763.750,635.031
2023-10-06,2023 National Championship,SA,Rick Myers,Zachary Smith,10.038,117.911,763.750,645.839
2023-10-06,2023 National Championship,SA,Rick Myers,Sean Heinrich,9.485,111.891,763.750,651.859
2023-10-06,2023 National Championship,SA,Rick Myers,Ryan Ruhle,7.560,90.530,763.750,673.220
2023-10-06,2023 National Championship,SA,Rick Myers,ML Culpepper,7.484,89.673,763.750,674.077
2023-10-06,2023 National Championship,SA,Rick Myers,Mason Smith,7.452,89.313,763.750,674.437
2023-10-06,2023 National Championship,SA,Rick Myers,Steve Ducharme,5.996,72.689,763.750,691.061
2023-10-06,2023 National Championship,SA,Rick Myers,Randy Eickhoff,4.507,55.290,763.750,708.460
2023-10-06,2023 National Championship,PR,Ethan Buettner,Lothrop Withington IV,3.785,42.606,696.783,654.177
2023-10-06,2023 National Championship,PR,Ethan Buettner,Shawn Roberts,3.736,42.072,696.783,654.711
2023-10-06,2023 National Championship,PR,Ethan Buettner,Gonzalo San Miguel,3.647,41.107,696.783,655.676
2023-10-06,2023 National Championship,PR,Ethan Buettner,James Green,-0.346,-4.032,696.783,700.815
2023-10-06,2023 National Championship,PR,Ethan Buettner,Katie Orgler,-1.806,-21.288,696.783,718.071
2023-10-06,2023 National Championship,PR,Ethan Buettner,Joey Green,-4.248,-51.139,696.783,747.922
2023-10-06,2023 National Championship,PR,Joey Green,Lothrop Withington IV,8.023,93.745,747.922,654.177
2023-10-06,2023 National Championship,PR,Joey Green,Shawn Roberts,7.975,93.211,747.922,654.711
2023-10-06,2023 National Championship,PR,Joey Green,Gonzalo San Miguel,7.887,92.246,747.922,655.676
2023-10-06,2023 National Championship,PR,Joey Green,Ethan Buettner,4.248,51.139,747.922,696.783
2023-10-06,2023 National Championship,PR,Joey Green,James Green,3.902,47.107,747.922,700.815
2023-10-06,2023 National Championship,PR,Joey Green,Katie Orgler,2.443,29.851,747.922,718.071
2023-10-06,2023 National Championship,PA,Edwin Cunill,Mark Hill,0.362,3.678,611.774,608.096
2023-10-06,2023 National Championship,PA,Edwin Cunill,Jamison Whisenhunt,-4.055,-42.790,611.774,654.564
2023-10-06,2023 National Championship,PA,Edwin Cunill,Joe Lavelle,-4.602,-48.799,611.774,660.573
2023-10-06,2023 National Championship,PA,Joe Lavelle,Mark Hill,4.964,52.477,660.573,608.096
2023-10-06,2023 National Championship,PA,Joe Lavelle,Edwin Cunill,4.602,48.799,660.573,611.774
2023-10-06,2023 National Championship,PA,Joe Lavelle,Jamison Whisenhunt,0.548,6.009,660.573,654.564
2023-10-06,2023 National Championship,MF,Kevin Murphy,Zbigniew Lorenc,2.718,28.907,652.489,623.582
2023-10-06,2023 National Championship,MF,Kevin Murphy,Blanton Payne,1.815,19.446,652.489,633.043
2023-10-06,2023 National Championship,MF,Kevin Murphy,Jarrod Barlow,0.658,7.117,652.489,645.372
2023-10-06,2023 National Championship,MF,Kevin Murphy,Donald Carl,0.644,6.970,652.489,645.519
2023-10-06,2023 National Championship,MF,Kevin Murphy,Brian Peel,-1.556,-17.146,652.489,669.635
2023-10-06,2023 National Championship,MF,Kevin Murphy,Sean Grubb,-1.572,-17.324,652.489,669.813
2023-10-06,2023 National Championship,MF,Kevin Murphy,Josh Karczewski,-1.976,-21.843,652.489,674.332
2023-10-06,2023 National Championship,MF,Kevin Murphy,Bret Hunter,-5.342,-60.796,652.489,713.285
2023-10-06,2023 National Championship,MF,Sean Grubb,Zbigniew Lorenc,4.289,46.231,669.813,623.582
2023-10-06,2023 National Championship,MF,Sean Grubb,Blanton Payne,3.387,36.770,669.813,633.043
2023-10-06,2023 National Championship,MF,Sean Grubb,Jarrod Barlow,2.230,24.441,669.813,645.372
2023-10-06,2023 National Championship,MF,Sean Grubb,Donald Carl,2.216,24.294,669.813,645.519
2023-10-06,2023 National Championship,MF,Sean Grubb,Kevin Murphy,1.572,17.324,669.813,652.489
2023-10-06,2023 National Championship,MF,Sean Grubb,Brian Peel,0.016,0.178,669.813,669.635
2023-10-06,2023 National Championship,MF,Sean Grubb,Josh Karczewski,-0.403,-4.519,669.813,674.332
2023-10-06,2023 National Championship,MF,Sean Grubb,Bret Hunter,-3.772,-43.472,669.813,713.285
2023-10-06,2023 National Championship,MR,Jason Fuller,Leon Drake,-0.147,-1.534,623.847,625.381
2023-10-06,2023 National Championship,MR,Jason Fuller,Doug Leibman,-3.460,-37.045,623.847,660.892
2023-10-06,2023 National Championship,MR,Jason Fuller,Todd Wicker,-4.320,-46.595,623.847,670.442
2023-10-06,2023 National Championship,MR,Jason Fuller,Ryan Redenbaugh,-4.562,-49.305,623.847,673.152
2023-10-06,2023 National Championship,MR,Jason Fuller,Andrew Benagh,-4.682,-50.655,623.847,674.502
2023-10-06,2023 National Championship,MR,Jason Fuller,Rodman Hunsaker,-5.299,-57.639,623.847,681.486
2023-10-06,2023 National Championship,MR,Jason Fuller,Larry Smith,-5.392,-58.705,623.847,682.552
2023-10-06,2023 National Championship,MR,Jason Fuller,Parker Field,-7.137,-78.896,623.847,702.743
2023-10-06,2023 National Championship,MR,Andrew Benagh,Jason Fuller,4.682,50.655,674.502,623.847
2023-10-06,2023 National Championship,MR,Andrew Benagh,Leon Drake,4.535,49.121,674.502,625.381
2023-10-06,2023 National Championship,MR,Andrew Benagh,Doug Leibman,1.223,13.610,674.502,660.892
2023-10-06,2023 National Championship,MR,Andrew Benagh,Todd Wicker,0.362,4.060,674.502,670.442
2023-10-06,2023 National Championship,MR,Andrew Benagh,Ryan Redenbaugh,0.120,1.350,674.502,673.152
2023-10-06,2023 National Championship,MR,Andrew Benagh,Rodman Hunsaker,-0.618,-6.984,674.502,681.486
2023-10-06,2023 National Championship,MR,Andrew Benagh,Larry Smith,-0.712,-8.050,674.502,682.552
2023-10-06,2023 National Championship,MR,Andrew Benagh,Parker Field,-2.461,-28.241,674.502,702.743
2023-10-06,2023 National Championship,MR,Rodman Hunsaker,Jason Fuller,5.299,57.639,681.486,623.847
2023-10-06,2023 National Championship,MR,Rodman Hunsaker,Leon Drake,5.152,56.105,681.486,625.381
2023-10-06,2023 National Championship,MR,Rodman Hunsaker,Doug Leibman,1.841,20.594,681.486,660.892
2023-10-06,2023 National Championship,MR,Rodman Hunsaker,Todd Wicker,0.980,11.044,681.486,670.442
2023-10-06,2023 National Championship,MR,Rodman Hunsaker,Ryan Redenbaugh,0.738,8.334,681.486,673.152
2023-10-06,2023 National Championship,MR,Rodman Hunsaker,Andrew Benagh,0.618,6.984,681.486,674.502
2023-10-06,2023 National Championship,MR,Rodman Hunsaker,Larry Smith,-0.094,-1.066,681.486,682.552
2023-10-06,2023 National Championship,MR,Rodman Hunsaker,Parker Field,-1.843,-21.257,681.486,702.743
2023-10-06,2023 National Championship,MR,Larry Smith,Jason Fuller,5.392,58.705,682.552,623.847
2023-10-06,2023 National Championship,MR,Larry Smith,Leon Drake,5.245,57.171,682.552,625.381
2023-10-06,2023 National Championship,MR,Larry Smith,Doug Leibman,1.935,21.660,682.552,660.892
2023-10-06,2023 National Championship,MR,Larry Smith,Todd Wicker,1.074,12.110,682.552,670.442
2023-10-06,2023 National Championship,MR,Larry Smith,Ryan Redenbaugh,0.832,9.400,682.552,673.152
2023-10-06,2023 National Championship,MR,Larry Smith,Andrew Benagh,0.712,8.050,682.552,674.502
2023-10-06,2023 National Championship,MR,Larry Smith,Rodman Hunsaker,0.094,1.066,682.552,681.486
2023-10-06,2023 National Championship,MR,Larry Smith,Parker Field,-1.749,-20.191,682.552,702.743
2023-10-06,2023 National Championship,MR,Parker Field,Jason Fuller,7.137,78.896,702.743,623.847
2023-10-06,2023 National Championship,MR,Parker Field,Leon Drake,6.990,77.362,702.743,625.381
2023-10-06,2023 National Championship,MR,Parker Field,Doug Leibman,3.683,41.851,702.743,660.892
2023-10-06,2023 National Championship,MR,Parker Field,Todd Wicker,2.823,32.301,702.743,670.442
2023-10-06,2023 National Championship,MR,Parker Field,Ryan Redenbaugh,2.581,29.591,702.743,673.152
2023-10-06,2023 National Championship,MR,Parker Field,Andrew Benagh,2.461,28.241,702.743,674.502
2023-10-06,2023 National Championship,MR,Parker Field,Rodman Hunsaker,1.843,21.257,702.743,681.486
2023-10-06,2023 National Championship,MR,Parker Field,Larry Smith,1.749,20.191,702.743,682.552
2023-10-06,2023 National Championship,MA,Niles Davis,Chris Endres,2.689,26.598,606.833,580.235
2023-10-06,2023 National Championship,MA,Niles Davis,Todd Briley,1.571,15.681,606.833,591.152
2023-10-06,2023 National Championship,MA,Niles Davis,Mark Macoubrie,1.324,13.246,606.833,593.587
2023-10-06,2023 National Championship,MA,Niles Davis,Danial Ebling,0.056,0.569,606.833,606.264
2023-10-06,2023 National Championship,MA,Niles Davis,Shane Blankenship,-0.066,-0.664,606.833,607.497
2023-10-06,2023 National Championship,MA,Niles Davis,Benjamin Howe,-0.919,-9.367,606.833,616.200
2023-10-06,2023 National Championship,MA,Niles Davis,Alex Reinkordt,-1.222,-12.491,606.833,619.324
2023-10-06,2023 National Championship,MA,Niles Davis,Kevin Schatz,-1.465,-15.003,606.833,621.836
2023-10-06,2023 National Championship,MA,Niles Davis,Valerie Briley,-2.150,-22.146,606.833,628.979
2023-10-06,2023 National Championship,MA,Niles Davis,Joshua Campfield,-2.961,-30.703,606.833,637.536
2023-10-06,2023 National Championship,MA,Niles Davis,Nefty Bloom,-3.705,-38.669,606.833,645.502
2023-10-06,2023 National Championship,MA,Niles Davis,Ryan Plourde,-4.218,-44.214,606.833,651.047
2023-10-06,2023 National Championship,MA,Niles Davis,Joshua Mefford,-4.683,-49.286,606.833,656.119
2023-10-06,2023 National Championship,MA,Niles Davis,Jess Moeding,-6.043,-64.361,606.833,671.194
2023-10-06,2023 National Championship,MA,Niles Davis,Austin Dowda,-6.614,-70.796,606.833,677.629
2023-10-06,2023 National Championship,MA,Niles Davis,Kent Hamilton,-7.747,-83.765,606.833,690.598
2023-10-06,2023 National Championship,MA,Niles Davis,Blake McIntyre,-9.058,-99.086,606.833,705.919
2023-10-06,2023 National Championship,MA,Niles Davis,Chris Delaney,-9.127,-99.908,606.833,706.741
2023-10-06,2023 National Championship,MA,Niles Davis,Jonathan Olschewski,-9.452,-103.766,606.833,710.599
2023-10-06,2023 National Championship,MA,Niles Davis,James Woodward,-10.492,-116.280,606.833,723.113
2023-10-06,2023 National Championship,MA,Shane Blankenship,Chris Endres,2.754,27.262,607.497,580.235
2023-10-06,2023 National Championship,MA,Shane Blankenship,Todd Briley,1.636,16.345,607.497,591.152
2023-10-06,2023 National Championship,MA,Shane Blankenship,Mark Macoubrie,1.390,13.910,607.497,593.587
2023-10-06,2023 National Championship,MA,Shane Blankenship,Danial Ebling,0.122,1.233,607.497,606.264
2023-10-06,2023 National Championship,MA,Shane Blankenship,Niles Davis,0.066,0.664,607.497,606.833
2023-10-06,2023 National Championship,MA,Shane Blankenship,Benjamin Howe,-0.853,-8.703,607.497,616.200
2023-10-06,2023 National Championship,MA,Shane Blankenship,Alex Reinkordt,-1.157,-11.827,607.497,619.324
2023-10-06,2023 National Championship,MA,Shane Blankenship,Kevin Schatz,-1.400,-14.339,607.497,621.836
2023-10-06,2023 National Championship,MA,Shane Blankenship,Valerie Briley,-2.085,-21.482,607.497,628.979
2023-10-06,2023 National Championship,MA,Shane Blankenship,Joshua Campfield,-2.895,-30.039,607.497,637.536
2023-10-06,2023 National Championship,MA,Shane Blankenship,Nefty Bloom,-3.640,-38.005,607.497,645.502
2023-10-06,2023 National Championship,MA,Shane Blankenship,Ryan Plourde,-4.152,-43.550,607.497,651.047
2023-10-06,2023 National Championship,MA,Shane Blankenship,Joshua Mefford,-4.617,-48.622,607.497,656.119
2023-10-06,2023 National Championship,MA,Shane Blankenship,Jess Moeding,-5.978,-63.697,607.497,671.194
2023-10-06,2023 National Championship,MA,Shane Blankenship,Austin Dowda,-6.549,-70.132,607.497,677.629
2023-10-06,2023 National Championship,MA,Shane Blankenship,Kent Hamilton,-7.682,-83.101,607.497,690.598
2023-10-06,2023 National Championship,MA,Shane Blankenship,Blake McIntyre,-8.992,-98.422,607.497,705.919
2023-10-06,2023 National Championship,MA,Shane Blankenship,Chris Delaney,-9.062,-99.244,607.497,706.741
2023-10-06,2023 National Championship,MA,Shane Blankenship,Jonathan Olschewski,-9.386,-103.102,607.497,710.599
2023-10-06,2023 National Championship,MA,Shane Blankenship,James Woodward,-10.427,-115.616,607.497,723.113
2023-10-06,2023 National Championship,MA,Alex Reinkordt,Chris Endres,3.910,39.089,619.324,580.235
2023-10-06,2023 National Championship,MA,Alex Reinkordt,Todd Briley,2.793,28.172,619.324,591.152
2023-10-06,2023 National Championship,MA,Alex Reinkordt,Mark Macoubrie,2.546,25.737,619.324,593.587
2023-10-06,2023 National Championship,MA,Alex Reinkordt,Danial Ebling,1.279,13.060,619.324,606.264
2023-10-06,2023 National Championship,MA,Alex Reinkordt,Niles Davis,1.222,12.491,619.324,606.833
2023-10-06,2023 National Championship,MA,Alex Reinkordt,Shane Blankenship,1.157,11.827,619.324,607.497
2023-10-06,2023 National Championship,MA,Alex Reinkordt,Benjamin Howe,0.303,3.124,619.324,616.200
2023-10-06,2023 National Championship,MA,Alex Reinkordt,Kevin Schatz,-0.243,-2.512,619.324,621.836
2023-10-06,2023 National Championship,MA,Alex Reinkordt,Valerie Briley,-0.928,-9.655,619.324,628.979
2023-10-06,2023 National Championship,MA,Alex Reinkordt,Joshua Campfield,-1.739,-18.212,619.324,637.536
2023-10-06,2023 National Championship,MA,Alex Reinkordt,Nefty Bloom,-2.484,-26.178,619.324,645.502
2023-10-06,2023 National Championship,MA,Alex Reinkordt,Ryan Plourde,-2.997,-31.723,619.324,651.047
2023-10-06,2023 National Championship,MA,Alex Reinkordt,Joshua Mefford,-3.462,-36.795,619.324,656.119
2023-10-06,2023 National Championship,MA,Alex Reinkordt,Jess Moeding,-4.823,-51.870,619.324,671.194
2023-10-06,2023 National Championship,MA,Alex Reinkordt,Austin Dowda,-5.395,-58.305,619.324,677.629
2023-10-06,2023 National Championship,MA,Alex Reinkordt,Kent Hamilton,-6.529,-71.274,619.324,690.598
2023-10-06,2023 National Championship,MA,Alex Reinkordt,Blake McIntyre,-7.841,-86.595,619.324,705.919
2023-10-06,2023 National Championship,MA,Alex Reinkordt,Chris Delaney,-7.911,-87.417,619.324,706.741
2023-10-06,2023 National Championship,MA,Alex Reinkordt,Jonathan Olschewski,-8.236,-91.275,619.324,710.599
2023-10-06,2023 National Championship,MA,Alex Reinkordt,James Woodward,-9.278,-103.789,619.324,723.113
2023-10-06,2023 National Championship,MA,Ryan Plourde,Chris Endres,6.901,70.812,651.047,580.235
2023-10-06,2023 National Championship,MA,Ryan Plourde,Todd Briley,5.786,59.895,651.047,591.152
2023-10-06,2023 National Championship,MA,Ryan Plourde,Mark Macoubrie,5.540,57.460,651.047,593.587
2023-10-06,2023 National Championship,MA,Ryan Plourde,Danial Ebling,4.274,44.783,651.047,606.264
2023-10-06,2023 National Championship,MA,Ryan Plourde,Niles Davis,4.218,44.214,651.047,606.833
2023-10-06,2023 National Championship,MA,Ryan Plourde,Shane Blankenship,4.152,43.550,651.047,607.497
2023-10-06,2023 National Championship,MA,Ryan Plourde,Benjamin Howe,3.300,34.847,651.047,616.200
2023-10-06,2023 National Championship,MA,Ryan Plourde,Alex Reinkordt,2.997,31.723,651.047,619.324
2023-10-06,2023 National Championship,MA,Ryan Plourde,Kevin Schatz,2.754,29.211,651.047,621.836
2023-10-06,2023 National Championship,MA,Ryan Plourde,Valerie Briley,2.069,22.068,651.047,628.979
2023-10-06,2023 National Championship,MA,Ryan Plourde,Joshua Campfield,1.258,13.511,651.047,637.536
2023-10-06,2023 National Championship,MA,Ryan Plourde,Nefty Bloom,0.513,5.545,651.047,645.502
2023-10-06,2023 National Championship,MA,Ryan Plourde,Joshua Mefford,-0.466,-5.072,651.047,656.119
2023-10-06,2023 National Championship,MA,Ryan Plourde,Jess Moeding,-1.828,-20.147,651.047,671.194
2023-10-06,2023 National Championship,MA,Ryan Plourde,Austin Dowda,-2.401,-26.582,651.047,677.629
2023-10-06,2023 National Championship,MA,Ryan Plourde,Kent Hamilton,-3.538,-39.551,651.047,690.598
2023-10-06,2023 National Championship,MA,Ryan Plourde,Blake McIntyre,-4.852,-54.872,651.047,705.919
2023-10-06,2023 National Championship,MA,Ryan Plourde,Chris Delaney,-4.922,-55.694,651.047,706.741
2023-10-06,2023 National Championship,MA,Ryan Plourde,Jonathan Olschewski,-5.248,-59.552,651.047,710.599
2023-10-06,2023 National Championship,MA,Ryan Plourde,James Woodward,-6.293,-72.066,651.047,723.113
2023-10-06,2023 National Championship,MA,Joshua Mefford,Chris Endres,7.365,75.884,656.119,580.235
2023-10-06,2023 National Championship,MA,Joshua Mefford,Todd Briley,6.250,64.967,656.119,591.152
2023-10-06,2023 National Championship,MA,Joshua Mefford,Mark Macoubrie,6.004,62.532,656.119,593.587
2023-10-06,2023 National Championship,MA,Joshua Mefford,Danial Ebling,4.739,49.855,656.119,606.264
2023-10-06,2023 National Championship,MA,Joshua Mefford,Niles Davis,4.683,49.286,656.119,606.833
2023-10-06,2023 National Championship,MA,Joshua Mefford,Shane Blankenship,4.617,48.622,656.119,607.497
2023-10-06,2023 National Championship,MA,Joshua Mefford,Benjamin Howe,3.765,39.919,656.119,616.200
2023-10-06,2023 National Championship,MA,Joshua Mefford,Alex Reinkordt,3.462,36.795,656.119,619.324
2023-10-06,2023 National Championship,MA,Joshua Mefford,Kevin Schatz,3.219,34.283,656.119,621.836
2023-10-06,2023 National Championship,MA,Joshua Mefford,Valerie Briley,2.534,27.140,656.119,628.979
2023-10-06,2023 National Championship,MA,Joshua Mefford,Joshua Campfield,1.724,18.583,656.119,637.536
2023-10-06,2023 National Championship,MA,Joshua Mefford,Nefty Bloom,0.979,10.617,656.119,645.502
2023-10-06,2023 National Championship,MA,Joshua Mefford,Ryan Plourde,0.466,5.072,656.119,651.047
2023-10-06,2023 National Championship,MA,Joshua Mefford,Jess Moeding,-1.363,-15.075,656.119,671.194
2023-10-06,2023 National Championship,MA,Joshua Mefford,Austin Dowda,-1.935,-21.510,656.119,677.629
2023-10-06,2023 National Championship,MA,Joshua Mefford,Kent Hamilton,-3.072,-34.479,656.119,690.598
2023-10-06,2023 National Championship,MA,Joshua Mefford,Blake McIntyre,-4.388,-49.800,656.119,705.919
2023-10-06,2023 National Championship,MA,Joshua Mefford,Chris Delaney,-4.457,-50.622,656.119,706.741
2023-10-06,2023 National Championship,MA,Joshua Mefford,Jonathan Olschewski,-4.783,-54.480,656.119,710.599
2023-10-06,2023 National Championship,MA,Joshua Mefford,James Woodward,-5.829,-66.994,656.119,723.113
2023-10-06,2023 National Championship,MA,Blake McIntyre,Chris Endres,11.726,125.684,705.919,580.235
2023-10-06,2023 National Championship,MA,Blake McIntyre,Todd Briley,10.618,114.767,705.919,591.152
2023-10-06,2023 National Championship,MA,Blake McIntyre,Mark Macoubrie,10.373,112.332,705.919,593.587
2023-10-06,2023 National Championship,MA,Blake McIntyre,Danial Ebling,9.114,99.655,705.919,606.264
2023-10-06,2023 National Championship,MA,Blake McIntyre,Niles Davis,9.058,99.086,705.919,606.833
2023-10-06,2023 National Championship,MA,Blake McIntyre,Shane Blankenship,8.992,98.422,705.919,607.497
2023-10-06,2023 National Championship,MA,Blake McIntyre,Benjamin Howe,8.143,89.719,705.919,616.200
2023-10-06,2023 National Championship,MA,Blake McIntyre,Alex Reinkordt,7.841,86.595,705.919,619.324
2023-10-06,2023 National Championship,MA,Blake McIntyre,Kevin Schatz,7.599,84.083,705.919,621.836
2023-10-06,2023 National Championship,MA,Blake McIntyre,Valerie Briley,6.916,76.940,705.919,628.979
2023-10-06,2023 National Championship,MA,Blake McIntyre,Joshua Campfield,6.108,68.383,705.919,637.536
2023-10-06,2023 National Championship,MA,Blake McIntyre,Nefty Bloom,5.365,60.417,705.919,645.502
2023-10-06,2023 National Championship,MA,Blake McIntyre,Ryan Plourde,4.852,54.872,705.919,651.047
2023-10-06,2023 National Championship,MA,Blake McIntyre,Joshua Mefford,4.388,49.800,705.919,656.119
2023-10-06,2023 National Championship,MA,Blake McIntyre,Jess Moeding,3.026,34.725,705.919,671.194
2023-10-06,2023 National Championship,MA,Blake McIntyre,Austin Dowda,2.454,28.290,705.919,677.629
2023-10-06,2023 National Championship,MA,Blake McIntyre,Kent Hamilton,1.317,15.321,705.919,690.598
2023-10-06,2023 National Championship,MA,Blake McIntyre,Chris Delaney,-0.070,-0.822,705.919,706.741
2023-10-06,2023 National Championship,MA,Blake McIntyre,Jonathan Olschewski,-0.396,-4.680,705.919,710.599
2023-10-06,2023 National Championship,MA,Blake McIntyre,James Woodward,-1.444,-17.194,705.919,723.113
2023-10-06,2023 National Championship,MA,Chris Delaney,Chris Endres,11.796,126.506,706.741,580.235
2023-10-06,2023 National Championship,MA,Chris Delaney,Todd Briley,10.687,115.589,706.741,591.152
2023-10-06,2023 National Championship,MA,Chris Delaney,Mark Macoubrie,10.442,113.154,706.741,593.587
2023-10-06,2023 National Championship,MA,Chris Delaney,Danial Ebling,9.183,100.477,706.741,606.264
2023-10-06,2023 National Championship,MA,Chris Delaney,Niles Davis,9.127,99.908,706.741,606.833
2023-10-06,2023 National Championship,MA,Chris Delaney,Shane Blankenship,9.062,99.244,706.741,607.497
2023-10-06,2023 National Championship,MA,Chris Delaney,Benjamin Howe,8.213,90.541,706.741,616.200
2023-10-06,2023 National Championship,MA,Chris Delaney,Alex Reinkordt,7.911,87.417,706.741,619.324
2023-10-06,2023 National Championship,MA,Chris Delaney,Kevin Schatz,7.669,84.905,706.741,621.836
2023-10-06,2023 National Championship,MA,Chris Delaney,Valerie Briley,6.986,77.762,706.741,628.979
2023-10-06,2023 National Championship,MA,Chris Delaney,Joshua Campfield,6.178,69.205,706.741,637.536
2023-10-06,2023 National Championship,MA,Chris Delaney,Nefty Bloom,5.434,61.239,706.741,645.502
2023-10-06,2023 National Championship,MA,Chris Delaney,Ryan Plourde,4.922,55.694,706.741,651.047
2023-10-06,2023 National Championship,MA,Chris Delaney,Joshua Mefford,4.457,50.622,706.741,656.119
2023-10-06,2023 National Championship,MA,Chris Delaney,Jess Moeding,3.096,35.547,706.741,671.194
2023-10-06,2023 National Championship,MA,Chris Delaney,Austin Dowda,2.523,29.112,706.741,677.629
2023-10-06,2023 National Championship,MA,Chris Delaney,Kent Hamilton,1.386,16.143,706.741,690.598
2023-10-06,2023 National Championship,MA,Chris Delaney,Blake McIntyre,0.070,0.822,706.741,705.919
2023-10-06,2023 National Championship,MA,Chris Delaney,Jonathan Olschewski,-0.327,-3.858,706.741,710.599
2023-10-06,2023 National Championship,MA,Chris Delaney,James Woodward,-1.374,-16.372,706.741,723.113
2024-10-18,2024 National Championships,MA,Chris Delaney,Mark Macoubrie,2.587,30.366,719.364,688.998
2024-10-18,2024 National Championships,MA,Chris Delaney,Warren Elliott,2.557,30.019,719.364,689.345
2024-10-18,2024 National Championships,MA,Chris Delaney,Benjamin Howe,1.255,14.886,719.364,704.478
2024-10-18,2024 National Championships,MA,Chris Delaney,Michael Detota,1.114,13.230,719.364,706.134
2024-10-18,2024 National Championships,MA,Chris Delaney,Aaron Booms,0.912,10.853,719.364,708.511
2024-10-18,2024 National Championships,MA,Chris Delaney,Alan Rodriguez,0.672,8.012,719.364,711.352
2024-10-18,2024 National Championships,MA,Chris Delaney,James Woodward,-0.823,-9.930,719.364,729.294
2023-10-06,2023 National Championship,MA,James Woodward,Chris Endres,13.155,142.878,723.113,580.235
2023-10-06,2023 National Championship,MA,James Woodward,Todd Briley,12.049,131.961,723.113,591.152
2023-10-06,2023 National Championship,MA,James Woodward,Mark Macoubrie,11.805,129.526,723.113,593.587
2023-10-06,2023 National Championship,MA,James Woodward,Danial Ebling,10.548,116.849,723.113,606.264
2023-10-06,2023 National Championship,MA,James Woodward,Niles Davis,10.492,116.280,723.113,606.833
2023-10-06,2023 National Championship,MA,James Woodward,Shane Blankenship,10.427,115.616,723.113,607.497
2023-10-06,2023 National Championship,MA,James Woodward,Benjamin Howe,9.579,106.913,723.113,616.200
2023-10-06,2023 National Championship,MA,James Woodward,Alex Reinkordt,9.278,103.789,723.113,619.324
2023-10-06,2023 National Championship,MA,James Woodward,Kevin Schatz,9.036,101.277,723.113,621.836
2023-10-06,2023 National Championship,MA,James Woodward,Valerie Briley,8.355,94.134,723.113,628.979
2023-10-06,2023 National Championship,MA,James Woodward,Joshua Campfield,7.547,85.577,723.113,637.536
2023-10-06,2023 National Championship,MA,James Woodward,Nefty Bloom,6.805,77.611,723.113,645.502
2023-10-06,2023 National Championship,MA,James Woodward,Ryan Plourde,6.293,72.066,723.113,651.047
2023-10-06,2023 National Championship,MA,James Woodward,Joshua Mefford,5.829,66.994,723.113,656.119
2023-10-06,2023 National Championship,MA,James Woodward,Jess Moeding,4.468,51.919,723.113,671.194
2023-10-06,2023 National Championship,MA,James Woodward,Austin Dowda,3.897,45.484,723.113,677.629
2023-10-06,2023 National Championship,MA,James Woodward,Kent Hamilton,2.760,32.515,723.113,690.598
2023-10-06,2023 National Championship,MA,James Woodward,Blake McIntyre,1.444,17.194,723.113,705.919
2023-10-06,2023 National Championship,MA,James Woodward,Chris Delaney,1.374,16.372,723.113,706.741
2023-10-06,2023 National Championship,MA,James Woodward,Jonathan Olschewski,1.047,12.514,723.113,710.599
2024-10-18,2024 National Championships,MA,James Woodward,Mark Macoubrie,3.409,40.296,729.294,688.998
2024-10-18,2024 National Championships,MA,James Woodward,Warren Elliott,3.379,39.949,729.294,689.345
2024-10-18,2024 National Championships,MA,James Woodward,Benjamin Howe,2.077,24.816,729.294,704.478
2024-10-18,2024 National Championships,MA,James Woodward,Michael Detota,1.936,23.160,729.294,706.134
2024-10-18,2024 National Championships,MA,James Woodward,Aaron Booms,1.735,20.783,729.294,708.511
2024-10-18,2024 National Championships,MA,James Woodward,Alan Rodriguez,1.494,17.942,729.294,711.352
2024-10-18,2024 National Championships,MA,James Woodward,Chris Delaney,0.823,9.930,729.294,719.364
2024-10-18,2024 National Championships,SF,Vincent Dozeman,Donald Carl,1.457,17.356,723.219,705.863
2024-10-18,2024 National Championships,SF,Vincent Dozeman,Tom Harrington,1.238,14.771,723.219,708.448
2024-10-18,2024 National Championships,SF,Vincent Dozeman,Hubert Borowski,1.179,14.072,723.219,709.147
2024-10-18,2024 National Championships,SF,Vincent Dozeman,Shawna Bowman,-0.852,-10.347,723.219,733.566
2024-10-18,2024 National Championships,SF,Vincent Dozeman,Johnny Brewster,-1.430,-17.450,723.219,740.669
2024-10-18,2024 National Championships,SF,Vincent Dozeman,Lee Reynolds,-2.156,-26.459,723.219,749.678
2024-10-18,2024 National Championships,SF,Vincent Dozeman,Samantha Steelman,-2.287,-28.098,723.219,751.317
2024-10-18,2024 National Championships,SF,Vincent Dozeman,Kane Nale,-5.650,-71.463,723.219,794.682
2024-10-18,2024 National Championships,SF,Vincent Dozeman,Chris Crafford,-5.825,-73.800,723.219,797.019
2024-10-18,2024 National Championships,SF,Lee Reynolds,Donald Carl,3.612,43.815,749.678,705.863
2024-10-18,2024 National Championships,SF,Lee Reynolds,Tom Harrington,3.393,41.230,749.678,708.448
2024-10-18,2024 National Championships,SF,Lee Reynolds,Hubert Borowski,3.334,40.531,749.678,709.147
2024-10-18,2024 National Championships,SF,Lee Reynolds,Vincent Dozeman,2.156,26.459,749.678,723.219
2024-10-18,2024 National Championships,SF,Lee Reynolds,Shawna Bowman,1.304,16.112,749.678,733.566
2024-10-18,2024 National Championships,SF,Lee Reynolds,Johnny Brewster,0.725,9.009,749.678,740.669
2024-10-18,2024 National Championships,SF,Lee Reynolds,Samantha Steelman,-0.131,-1.639,749.678,751.317
2024-10-18,2024 National Championships,SF,Lee Reynolds,Kane Nale,-3.497,-45.004,749.678,794.682
2024-10-18,2024 National Championships,SF,Lee Reynolds,Chris Crafford,-3.673,-47.341,749.678,797.019
2024-10-18,2024 National Championships,SF,Samantha Steelman,Donald Carl,3.743,45.454,751.317,705.863
2024-10-18,2024 National Championships,SF,Samantha Steelman,Tom Harrington,3.524,42.869,751.317,708.448
2024-10-18,2024 National Championships,SF,Samantha Steelman,Hubert Borowski,3.465,42.170,751.317,709.147
2024-10-18,2024 National Championships,SF,Samantha Steelman,Vincent Dozeman,2.287,28.098,751.317,723.219
2024-10-18,2024 National Championships,SF,Samantha Steelman,Shawna Bowman,1.435,17.751,751.317,733.566
2024-10-18,2024 National Championships,SF,Samantha Steelman,Johnny Brewster,0.856,10.648,751.317,740.669
2024-10-18,2024 National Championships,SF,Samantha Steelman,Lee Reynolds,0.131,1.639,751.317,749.678
2024-10-18,2024 National Championships,SF,Samantha Steelman,Kane Nale,-3.366,-43.365,751.317,794.682
2024-10-18,2024 National Championships,SF,Samantha Steelman,Chris Crafford,-3.542,-45.702,751.317,797.019
2024-10-18,2024 National Championships,SF,Chris Crafford,Donald Carl,7.278,91.156,797.019,705.863
2024-10-18,2024 National Championships,SF,Chris Crafford,Tom Harrington,7.060,88.571,797.019,708.448
2024-10-18,2024 National Championships,SF,Chris Crafford,Hubert Borowski,7.001,87.872,797.019,709.147
2024-10-18,2024 National Championships,SF,Chris Crafford,Vincent Dozeman,5.825,73.800,797.019,723.219
2024-10-18,2024 National Championships,SF,Chris Crafford,Shawna Bowman,4.975,63.453,797.019,733.566
2024-10-18,2024 National Championships,SF,Chris Crafford,Johnny Brewster,4.398,56.350,797.019,740.669
2024-10-18,2024 National Championships,SF,Chris Crafford,Lee Reynolds,3.673,47.341,797.019,749.678
2024-10-18,2024 National Championships,SF,Chris Crafford,Samantha Steelman,3.542,45.702,797.019,751.317
2024-10-18,2024 National Championships,SF,Chris Crafford,Kane Nale,0.176,2.337,797.019,794.682
2024-10-18,2024 National Championships,SR,Ceili Mcclarney,Logan Altmyer,7.891,101.338,821.157,719.819
2024-10-18,2024 National Championships,SR,Ceili Mcclarney,Josh Armantrout,7.524,96.901,821.157,724.256
2024-10-18,2024 National Championships,SR,Ceili Mcclarney,Michael Golden,7.521,96.860,821.157,724.297
2024-10-18,2024 National Championships,SR,Ceili Mcclarney,Adam Raymer,7.116,91.932,821.157,729.225
2024-10-18,2024 National Championships,SR,Ceili Mcclarney,Jason Stewart,6.787,87.915,821.157,733.242
2024-10-18,2024 National Championships,SR,Ceili Mcclarney,James Green,6.485,84.202,821.157,736.955
2024-10-18,2024 National Championships,SR,Ceili Mcclarney,Jared Phillippe,6.198,80.655,821.157,740.502
2024-10-18,2024 National Championships,SR,Ceili Mcclarney,Trevor Phillippe,6.175,80.369,821.157,740.788
2024-10-18,2024 National Championships,SR,Ceili Mcclarney,Jasmine McClarney,-0.221,-3.035,821.157,824.192
2024-10-18,2024 National Championships,SR,Ceili Mcclarney,Keith Lightfoot,-1.914,-26.624,821.157,847.781
2024-10-18,2024 National Championships,SA,Ryan Finch,Shelton Wright,3.904,45.665,724.600,678.935
2024-10-18,2024 National Championships,SA,Ryan Finch,Timothy Thompson,3.407,40.008,724.600,684.592
2024-10-18,2024 National Championships,SA,Ryan Finch,Jan Gerber,3.225,37.927,724.600,686.673
2024-10-18,2024 National Championships,SA,Ryan Finch,Charles Wright,2.868,33.822,724.600,690.778
2024-10-18,2024 National Championships,SA,Ryan Finch,Robert Seelig,1.749,20.820,724.600,703.780
2024-10-18,2024 National Championships,SA,Ryan Finch,Charles Krampert,-1.635,-20.021,724.600,744.621
2024-10-18,2024 National Championships,SA,Ryan Finch,Steve Ducharme,-2.943,-36.436,724.600,761.036
2024-10-18,2024 National Championships,SA,Charles Krampert,Shelton Wright,5.537,65.686,744.621,678.935
2024-10-18,2024 National Championships,SA,Charles Krampert,Timothy Thompson,5.040,60.029,744.621,684.592
2024-10-18,2024 National Championships,SA,Charles Krampert,Jan Gerber,4.858,57.948,744.621,686.673
2024-10-18,2024 National Championships,SA,Charles Krampert,Charles Wright,4.501,53.843,744.621,690.778
2024-10-18,2024 National Championships,SA,Charles Krampert,Robert Seelig,3.384,40.841,744.621,703.780
2024-10-18,2024 National Championships,SA,Charles Krampert,Ryan Finch,1.635,20.021,744.621,724.600
2024-10-18,2024 National Championships,SA,Charles Krampert,Steve Ducharme,-1.308,-16.415,744.621,761.036
2024-10-18,2024 National Championships,PF,Peter Dozeman,Jason Fuller,3.272,38.971,734.048,695.077
2024-10-18,2024 National Championships,PF,Peter Dozeman,Christian Retterer,1.664,20.074,734.048,713.974
2024-10-18,2024 National Championships,PF,Peter Dozeman,David Capesius,1.352,16.356,734.048,717.692
2024-10-18,2024 National Championships,PF,Peter Dozeman,Edwin Cunill,0.757,9.208,734.048,724.840
2024-10-18,2024 National Championships,PF,Peter Dozeman,Bradley Kropp,-1.252,-15.477,734.048,749.525
2024-10-18,2024 National Championships,PF,Peter Dozeman,Bryan Tippens,-2.699,-33.776,734.048,767.824
2024-10-18,2024 National Championships,PF,Bryan Tippens,Jason Fuller,5.967,72.747,767.824,695.077
2024-10-18,2024 National Championships,PF,Bryan Tippens,Christian Retterer,4.361,53.850,767.824,713.974
2024-10-18,2024 National Championships,PF,Bryan Tippens,David Capesius,4.050,50.132,767.824,717.692
2024-10-18,2024 National Championships,PF,Bryan Tippens,Edwin Cunill,3.456,42.984,767.824,724.840
2024-10-18,2024 National Championships,PF,Bryan Tippens,Peter Dozeman,2.699,33.776,767.824,734.048
2024-10-18,2024 National Championships,PF,Bryan Tippens,Bradley Kropp,1.447,18.299,767.824,749.525
2024-10-18,2024 National Championships,PR,Joshua Mefford,Shawn Roberts,2.657,31.212,720.312,689.100
2024-10-18,2024 National Championships,PR,Joshua Mefford,Niles Davis,1.544,18.297,720.312,702.015
2024-10-18,2024 National Championships,PR,Joshua Mefford,Gonzalo San Miguel,-0.630,-7.606,720.312,727.918
2024-10-18,2024 National Championships,PR,Joshua Mefford,Jeremiah Hemphill,-0.722,-8.718,720.312,729.030
2024-10-18,2024 National Championships,PR,Joshua Mefford,Jason Lee,-1.628,-19.810,720.312,740.122
2024-10-18,2024 National Championships,PR,Joshua Mefford,Katie Orgler,-2.460,-30.152,720.312,750.464
2024-10-18,2024 National Championships,PR,Joshua Mefford,Pete Remner,-2.785,-34.229,720.312,754.541
2024-10-18,2024 National Championships,PR,Joshua Mefford,Casey Tolbert,-3.480,-43.028,720.312,763.340
2024-10-18,2024 National Championships,PR,Joshua Mefford,Rudy Bowen,-4.216,-52.463,720.312,772.775
2024-10-18,2024 National Championships,PR,Joshua Mefford,William Watson,-4.874,-60.988,720.312,781.300
2024-10-18,2024 National Championships,PR,Joshua Mefford,Chris Johnson,-6.066,-76.706,720.312,797.018
2024-10-18,2024 National Championships,PR,Joshua Mefford,Ben Guiraldes,-6.222,-78.775,720.312,799.087
2024-10-18,2024 National Championships,PR,Joshua Mefford,Chris Raglin,-8.609,-111.344,720.312,831.656
2024-10-18,2024 National Championships,PR,Joshua Mefford,Karissa Peel,-12.945,-174.205,720.312,894.517
2024-10-18,2024 National Championships,PR,Jason Lee,Shawn Roberts,4.284,51.022,740.122,689.100
2024-10-18,2024 National Championships,PR,Jason Lee,Niles Davis,3.171,38.107,740.122,702.015
2024-10-18,2024 National Championships,PR,Jason Lee,Joshua Mefford,1.628,19.810,740.122,720.312
2024-10-18,2024 National Championships,PR,Jason Lee,Gonzalo San Miguel,0.998,12.204,740.122,727.918
2024-10-18,2024 National Championships,PR,Jason Lee,Jeremiah Hemphill,0.906,11.092,740.122,729.030
2024-10-18,2024 National Championships,PR,Jason Lee,Katie Orgler,-0.833,-10.342,740.122,750.464
2024-10-18,2024 National Championships,PR,Jason Lee,Pete Remner,-1.158,-14.419,740.122,754.541
2024-10-18,2024 National Championships,PR,Jason Lee,Casey Tolbert,-1.853,-23.218,740.122,763.340
2024-10-18,2024 National Championships,PR,Jason Lee,Rudy Bowen,-2.590,-32.653,740.122,772.775
2024-10-18,2024 National Championships,PR,Jason Lee,William Watson,-3.248,-41.178,740.122,781.300
2024-10-18,2024 National Championships,PR,Jason Lee,Chris Johnson,-4.442,-56.896,740.122,797.018
2024-10-18,2024 National Championships,PR,Jason Lee,Ben Guiraldes,-4.597,-58.965,740.122,799.087
2024-10-18,2024 National Championships,PR,Jason Lee,Chris Raglin,-6.988,-91.534,740.122,831.656
2024-10-18,2024 National Championships,PR,Jason Lee,Karissa Peel,-11.334,-154.395,740.122,894.517
2024-10-18,2024 National Championships,PR,William Watson,Shawn Roberts,7.524,92.200,781.300,689.100
2024-10-18,2024 National Championships,PR,William Watson,Niles Davis,6.414,79.285,781.300,702.015
2024-10-18,2024 National Championships,PR,William Watson,Joshua Mefford,4.874,60.988,781.300,720.312
2024-10-18,2024 National Championships,PR,William Watson,Gonzalo San Miguel,4.244,53.382,781.300,727.918
2024-10-18,2024 National Championships,PR,William Watson,Jeremiah Hemphill,4.153,52.270,781.300,729.030
2024-10-18,2024 National Championships,PR,William Watson,Jason Lee,3.248,41.178,781.300,740.122
2024-10-18,2024 National Championships,PR,William Watson,Katie Orgler,2.416,30.836,781.300,750.464
2024-10-18,2024 National Championships,PR,William Watson,Pete Remner,2.091,26.759,781.300,754.541
2024-10-18,2024 National Championships,PR,William Watson,Casey Tolbert,1.395,17.960,781.300,763.340
2024-10-18,2024 National Championships,PR,William Watson,Rudy Bowen,0.658,8.525,781.300,772.775
2024-10-18,2024 National Championships,PR,William Watson,Chris Johnson,-1.195,-15.718,781.300,797.018
2024-10-18,2024 National Championships,PR,William Watson,Ben Guiraldes,-1.351,-17.787,781.300,799.087
2024-10-18,2024 National Championships,PR,William Watson,Chris Raglin,-3.746,-50.356,781.300,831.656
2024-10-18,2024 National Championships,PR,William Watson,Karissa Peel,-8.107,-113.217,781.300,894.517
2024-10-18,2024 National Championships,PR,Chris Johnson,Shawn Roberts,8.714,107.918,797.018,689.100
2024-10-18,2024 National Championships,PR,Chris Johnson,Niles Davis,7.605,95.003,797.018,702.015
2024-10-18,2024 National Championships,PR,Chris Johnson,Joshua Mefford,6.066,76.706,797.018,720.312
2024-10-18,2024 National Championships,PR,Chris Johnson,Gonzalo San Miguel,5.438,69.100,797.018,727.918
2024-10-18,2024 National Championships,PR,Chris Johnson,Jeremiah Hemphill,5.346,67.988,797.018,729.030
2024-10-18,2024 National Championships,PR,Chris Johnson,Jason Lee,4.442,56.896,797.018,740.122
2024-10-18,2024 National Championships,PR,Chris Johnson,Katie Orgler,3.610,46.554,797.018,750.464
2024-10-18,2024 National Championships,PR,Chris Johnson,Pete Remner,3.285,42.477,797.018,754.541
2024-10-18,2024 National Championships,PR,Chris Johnson,Casey Tolbert,2.590,33.678,797.018,763.340
2024-10-18,2024 National Championships,PR,Chris Johnson,Rudy Bowen,1.853,24.243,797.018,772.775
2024-10-18,2024 National Championships,PR,Chris Johnson,William Watson,1.195,15.718,797.018,781.300
2024-10-18,2024 National Championships,PR,Chris Johnson,Ben Guiraldes,-0.156,-2.069,797.018,799.087
2024-10-18,2024 National Championships,PR,Chris Johnson,Chris Raglin,-2.552,-34.638,797.018,831.656
2024-10-18,2024 National Championships,PR,Chris Johnson,Karissa Peel,-6.917,-97.499,797.018,894.517
2024-10-18,2024 National Championships,PR,Chris Raglin,Shawn Roberts,11.249,142.556,831.656,689.100
2024-10-18,2024 National Championships,PR,Chris Raglin,Niles Davis,10.144,129.641,831.656,702.015
2024-10-18,2024 National Championships,PR,Chris Raglin,Joshua Mefford,8.609,111.344,831.656,720.312
2024-10-18,2024 National Championships,PR,Chris Raglin,Gonzalo San Miguel,7.982,103.738,831.656,727.918
2024-10-18,2024 National Championships,PR,Chris Raglin,Jeremiah Hemphill,7.891,102.626,831.656,729.030
2024-10-18,2024 National Championships,PR,Chris Raglin,Jason Lee,6.988,91.534,831.656,740.122
2024-10-18,2024 National Championships,PR,Chris Raglin,Katie Orgler,6.158,81.192,831.656,750.464
2024-10-18,2024 National Championships,PR,Chris Raglin,Pete Remner,5.834,77.115,831.656,754.541
2024-10-18,2024 National Championships,PR,Chris Raglin,Casey Tolbert,5.140,68.316,831.656,763.340
2024-10-18,2024 National Championships,PR,Chris Raglin,Rudy Bowen,4.404,58.881,831.656,772.775
2024-10-18,2024 National Championships,PR,Chris Raglin,William Watson,3.746,50.356,831.656,781.300
2024-10-18,2024 National Championships,PR,Chris Raglin,Chris Johnson,2.552,34.638,831.656,797.018
2024-10-18,2024 National Championships,PR,Chris Raglin,Ben Guiraldes,2.397,32.569,831.656,799.087
2024-10-18,2024 National Championships,PR,Chris Raglin,Karissa Peel,-4.370,-62.861,831.656,894.517
2024-10-18,2024 National Championships,PR,Karissa Peel,Shawn Roberts,15.566,205.417,894.517,689.100
2024-10-18,2024 National Championships,PR,Karissa Peel,Niles Davis,14.469,192.502,894.517,702.015
2024-10-18,2024 National Championships,PR,Karissa Peel,Joshua Mefford,12.945,174.205,894.517,720.312
2024-10-18,2024 National Championships,PR,Karissa Peel,Gonzalo San Miguel,12.322,166.599,894.517,727.918
2024-10-18,2024 National Championships,PR,Karissa Peel,Jeremiah Hemphill,12.232,165.487,894.517,729.030
2024-10-18,2024 National Championships,PR,Karissa Peel,Jason Lee,11.334,154.395,894.517,740.122
2024-10-18,2024 National Championships,PR,Karissa Peel,Katie Orgler,10.509,144.053,894.517,750.464
2024-10-18,2024 National Championships,PR,Karissa Peel,Pete Remner,10.186,139.976,894.517,754.541
2024-10-18,2024 National Championships,PR,Karissa Peel,Casey Tolbert,9.495,131.177,894.517,763.340
2024-10-18,2024 National Championships,PR,Karissa Peel,Rudy Bowen,8.762,121.742,894.517,772.775
2024-10-18,2024 National Championships,PR,Karissa Peel,William Watson,8.107,113.217,894.517,781.300
2024-10-18,2024 National Championships,PR,Karissa Peel,Chris Johnson,6.917,97.499,894.517,797.018
2024-10-18,2024 National Championships,PR,Karissa Peel,Ben Guiraldes,6.762,95.430,894.517,799.087
2024-10-18,2024 National Championships,PR,Karissa Peel,Chris Raglin,4.370,62.861,894.517,831.656
2024-10-18,2024 National Championships,PA,John Joyce,Mark Hill,2.963,34.919,724.622,689.703
2024-10-18,2024 National Championships,PA,John Joyce,Casey Hamm,0.205,2.469,724.622,722.153
2024-10-18,2024 National Championships,PA,John Joyce,Harold Denham,-0.249,-3.012,724.622,727.634
2024-10-18,2024 National Championships,PA,John Joyce,Patrick Marcum,-0.923,-11.238,724.622,735.860
2024-10-18,2024 National Championships,PA,John Joyce,Tristan Washburn,-3.374,-41.928,724.622,766.550
2024-10-18,2024 National Championships,PA,Harold Denham,Mark Hill,3.211,37.931,727.634,689.703
2024-10-18,2024 National Championships,PA,Harold Denham,Casey Hamm,0.454,5.481,727.634,722.153
2024-10-18,2024 National Championships,PA,Harold Denham,John Joyce,0.249,3.012,727.634,724.622
2024-10-18,2024 National Championships,PA,Harold Denham,Patrick Marcum,-0.674,-8.226,727.634,735.860
2024-10-18,2024 National Championships,PA,Harold Denham,Tristan Washburn,-3.125,-38.916,727.634,766.550
2024-10-18,2024 National Championships,PA,Tristan Washburn,Mark Hill,6.332,76.847,766.550,689.703
2024-10-18,2024 National Championships,PA,Tristan Washburn,Casey Hamm,3.579,44.397,766.550,722.153
2024-10-18,2024 National Championships,PA,Tristan Washburn,John Joyce,3.374,41.928,766.550,724.622
2024-10-18,2024 National Championships,PA,Tristan Washburn,Harold Denham,3.125,38.916,766.550,727.634
2024-10-18,2024 National Championships,PA,Tristan Washburn,Patrick Marcum,2.451,30.690,766.550,735.860
2024-10-18,2024 National Championships,MF,Jim Rowland,Andy Thomas,2.584,30.099,714.076,683.977
2024-10-18,2024 National Championships,MF,Jim Rowland,Zbigniew Lorenc,2.443,28.500,714.076,685.576
2024-10-18,2024 National Championships,MF,Jim Rowland,Blanton Payne,2.234,26.105,714.076,687.971
2024-10-18,2024 National Championships,MF,Jim Rowland,Jarrod Barlow,1.111,13.099,714.076,700.977
2024-10-18,2024 National Championships,MF,Jim Rowland,Colin Kilby,0.685,8.108,714.076,705.968
2024-10-18,2024 National Championships,MF,Jim Rowland,Justin Harris,0.352,4.181,714.076,709.895
2024-10-18,2024 National Championships,MF,Jim Rowland,Brian Peel,0.293,3.482,714.076,710.594
2024-10-18,2024 National Championships,MF,Jim Rowland,Bret Hunter,0.078,0.932,714.076,713.144
2024-10-18,2024 National Championships,MF,Jim Rowland,John Schellenberg,-1.327,-15.964,714.076,730.040
2024-10-18,2024 National Championships,MF,Jim Rowland,Logan Dehne,-1.344,-16.172,714.076,730.248
2024-10-18,2024 National Championships,MF,Jim Rowland,William Dehne,-2.752,-33.523,714.076,747.599
2024-10-18,2024 National Championships,MF,Jim Rowland,Jerry Ashmore,-3.249,-39.743,714.076,753.819
2024-10-18,2024 National Championships,MF,Jim Rowland,Josh Karczewski,-3.776,-46.400,714.076,760.476
2024-10-18,2024 National Championships,MF,Jim Rowland,Pete Bates,-6.312,-79.290,714.076,793.366
2024-10-18,2024 National Championships,MF,Jim Rowland,Alan Hoppe Jr,-10.115,-131.464,714.076,845.540
2024-10-18,2024 National Championships,MF,Jim Rowland,Alan Hoppe,-10.476,-136.601,714.076,850.677
2024-10-18,2024 National Championships,MF,Alan Hoppe Jr,Andy Thomas,12.676,161.563,845.540,683.977
2024-10-18,2024 National Championships,MF,Alan Hoppe Jr,Zbigniew Lorenc,12.537,159.964,845.540,685.576
2024-10-18,2024 National Championships,MF,Alan Hoppe Jr,Blanton Payne,12.330,157.569,845.540,687.971
2024-10-18,2024 National Championships,MF,Alan Hoppe Jr,Jarrod Barlow,11.217,144.563,845.540,700.977
2024-10-18,2024 National Championships,MF,Alan Hoppe Jr,Colin Kilby,10.795,139.572,845.540,705.968
2024-10-18,2024 National Championships,MF,Alan Hoppe Jr,Justin Harris,10.465,135.645,845.540,709.895
2024-10-18,2024 National Championships,MF,Alan Hoppe Jr,Brian Peel,10.406,134.946,845.540,710.594
2024-10-18,2024 National Championships,MF,Alan Hoppe Jr,Bret Hunter,10.193,132.396,845.540,713.144
2024-10-18,2024 National Championships,MF,Alan Hoppe Jr,Jim Rowland,10.115,131.464,845.540,714.076
2024-10-18,2024 National Championships,MF,Alan Hoppe Jr,John Schellenberg,8.797,115.500,845.540,730.040
2024-10-18,2024 National Championships,MF,Alan Hoppe Jr,Logan Dehne,8.780,115.292,845.540,730.248
2024-10-18,2024 National Championships,MF,Alan Hoppe Jr,William Dehne,7.377,97.941,845.540,747.599
2024-10-18,2024 National Championships,MF,Alan Hoppe Jr,Jerry Ashmore,6.882,91.721,845.540,753.819
2024-10-18,2024 National Championships,MF,Alan Hoppe Jr,Josh Karczewski,6.356,85.064,845.540,760.476
2024-10-18,2024 National Championships,MF,Alan Hoppe Jr,Pete Bates,3.820,52.174,845.540,793.366
2024-10-18,2024 National Championships,MF,Alan Hoppe Jr,Alan Hoppe,-0.363,-5.137,845.540,850.677
2024-10-18,2024 National Championships,MF,Alan Hoppe,Andy Thomas,13.035,166.700,850.677,683.977
2024-10-18,2024 National Championships,MF,Alan Hoppe,Zbigniew Lorenc,12.896,165.101,850.677,685.576
2024-10-18,2024 National Championships,MF,Alan Hoppe,Blanton Payne,12.690,162.706,850.677,687.971
2024-10-18,2024 National Championships,MF,Alan Hoppe,Jarrod Barlow,11.577,149.700,850.677,700.977
2024-10-18,2024 National Championships,MF,Alan Hoppe,Colin Kilby,11.155,144.709,850.677,705.968
2024-10-18,2024 National Championships,MF,Alan Hoppe,Justin Harris,10.825,140.782,850.677,709.895
2024-10-18,2024 National Championships,MF,Alan Hoppe,Brian Peel,10.767,140.083,850.677,710.594
2024-10-18,2024 National Championships,MF,Alan Hoppe,Bret Hunter,10.554,137.533,850.677,713.144
2024-10-18,2024 National Championships,MF,Alan Hoppe,Jim Rowland,10.476,136.601,850.677,714.076
2024-10-18,2024 National Championships,MF,Alan Hoppe,John Schellenberg,9.158,120.637,850.677,730.040
2024-10-18,2024 National Championships,MF,Alan Hoppe,Logan Dehne,9.141,120.429,850.677,730.248
2024-10-18,2024 National Championships,MF,Alan Hoppe,William Dehne,7.739,103.078,850.677,747.599
2024-10-18,2024 National Championships,MF,Alan Hoppe,Jerry Ashmore,7.244,96.858,850.677,753.819
2024-10-18,2024 National Championships,MF,Alan Hoppe,Josh Karczewski,6.718,90.201,850.677,760.476
2024-10-18,2024 National Championships,MF,Alan Hoppe,Pete Bates,4.183,57.311,850.677,793.366
2024-10-18,2024 National Championships,MF,Alan Hoppe,Alan Hoppe Jr,0.363,5.137,850.677,845.540
2024-10-18,2024 National Championships,MR,Tyler Burchett,Leon Drake,3.471,42.656,758.682,716.026
2024-10-18,2024 National Championships,MR,Tyler Burchett,Vaughn Micciche,3.053,37.641,758.682,721.041
2024-10-18,2024 National Championships,MR,Tyler Burchett,Doug Leibman,0.262,3.306,758.682,755.376
2024-10-18,2024 National Championships,MR,Tyler Burchett,Robert Bob White,-0.248,-3.137,758.682,761.819
2024-10-18,2024 National Championships,MR,Tyler Burchett,Austin Walton,-0.722,-9.188,758.682,767.870
2024-10-18,2024 National Championships,MR,Tyler Burchett,Steve Cerqueira,-1.324,-16.933,758.682,775.615
2024-10-18,2024 National Championships,MR,Tyler Burchett,Kent Hamilton,-1.508,-19.316,758.682,777.998
2024-10-18,2024 National Championships,MR,Tyler Burchett,Meagan Cerqueira,-3.608,-47.041,758.682,805.723
2024-10-18,2024 National Championships,MR,Tyler Burchett,Ashley Roper,-3.656,-47.684,758.682,806.366
2024-10-18,2024 National Championships,MR,Tyler Burchett,Chris Endres,-4.547,-59.757,758.682,818.439
2024-10-18,2024 National Championships,MR,Robert Bob White,Leon Drake,3.718,45.793,761.819,716.026
2024-10-18,2024 National Championships,MR,Robert Bob White,Vaughn Micciche,3.300,40.778,761.819,721.041
2024-10-18,2024 National Championships,MR,Robert Bob White,Doug Leibman,0.510,6.443,761.819,755.376
2024-10-18,2024 National Championships,MR,Robert Bob White,Tyler Burchett,0.248,3.137,761.819,758.682
2024-10-18,2024 National Championships,MR,Robert Bob White,Austin Walton,-0.475,-6.051,761.819,767.870
2024-10-18,2024 National Championships,MR,Robert Bob White,Steve Cerqueira,-1.077,-13.796,761.819,775.615
2024-10-18,2024 National Championships,MR,Robert Bob White,Kent Hamilton,-1.261,-16.179,761.819,777.998
2024-10-18,2024 National Championships,MR,Robert Bob White,Meagan Cerqueira,-3.361,-43.904,761.819,805.723
2024-10-18,2024 National Championships,MR,Robert Bob White,Ashley Roper,-3.409,-44.547,761.819,806.366
2024-10-18,2024 National Championships,MR,Robert Bob White,Chris Endres,-4.300,-56.620,761.819,818.439
2024-10-18,2024 National Championships,MR,Austin Walton,Leon Drake,4.193,51.844,767.870,716.026
2024-10-18,2024 National Championships,MR,Austin Walton,Vaughn Micciche,3.774,46.829,767.870,721.041
2024-10-18,2024 National Championships,MR,Austin Walton,Doug Leibman,0.984,12.494,767.870,755.376
2024-10-18,2024 National Championships,MR,Austin Walton,Tyler Burchett,0.722,9.188,767.870,758.682
2024-10-18,2024 National Championships,MR,Austin Walton,Robert Bob White,0.475,6.051,767.870,761.819
2024-10-18,2024 National Championships,MR,Austin Walton,Steve Cerqueira,-0.602,-7.745,767.870,775.615
2024-10-18,2024 National Championships,MR,Austin Walton,Kent Hamilton,-0.786,-10.128,767.870,777.998
2024-10-18,2024 National Championships,MR,Austin Walton,Meagan Cerqueira,-2.887,-37.853,767.870,805.723
2024-10-18,2024 National Championships,MR,Austin Walton,Ashley Roper,-2.934,-38.496,767.870,806.366
2024-10-18,2024 National Championships,MR,Austin Walton,Chris Endres,-3.825,-50.569,767.870,818.439
2024-10-18,2024 National Championships,MR,Steve Cerqueira,Leon Drake,4.794,59.589,775.615,716.026
2024-10-18,2024 National Championships,MR,Steve Cerqueira,Vaughn Micciche,4.376,54.574,775.615,721.041
2024-10-18,2024 National Championships,MR,Steve Cerqueira,Doug Leibman,1.586,20.239,775.615,755.376
2024-10-18,2024 National Championships,MR,Steve Cerqueira,Tyler Burchett,1.324,16.933,775.615,758.682
2024-10-18,2024 National Championships,MR,Steve Cerqueira,Robert Bob White,1.077,13.796,775.615,761.819
2024-10-18,2024 National Championships,MR,Steve Cerqueira,Austin Walton,0.602,7.745,775.615,767.870
2024-10-18,2024 National Championships,MR,Steve Cerqueira,Kent Hamilton,-0.184,-2.383,775.615,777.998
2024-10-18,2024 National Championships,MR,Steve Cerqueira,Meagan Cerqueira,-2.285,-30.108,775.615,805.723
2024-10-18,2024 National Championships,MR,Steve Cerqueira,Ashley Roper,-2.333,-30.751,775.615,806.366
2024-10-18,2024 National Championships,MR,Steve Cerqueira,Chris Endres,-3.224,-42.824,775.615,818.439
2024-10-18,2024 National Championships,MR,Meagan Cerqueira,Leon Drake,7.073,89.697,805.723,716.026
2024-10-18,2024 National Championships,MR,Meagan Cerqueira,Vaughn Micciche,6.656,84.682,805.723,721.041
2024-10-18,2024 National Championships,MR,Meagan Cerqueira,Doug Leibman,3.870,50.347,805.723,755.376
2024-10-18,2024 National Championships,MR,Meagan Cerqueira,Tyler Burchett,3.608,47.041,805.723,758.682
2024-10-18,2024 National Championships,MR,Meagan Cerqueira,Robert Bob White,3.361,43.904,805.723,761.819
2024-10-18,2024 National Championships,MR,Meagan Cerqueira,Austin Walton,2.887,37.853,805.723,767.870
2024-10-18,2024 National Championships,MR,Meagan Cerqueira,Steve Cerqueira,2.285,30.108,805.723,775.615
2024-10-18,2024 National Championships,MR,Meagan Cerqueira,Kent Hamilton,2.101,27.725,805.723,777.998
2024-10-18,2024 National Championships,MR,Meagan Cerqueira,Ashley Roper,-0.048,-0.643,805.723,806.366
2024-10-18,2024 National Championships,MR,Meagan Cerqueira,Chris Endres,-0.940,-12.716,805.723,818.439
2024-10-18,2024 National Championships,MR,Ashley Roper,Leon Drake,7.121,90.340,806.366,716.026
2024-10-18,2024 National Championships,MR,Ashley Roper,Vaughn Micciche,6.704,85.325,806.366,721.041
2024-10-18,2024 National Championships,MR,Ashley Roper,Doug Leibman,3.918,50.990,806.366,755.376
2024-10-18,2024 National Championships,MR,Ashley Roper,Tyler Burchett,3.656,47.684,806.366,758.682
2024-10-18,2024 National Championships,MR,Ashley Roper,Robert Bob White,3.409,44.547,806.366,761.819
2024-10-18,2024 National Championships,MR,Ashley Roper,Austin Walton,2.934,38.496,806.366,767.870
2024-10-18,2024 National Championships,MR,Ashley Roper,Steve Cerqueira,2.333,30.751,806.366,775.615
2024-10-18,2024 National Championships,MR,Ashley Roper,Kent Hamilton,2.149,28.368,806.366,777.998
2024-10-18,2024 National Championships,MR,Ashley Roper,Meagan Cerqueira,0.048,0.643,806.366,805.723
2024-10-18,2024 National Championships,MR,Ashley Roper,Chris Endres,-0.892,-12.073,806.366,818.439
2024-10-18,2024 National Championships,MA,Michael Detota,Mark Macoubrie,1.474,17.136,706.134,688.998
2024-10-18,2024 National Championships,MA,Michael Detota,Warren Elliott,1.444,16.789,706.134,689.345
2024-10-18,2024 National Championships,MA,Michael Detota,Benjamin Howe,0.141,1.656,706.134,704.478
2024-10-18,2024 National Championships,MA,Michael Detota,Aaron Booms,-0.202,-2.377,706.134,708.511
2024-10-18,2024 National Championships,MA,Michael Detota,Alan Rodriguez,-0.442,-5.218,706.134,711.352
2024-10-18,2024 National Championships,MA,Michael Detota,Chris Delaney,-1.114,-13.230,706.134,719.364
2024-10-18,2024 National Championships,MA,Michael Detota,James Woodward,-1.936,-23.160,706.134,729.294
2024-10-18,2024 National Championships,US,Andrew Suprenant,Ed Trudeau,-0.798,-9.258,691.404,700.662
2024-10-18,2024 National Championships,US,Andrew Suprenant,Stephen Parsons,-1.661,-19.404,691.404,710.808
2024-10-18,2024 National Championships,UM,Logan Johnson,Jonathan Coatney,1.001,11.749,709.831,698.082
2024-10-18,2024 National Championships,UM,Logan Johnson,Rogerio Balbino,0.368,4.341,709.831,705.490
2024-10-18,2024 National Championships,UM,Logan Johnson,Dane Christensen,-1.228,-14.682,709.831,724.513
2024-10-18,2024 National Championships,UM,Dane Christensen,Jonathan Coatney,2.230,26.431,724.513,698.082
2024-10-18,2024 National Championships,UM,Dane Christensen,Rogerio Balbino,1.596,19.023,724.513,705.490
2024-10-18,2024 National Championships,UM,Dane Christensen,Logan Johnson,1.228,14.682,724.513,709.831
